# Blender v2.79 (sub 0) OBJ File: 'Table.blend'
# www.blender.org
mtllib Table.mtl
o Sphere.000_Sphere.002
v 2.140549 0.676073 -3.651634
v 2.140549 0.689563 -3.668072
v 2.140549 0.699588 -3.686826
v 2.140549 0.705761 -3.707175
v 2.140549 0.707845 -3.728338
v 2.140549 0.705761 -3.749500
v 2.140549 0.699588 -3.769850
v 2.140549 0.689563 -3.788604
v 2.140549 0.676073 -3.805042
v 2.140549 0.659635 -3.818532
v 2.156435 0.637721 -3.628119
v 2.163611 0.655048 -3.638144
v 2.169902 0.670234 -3.651634
v 2.175065 0.682698 -3.668072
v 2.178901 0.691959 -3.686826
v 2.181263 0.697662 -3.707175
v 2.182060 0.699588 -3.728338
v 2.181263 0.697662 -3.749500
v 2.178901 0.691959 -3.769850
v 2.175065 0.682698 -3.788604
v 2.169902 0.670234 -3.805042
v 2.163611 0.655048 -3.818532
v 2.169902 0.628723 -3.628119
v 2.183163 0.641984 -3.638144
v 2.194787 0.653607 -3.651634
v 2.204326 0.663146 -3.668072
v 2.211414 0.670234 -3.686826
v 2.215779 0.674599 -3.707175
v 2.217252 0.676073 -3.728338
v 2.215779 0.674599 -3.749500
v 2.211414 0.670234 -3.769850
v 2.204326 0.663146 -3.788604
v 2.194787 0.653607 -3.805042
v 2.183163 0.641984 -3.818532
v 2.178901 0.615255 -3.628119
v 2.196227 0.622432 -3.638144
v 2.211414 0.628723 -3.651634
v 2.223877 0.633885 -3.668072
v 2.233139 0.637721 -3.686826
v 2.238842 0.640083 -3.707175
v 2.240767 0.640881 -3.728338
v 2.238842 0.640083 -3.749500
v 2.233139 0.637721 -3.769850
v 2.223877 0.633885 -3.788604
v 2.211414 0.628723 -3.805042
v 2.196227 0.622432 -3.818532
v 2.182060 0.599369 -3.628119
v 2.200814 0.599369 -3.638144
v 2.217252 0.599369 -3.651634
v 2.230743 0.599369 -3.668072
v 2.240767 0.599369 -3.686826
v 2.246940 0.599369 -3.707175
v 2.249024 0.599369 -3.728338
v 2.246940 0.599369 -3.749500
v 2.240767 0.599369 -3.769850
v 2.230743 0.599369 -3.788604
v 2.217252 0.599369 -3.805042
v 2.200814 0.599369 -3.818532
v 2.178901 0.583483 -3.628119
v 2.196227 0.576307 -3.638144
v 2.211414 0.570016 -3.651634
v 2.223877 0.564853 -3.668072
v 2.233139 0.561017 -3.686826
v 2.238842 0.558655 -3.707175
v 2.240767 0.557857 -3.728338
v 2.238842 0.558655 -3.749500
v 2.233138 0.561017 -3.769850
v 2.223877 0.564853 -3.788604
v 2.211414 0.570016 -3.805042
v 2.196227 0.576307 -3.818532
v 2.169902 0.570016 -3.628119
v 2.183163 0.556755 -3.638144
v 2.194787 0.545131 -3.651634
v 2.204326 0.535592 -3.668072
v 2.211414 0.528504 -3.686826
v 2.215779 0.524139 -3.707175
v 2.217252 0.522665 -3.728338
v 2.215779 0.524139 -3.749500
v 2.211414 0.528504 -3.769850
v 2.204326 0.535592 -3.788604
v 2.194787 0.545131 -3.805042
v 2.183163 0.556755 -3.818532
v 2.156435 0.561017 -3.628119
v 2.163611 0.543691 -3.638144
v 2.169902 0.528504 -3.651634
v 2.175065 0.516041 -3.668072
v 2.178901 0.506779 -3.686826
v 2.181263 0.501077 -3.707175
v 2.182060 0.499151 -3.728338
v 2.181263 0.501077 -3.749500
v 2.178901 0.506779 -3.769850
v 2.175065 0.516041 -3.788604
v 2.169902 0.528504 -3.805042
v 2.163611 0.543691 -3.818532
v 2.140549 0.557857 -3.628119
v 2.140549 0.539103 -3.638144
v 2.140549 0.522665 -3.651634
v 2.140549 0.509175 -3.668072
v 2.140549 0.499151 -3.686826
v 2.140549 0.492978 -3.707175
v 2.140549 0.490894 -3.728338
v 2.140549 0.492978 -3.749500
v 2.140549 0.499151 -3.769850
v 2.140549 0.509175 -3.788604
v 2.140549 0.522665 -3.805042
v 2.140549 0.539103 -3.818532
v 2.117486 0.655048 -3.859792
v 2.097934 0.641984 -3.859792
v 2.124663 0.561017 -3.628119
v 2.117486 0.543691 -3.638144
v 2.111195 0.528504 -3.651634
v 2.106033 0.516041 -3.668072
v 2.102197 0.506780 -3.686826
v 2.099834 0.501077 -3.707175
v 2.099037 0.499151 -3.728338
v 2.099834 0.501077 -3.749500
v 2.102197 0.506780 -3.769850
v 2.106033 0.516041 -3.788604
v 2.111195 0.528504 -3.805042
v 2.117486 0.543691 -3.818532
v 2.084870 0.622432 -3.859792
v 2.080283 0.599369 -3.859792
v 2.111195 0.570016 -3.628119
v 2.097934 0.556755 -3.638144
v 2.086311 0.545132 -3.651634
v 2.076772 0.535592 -3.668072
v 2.069684 0.528504 -3.686826
v 2.065319 0.524139 -3.707175
v 2.063845 0.522665 -3.728338
v 2.065319 0.524139 -3.749500
v 2.069684 0.528504 -3.769850
v 2.076772 0.535592 -3.788604
v 2.086311 0.545132 -3.805042
v 2.097934 0.556755 -3.818532
v 2.084870 0.576307 -3.859792
v 2.097934 0.556755 -3.859792
v 2.102197 0.583483 -3.628119
v 2.084870 0.576307 -3.638144
v 2.069684 0.570016 -3.651634
v 2.057220 0.564853 -3.668072
v 2.047959 0.561017 -3.686826
v 2.042256 0.558655 -3.707175
v 2.040330 0.557857 -3.728338
v 2.042256 0.558655 -3.749500
v 2.047959 0.561017 -3.769850
v 2.057220 0.564853 -3.788604
v 2.069684 0.570016 -3.805042
v 2.084870 0.576307 -3.818532
v 2.117486 0.543691 -3.859792
v 2.140549 0.539103 -3.859792
v 2.099037 0.599369 -3.628119
v 2.080283 0.599369 -3.638144
v 2.063845 0.599369 -3.651634
v 2.050354 0.599369 -3.668072
v 2.040330 0.599369 -3.686826
v 2.034158 0.599369 -3.707175
v 2.032073 0.599369 -3.728338
v 2.034158 0.599369 -3.749500
v 2.040330 0.599369 -3.769850
v 2.050354 0.599369 -3.788604
v 2.063845 0.599369 -3.805042
v 2.080283 0.599369 -3.818532
v 2.163611 0.543691 -3.859792
v 2.183163 0.556755 -3.859792
v 2.102197 0.615255 -3.628119
v 2.084870 0.622432 -3.638144
v 2.069684 0.628723 -3.651634
v 2.057220 0.633885 -3.668072
v 2.047959 0.637721 -3.686826
v 2.042256 0.640083 -3.707175
v 2.040330 0.640881 -3.728338
v 2.042256 0.640083 -3.749500
v 2.047959 0.637721 -3.769850
v 2.057220 0.633885 -3.788604
v 2.069684 0.628723 -3.805042
v 2.084870 0.622432 -3.818532
v 2.196227 0.576307 -3.859792
v 2.200814 0.599369 -3.859792
v 2.111195 0.628723 -3.628119
v 2.097934 0.641984 -3.638144
v 2.086311 0.653607 -3.651634
v 2.076772 0.663146 -3.668072
v 2.069684 0.670234 -3.686826
v 2.065319 0.674599 -3.707175
v 2.063845 0.676073 -3.728338
v 2.065319 0.674599 -3.749500
v 2.069684 0.670234 -3.769850
v 2.076772 0.663146 -3.788604
v 2.086311 0.653607 -3.805042
v 2.097934 0.641984 -3.818532
v 2.196227 0.622432 -3.859792
v 2.183163 0.641984 -3.859792
v 2.124663 0.637721 -3.628119
v 2.117486 0.655048 -3.638144
v 2.111196 0.670234 -3.651634
v 2.106033 0.682698 -3.668072
v 2.102197 0.691959 -3.686826
v 2.099835 0.697662 -3.707175
v 2.099037 0.699588 -3.728338
v 2.099835 0.697662 -3.749500
v 2.102197 0.691959 -3.769850
v 2.106033 0.682698 -3.788604
v 2.111196 0.670234 -3.805042
v 2.117486 0.655048 -3.818532
v 2.163611 0.655048 -3.859792
v 2.140549 0.659635 -3.859792
v 2.140549 0.640881 -3.628119
v 2.140549 0.659635 -3.638144
v 2.140549 1.252211 -3.651634
v 2.140549 1.265701 -3.668072
v 2.140549 1.275725 -3.686826
v 2.140549 1.281898 -3.707175
v 2.140549 1.283983 -3.728338
v 2.140549 1.281898 -3.749500
v 2.140549 1.275725 -3.769850
v 2.140549 1.265701 -3.788604
v 2.140549 1.252211 -3.805042
v 2.140549 1.235773 -3.818532
v 2.156435 1.213859 -3.628119
v 2.163611 1.231185 -3.638144
v 2.169902 1.246372 -3.651634
v 2.175065 1.258836 -3.668072
v 2.178901 1.268097 -3.686826
v 2.181263 1.273800 -3.707175
v 2.182060 1.275725 -3.728338
v 2.181263 1.273800 -3.749500
v 2.178901 1.268097 -3.769850
v 2.175065 1.258836 -3.788604
v 2.169902 1.246372 -3.805042
v 2.163611 1.231185 -3.818532
v 2.169902 1.204860 -3.628119
v 2.183163 1.218122 -3.638144
v 2.194787 1.229745 -3.651634
v 2.204326 1.239284 -3.668072
v 2.211414 1.246372 -3.686826
v 2.215779 1.250737 -3.707175
v 2.217252 1.252211 -3.728338
v 2.215779 1.250737 -3.749500
v 2.211414 1.246372 -3.769850
v 2.204326 1.239284 -3.788604
v 2.194787 1.229745 -3.805042
v 2.183163 1.218122 -3.818532
v 2.178901 1.191393 -3.628119
v 2.196227 1.198570 -3.638144
v 2.211414 1.204860 -3.651634
v 2.223877 1.210023 -3.668072
v 2.233139 1.213859 -3.686826
v 2.238842 1.216221 -3.707175
v 2.240767 1.217019 -3.728338
v 2.238842 1.216221 -3.749500
v 2.233139 1.213859 -3.769850
v 2.223877 1.210023 -3.788604
v 2.211414 1.204860 -3.805042
v 2.196227 1.198570 -3.818532
v 2.182060 1.175507 -3.628119
v 2.200814 1.175507 -3.638144
v 2.217252 1.175507 -3.651634
v 2.230743 1.175507 -3.668072
v 2.240767 1.175507 -3.686826
v 2.246940 1.175507 -3.707175
v 2.249024 1.175507 -3.728338
v 2.246940 1.175507 -3.749500
v 2.240767 1.175507 -3.769850
v 2.230743 1.175507 -3.788604
v 2.217252 1.175507 -3.805042
v 2.200814 1.175507 -3.818532
v 2.178901 1.159621 -3.628119
v 2.196227 1.152444 -3.638144
v 2.211414 1.146154 -3.651634
v 2.223877 1.140991 -3.668072
v 2.233139 1.137155 -3.686826
v 2.238842 1.134793 -3.707175
v 2.240767 1.133995 -3.728338
v 2.238842 1.134793 -3.749500
v 2.233138 1.137155 -3.769850
v 2.223877 1.140991 -3.788604
v 2.211414 1.146154 -3.805042
v 2.196227 1.152444 -3.818532
v 2.169902 1.146154 -3.628119
v 2.183163 1.132893 -3.638144
v 2.194787 1.121269 -3.651634
v 2.204326 1.111730 -3.668072
v 2.211414 1.104642 -3.686826
v 2.215779 1.100277 -3.707175
v 2.217252 1.098803 -3.728338
v 2.215779 1.100277 -3.749500
v 2.211414 1.104642 -3.769850
v 2.204326 1.111730 -3.788604
v 2.194787 1.121269 -3.805042
v 2.183163 1.132893 -3.818532
v 2.156435 1.137155 -3.628119
v 2.163611 1.119829 -3.638144
v 2.169902 1.104642 -3.651634
v 2.175065 1.092179 -3.668072
v 2.178901 1.082917 -3.686826
v 2.181263 1.077214 -3.707175
v 2.182060 1.075289 -3.728338
v 2.181263 1.077214 -3.749500
v 2.178901 1.082917 -3.769850
v 2.175065 1.092179 -3.788604
v 2.169902 1.104642 -3.805042
v 2.163611 1.119829 -3.818532
v 2.140549 1.133995 -3.628119
v 2.140549 1.115241 -3.638144
v 2.140549 1.098803 -3.651634
v 2.140549 1.085313 -3.668072
v 2.140549 1.075289 -3.686826
v 2.140549 1.069116 -3.707175
v 2.140549 1.067032 -3.728338
v 2.140549 1.069116 -3.749500
v 2.140549 1.075289 -3.769850
v 2.140549 1.085313 -3.788604
v 2.140549 1.098803 -3.805042
v 2.140549 1.115241 -3.818532
v 2.117486 1.231185 -3.859792
v 2.097934 1.218122 -3.859792
v 2.124663 1.137155 -3.628119
v 2.117486 1.119829 -3.638144
v 2.111195 1.104642 -3.651634
v 2.106033 1.092179 -3.668072
v 2.102197 1.082917 -3.686826
v 2.099834 1.077214 -3.707175
v 2.099037 1.075289 -3.728338
v 2.099834 1.077214 -3.749500
v 2.102197 1.082917 -3.769850
v 2.106033 1.092179 -3.788604
v 2.111195 1.104642 -3.805042
v 2.117486 1.119829 -3.818532
v 2.084870 1.198570 -3.859792
v 2.080283 1.175507 -3.859792
v 2.111195 1.146154 -3.628119
v 2.097934 1.132893 -3.638144
v 2.086311 1.121269 -3.651634
v 2.076772 1.111730 -3.668072
v 2.069684 1.104642 -3.686826
v 2.065319 1.100277 -3.707175
v 2.063845 1.098803 -3.728338
v 2.065319 1.100277 -3.749500
v 2.069684 1.104642 -3.769850
v 2.076772 1.111730 -3.788604
v 2.086311 1.121269 -3.805042
v 2.097934 1.132893 -3.818532
v 2.084870 1.152444 -3.859792
v 2.097934 1.132893 -3.859792
v 2.102197 1.159621 -3.628119
v 2.084870 1.152444 -3.638144
v 2.069684 1.146154 -3.651634
v 2.057220 1.140991 -3.668072
v 2.047959 1.137155 -3.686826
v 2.042256 1.134793 -3.707175
v 2.040330 1.133995 -3.728338
v 2.042256 1.134793 -3.749500
v 2.047959 1.137155 -3.769850
v 2.057220 1.140991 -3.788604
v 2.069684 1.146154 -3.805042
v 2.084870 1.152444 -3.818532
v 2.117486 1.119829 -3.859792
v 2.140549 1.115241 -3.859792
v 2.099037 1.175507 -3.628119
v 2.080283 1.175507 -3.638144
v 2.063845 1.175507 -3.651634
v 2.050354 1.175507 -3.668072
v 2.040330 1.175507 -3.686826
v 2.034158 1.175507 -3.707175
v 2.032073 1.175507 -3.728338
v 2.034158 1.175507 -3.749500
v 2.040330 1.175507 -3.769850
v 2.050354 1.175507 -3.788604
v 2.063845 1.175507 -3.805042
v 2.080283 1.175507 -3.818532
v 2.163611 1.119829 -3.859792
v 2.183163 1.132893 -3.859792
v 2.102197 1.191393 -3.628119
v 2.084870 1.198570 -3.638144
v 2.069684 1.204860 -3.651634
v 2.057220 1.210023 -3.668072
v 2.047959 1.213859 -3.686826
v 2.042256 1.216221 -3.707175
v 2.040330 1.217019 -3.728338
v 2.042256 1.216221 -3.749500
v 2.047959 1.213859 -3.769850
v 2.057220 1.210023 -3.788604
v 2.069684 1.204860 -3.805042
v 2.084870 1.198570 -3.818532
v 2.196227 1.152444 -3.859792
v 2.200814 1.175507 -3.859792
v 2.111195 1.204860 -3.628119
v 2.097934 1.218122 -3.638144
v 2.086311 1.229745 -3.651634
v 2.076772 1.239284 -3.668072
v 2.069684 1.246372 -3.686826
v 2.065319 1.250737 -3.707175
v 2.063845 1.252211 -3.728338
v 2.065319 1.250737 -3.749500
v 2.069684 1.246372 -3.769850
v 2.076772 1.239284 -3.788604
v 2.086311 1.229745 -3.805042
v 2.097934 1.218122 -3.818532
v 2.196227 1.198570 -3.859792
v 2.183163 1.218122 -3.859792
v 2.124663 1.213859 -3.628119
v 2.117486 1.231185 -3.638144
v 2.111196 1.246372 -3.651634
v 2.106033 1.258836 -3.668072
v 2.102197 1.268097 -3.686826
v 2.099835 1.273800 -3.707175
v 2.099037 1.275725 -3.728338
v 2.099835 1.273800 -3.749500
v 2.102197 1.268097 -3.769850
v 2.106033 1.258836 -3.788604
v 2.111196 1.246372 -3.805042
v 2.117486 1.231185 -3.818532
v 2.163611 1.231185 -3.859792
v 2.140549 1.235773 -3.859792
v 2.140549 1.217019 -3.628119
v 2.140549 1.235773 -3.638144
v 0.961626 0.309246 -3.843909
v 0.961626 1.513674 -3.843909
v 0.961626 0.309246 -7.392189
v 0.961626 1.513674 -7.392189
v 3.292690 0.309246 -3.843909
v 3.292690 1.513674 -3.843909
v 3.292690 0.309246 -7.392189
v 3.292690 1.513674 -7.392189
v 0.961626 0.911460 -3.843909
v 0.961626 0.911460 -7.392189
v 3.292690 0.911460 -7.392189
v 3.292690 0.911460 -3.843909
v 0.961626 0.834033 -7.392189
v 3.292690 0.834033 -7.392189
v 3.292690 0.834033 -3.843909
v 0.961626 0.834033 -3.843909
v 0.961626 1.006094 -3.843909
v 0.961626 1.006094 -7.392189
v 3.292690 1.006094 -7.392189
v 3.292690 1.006094 -3.843909
v 0.961626 0.309246 -4.026541
v 0.961626 1.513674 -4.026541
v 3.292690 0.309246 -4.026541
v 3.292690 1.513674 -4.026541
v 3.292690 0.911460 -4.026541
v 0.961626 0.911460 -4.026541
v 0.961626 0.834033 -4.026541
v 3.292690 0.834033 -4.026541
v 3.292690 1.006094 -4.026541
v 0.961626 1.006094 -4.026541
v 0.961626 1.513674 -4.077535
v 3.292690 0.309246 -4.077535
v 0.961626 0.911460 -4.077535
v 0.961626 0.834033 -4.077535
v 0.961626 1.006094 -4.077535
v 0.961626 0.309246 -4.077535
v 3.292690 1.513674 -4.077535
v 3.292690 0.911460 -4.077535
v 3.292690 0.834033 -4.077535
v 3.292690 1.006094 -4.077535
v 1.026366 0.342888 -4.076119
v 1.026366 0.342888 -4.027957
v 3.227950 1.480415 -4.076119
v 3.227950 1.480415 -4.027957
v 3.227950 0.911651 -4.076119
v 3.227950 0.911651 -4.027957
v 3.227950 0.838525 -4.076119
v 3.227950 0.838525 -4.027957
v 3.227950 1.001029 -4.076119
v 3.227950 1.001029 -4.027957
v 1.026366 1.001029 -4.027957
v 1.026366 0.911651 -4.027957
v 3.227950 0.342888 -4.027957
v 1.026366 0.838525 -4.027957
v 1.026366 1.480415 -4.027957
v 1.026366 1.480415 -4.076119
v 3.227950 0.342888 -4.076119
v 1.026366 0.911651 -4.076119
v 1.026366 0.838525 -4.076119
v 1.026366 1.001029 -4.076119
v 0.961626 0.945258 -7.392189
v 3.292690 0.945258 -7.392189
v 3.292690 0.945258 -3.843909
v 0.961626 0.945258 -3.843909
v 0.961626 0.945258 -4.026541
v 3.292690 0.945258 -4.026541
v 3.292690 0.945258 -4.077535
v 0.961626 0.945258 -4.077535
v 1.026366 0.943572 -4.027957
v 3.227950 0.943572 -4.027957
v 3.227950 0.943572 -4.076119
v 1.026366 0.943572 -4.076119
v 3.181320 0.943643 -3.981978
v 3.181320 0.913075 -3.981978
v 1.072996 0.913075 -3.981978
v 3.181320 0.913075 -4.147159
v 1.072996 0.913075 -4.147159
v 1.072996 0.943643 -4.147159
v 3.181320 0.943643 -4.147159
v 1.072996 0.943643 -3.981978
v -4.150605 -2.261089 -4.146952
v -4.150605 -2.549195 -4.146952
v -4.150605 -2.261089 -3.858847
v -4.150605 -2.549195 -3.858847
v -4.438711 -2.261089 -4.146952
v -4.438711 -2.549195 -4.146952
v -4.438711 -2.261089 -3.858847
v -4.438711 -2.549195 -3.858847
v -4.123149 -0.582549 -3.831391
v -4.123149 -0.582549 -4.174408
v -4.466166 -0.582549 -3.831391
v -4.466166 -0.582549 -4.174408
v -4.123149 1.526406 -3.875671
v -4.198893 1.536994 -4.174408
v -4.466166 1.553775 -3.831391
v -4.390424 1.536994 -4.174408
v -4.390424 0.646371 -4.174408
v -4.466166 0.511666 -3.831391
v -4.123149 0.511666 -3.831391
v -4.198893 0.646371 -4.174408
v -4.123149 1.526406 -4.130128
v -4.466166 1.553775 -4.174408
v -4.466166 0.511666 -4.174408
v -4.123149 0.511666 -4.174408
v -4.198893 1.536994 -7.302090
v -4.390424 1.536994 -7.302090
v -4.390424 0.646371 -7.302090
v -4.198893 0.646371 -7.302090
v -4.466166 1.235151 -4.174408
v -4.123149 1.296341 -3.875671
v -4.466166 1.235151 -3.831391
v -4.123149 1.296341 -4.130128
v -4.390424 1.264687 -4.174408
v -4.198893 1.264687 -4.174408
v -4.390424 1.264687 -7.302090
v -4.198893 1.264687 -7.302090
v -4.123149 1.553775 -3.831391
v -4.123149 1.553775 -4.174408
v -4.123149 1.235151 -3.831391
v -4.123149 1.235151 -4.174408
v 3.329749 -2.261089 -4.146952
v 3.329749 -2.549195 -4.146952
v 3.329749 -2.261089 -3.858847
v 3.329749 -2.549195 -3.858847
v 3.617854 -2.261089 -4.146952
v 3.617854 -2.549195 -4.146952
v 3.617854 -2.261089 -3.858847
v 3.617854 -2.549195 -3.858847
v 3.302293 -0.582549 -3.831391
v 3.302293 -0.582549 -4.174408
v 3.645309 -0.582549 -3.831391
v 3.645309 -0.582549 -4.174408
v 3.302293 1.526406 -3.875671
v 3.378036 1.536994 -4.174408
v 3.645309 1.553775 -3.831391
v 3.569567 1.536994 -4.174408
v 3.569567 0.646371 -4.174408
v 3.645309 0.511666 -3.831391
v 3.302293 0.511666 -3.831391
v 3.378036 0.646371 -4.174408
v 3.302293 1.526406 -4.130128
v 3.645309 1.553775 -4.174408
v 3.645309 0.511666 -4.174408
v 3.302293 0.511666 -4.174408
v 3.378036 1.536994 -7.302090
v 3.569567 1.536994 -7.302090
v 3.569567 0.646371 -7.302090
v 3.378036 0.646371 -7.302090
v 3.645309 1.235151 -4.174408
v 3.302293 1.296341 -3.875671
v 3.645309 1.235151 -3.831391
v 3.302293 1.296341 -4.130128
v 3.569567 1.264687 -4.174408
v 3.378036 1.264687 -4.174408
v 3.569567 1.264687 -7.302090
v 3.378036 1.264687 -7.302090
v 3.302293 1.553775 -3.831391
v 3.302293 1.553775 -4.174408
v 3.302293 1.235151 -3.831391
v 3.302293 1.235151 -4.174408
v -4.150605 -2.261089 -7.600607
v -4.150605 -2.549195 -7.600607
v -4.150605 -2.261089 -7.312502
v -4.150605 -2.549195 -7.312502
v -4.438710 -2.261089 -7.600607
v -4.438710 -2.549195 -7.600607
v -4.438710 -2.261089 -7.312502
v -4.438710 -2.549195 -7.312502
v -4.123149 -0.582549 -7.285047
v -4.123149 -0.582549 -7.628063
v -4.466166 -0.582549 -7.285047
v -4.466166 -0.582549 -7.628063
v -4.123149 1.547998 -7.344445
v -4.123149 1.547998 -7.568665
v -4.466166 1.553775 -7.285047
v -4.466166 1.553775 -7.628063
v -4.466166 1.103669 -7.628063
v -4.466166 1.103669 -7.285047
v -4.123149 1.216689 -7.344445
v -4.123149 1.216689 -7.568665
v -4.123149 1.553775 -7.285047
v -4.123149 1.553775 -7.628063
v -4.123149 1.103669 -7.285047
v -4.123149 1.103669 -7.628063
v 3.343746 1.547998 -7.344445
v 3.343746 1.547998 -7.568665
v 3.343746 1.216689 -7.344445
v 3.343746 1.216689 -7.568665
v 3.329748 -2.261089 -7.600607
v 3.329748 -2.549195 -7.600607
v 3.329748 -2.261089 -7.312502
v 3.329748 -2.549195 -7.312502
v 3.617854 -2.261089 -7.600607
v 3.617854 -2.549195 -7.600607
v 3.617854 -2.261089 -7.312502
v 3.617854 -2.549195 -7.312502
v 3.302293 -0.582549 -7.285047
v 3.302293 -0.582549 -7.628063
v 3.645309 -0.582549 -7.285047
v 3.645309 -0.582549 -7.628063
v 3.302293 1.547998 -7.344445
v 3.302293 1.547998 -7.568665
v 3.645309 1.553775 -7.285047
v 3.645309 1.553775 -7.628063
v 3.645309 1.103669 -7.628063
v 3.645309 1.103669 -7.285047
v 3.302293 1.216689 -7.344445
v 3.302293 1.216689 -7.568665
v 3.302293 1.553775 -7.285047
v 3.302293 1.553775 -7.628063
v 3.302293 1.103669 -7.285047
v 3.302293 1.103669 -7.628063
v -4.164602 1.547998 -7.344445
v -4.164602 1.547998 -7.568665
v -4.164602 1.216689 -7.344445
v -4.164602 1.216689 -7.568665
v 1.011435 0.309246 -7.392189
v 1.011435 1.513674 -7.392189
v 1.011435 0.309246 -3.843909
v 1.011435 1.513674 -3.843909
v 1.011435 0.911460 -3.843909
v 1.011435 0.911460 -7.392189
v 1.011435 0.834033 -7.392189
v 1.011435 0.834033 -3.843909
v 1.011435 1.006094 -3.843909
v 1.011435 1.006094 -7.392189
v 1.011435 1.513674 -4.026541
v 1.011435 0.309246 -4.026541
v 1.011435 0.309246 -4.077535
v 1.011435 1.513674 -4.077535
v 1.073408 1.480415 -4.027957
v 1.073408 0.342888 -4.027957
v 1.073408 0.342888 -4.076119
v 1.073408 1.480415 -4.076119
v 1.011435 0.945258 -7.392189
v 1.011435 0.945258 -3.843909
v 1.118046 0.913075 -3.981978
v 1.118046 0.943643 -3.981978
v 3.241869 1.513674 -7.392189
v 3.241869 0.309246 -3.843909
v 3.241869 0.911460 -7.392189
v 3.241869 0.834033 -7.392189
v 3.241869 1.006094 -7.392189
v 3.241869 1.513674 -4.026541
v 3.241869 1.513674 -4.077535
v 3.206179 1.480415 -4.027957
v 3.206179 1.480415 -4.076119
v 3.241869 0.945258 -7.392189
v 3.241869 0.309246 -7.392189
v 3.241869 1.513674 -3.843909
v 3.241869 0.911460 -3.843909
v 3.241869 0.834033 -3.843909
v 3.241869 1.006094 -3.843909
v 3.241869 0.309246 -4.026541
v 3.241869 0.309246 -4.077535
v 3.206179 0.342888 -4.027957
v 3.206179 0.342888 -4.076119
v 3.241869 0.945258 -3.843909
v 3.180472 0.913075 -3.981978
v 3.180472 0.943643 -3.981978
v 0.961626 0.321741 -7.392189
v 3.292690 0.321741 -7.392189
v 3.292690 0.321741 -3.843909
v 0.961626 0.321741 -3.843909
v 3.292690 0.321741 -4.026541
v 0.961626 0.321741 -4.026541
v 3.292690 0.321741 -4.077535
v 0.961626 0.321741 -4.077535
v 3.227950 0.354688 -4.027957
v 1.026366 0.354688 -4.027957
v 3.227950 0.354688 -4.076119
v 1.026366 0.354688 -4.076119
v 1.011435 0.321741 -3.843909
v 1.011435 0.321741 -7.392189
v 3.241869 0.321741 -3.843909
v 3.241869 0.321741 -7.392189
v 0.961626 0.893394 -3.843909
v 0.961626 0.893394 -7.392189
v 3.292690 0.893394 -7.392189
v 3.292690 0.893394 -3.843909
v 0.961626 0.893394 -4.026541
v 3.292690 0.893394 -4.026541
v 3.292690 0.893394 -4.077535
v 0.961626 0.893394 -4.077535
v 1.026366 0.894588 -4.027957
v 3.227950 0.894588 -4.027957
v 3.227950 0.894589 -4.076119
v 1.026366 0.894589 -4.076119
v 1.011435 0.893394 -7.392189
v 1.011435 0.893394 -3.843909
v 3.241869 0.893394 -3.843909
v 3.241869 0.893394 -7.392189
v 0.961626 1.513674 -4.093122
v 3.292690 0.309246 -4.093122
v 0.961626 0.911460 -4.093122
v 0.961626 0.834033 -4.093122
v 0.961626 1.006094 -4.093122
v 0.961626 0.309246 -4.093122
v 3.292690 1.513674 -4.093122
v 3.292690 0.911460 -4.093122
v 3.292690 0.834033 -4.093122
v 3.292690 1.006094 -4.093122
v 3.292690 0.945258 -4.093122
v 0.961626 0.945258 -4.093122
v 1.011435 1.513674 -4.093122
v 1.011435 0.309246 -4.093122
v 3.241869 1.513674 -4.093122
v 3.241869 0.309246 -4.093122
v 3.292690 0.321741 -4.093122
v 0.961626 0.321741 -4.093122
v 3.292690 0.893394 -4.093122
v 0.961626 0.893394 -4.093122
v 0.961626 0.309246 -3.862660
v 3.292690 1.513674 -3.862660
v 3.292690 0.911460 -3.862660
v 3.292690 0.834033 -3.862660
v 3.292690 1.006094 -3.862660
v 0.961626 1.513674 -3.862660
v 3.292690 0.309246 -3.862660
v 0.961626 0.911460 -3.862660
v 0.961626 0.834033 -3.862660
v 0.961626 1.006094 -3.862660
v 0.961626 0.945258 -3.862660
v 3.292690 0.945258 -3.862660
v 3.181320 0.913075 -3.998938
v 1.072996 0.913075 -3.998938
v 1.072996 0.943643 -3.998938
v 3.181320 0.943643 -3.998938
v 1.011435 1.513674 -3.862660
v 1.011435 0.309246 -3.862660
v 3.241869 1.513674 -3.862660
v 3.241869 0.309246 -3.862660
v 0.961626 0.321741 -3.862660
v 3.292690 0.321741 -3.862660
v 0.961626 0.893394 -3.862660
v 3.292690 0.893394 -3.862660
v 0.961626 1.513674 -3.997166
v 3.292690 0.309246 -3.997166
v 0.961626 0.911460 -3.997166
v 0.961626 0.834033 -3.997166
v 0.961626 1.006094 -3.997166
v 0.961626 0.945258 -3.997166
v 1.072996 0.913075 -4.120591
v 1.072996 0.943643 -4.120591
v 0.961626 0.321741 -3.997166
v 0.961626 0.893394 -3.997166
v 0.961626 0.309246 -3.997166
v 3.292690 1.513674 -3.997166
v 3.292690 0.911460 -3.997166
v 3.292690 0.834033 -3.997166
v 3.292690 1.006094 -3.997166
v 3.292690 0.945258 -3.997166
v 3.181320 0.913075 -4.120591
v 3.181320 0.943643 -4.120591
v 1.011435 1.513674 -3.997166
v 1.011435 0.309246 -3.997166
v 3.241869 1.513674 -3.997166
v 3.241869 0.309246 -3.997166
v 3.292690 0.321741 -3.997166
v 3.292690 0.893394 -3.997166
v 0.961626 1.513674 -7.363111
v 3.292690 0.309246 -7.363111
v 0.961626 0.911460 -7.363111
v 0.961626 0.834033 -7.363111
v 0.961626 1.006094 -7.363111
v 0.961626 0.945258 -7.363111
v 0.961626 0.321741 -7.363111
v 0.961626 0.893394 -7.363111
v 0.961626 0.309246 -7.363111
v 3.292690 1.513674 -7.363111
v 3.292690 0.911460 -7.363111
v 3.292690 0.834033 -7.363111
v 3.292690 1.006094 -7.363111
v 3.292690 0.945258 -7.363111
v 1.011435 1.513674 -7.363111
v 1.011435 0.309246 -7.363111
v 3.241869 1.513674 -7.363111
v 3.241869 0.309246 -7.363111
v 3.292690 0.321741 -7.363111
v 3.292690 0.893394 -7.363111
v 0.972003 0.309246 -7.392189
v 0.972003 1.513674 -3.843909
v 0.972003 0.911460 -3.843909
v 0.972003 0.834033 -3.843909
v 0.972003 1.006094 -3.843909
v 0.972003 0.309246 -4.026541
v 0.972003 0.309246 -4.077535
v 1.036166 0.342888 -4.027957
v 1.036166 0.342888 -4.076119
v 0.972003 0.945258 -3.843909
v 1.082381 0.913075 -3.981978
v 1.082381 0.943643 -3.981978
v 0.972003 1.513674 -7.392189
v 0.972003 0.309246 -3.843909
v 0.972003 0.911460 -7.392189
v 0.972003 0.834033 -7.392189
v 0.972003 1.006094 -7.392189
v 0.972003 1.513674 -4.026541
v 0.972003 1.513674 -4.077535
v 1.036166 1.480415 -4.027957
v 1.036166 1.480415 -4.076119
v 0.972003 0.945258 -7.392189
v 0.972003 0.321741 -7.392189
v 0.972003 0.321741 -3.843909
v 0.972003 0.893394 -7.392189
v 0.972003 0.893394 -3.843909
v 0.972003 0.309246 -4.093122
v 0.972003 1.513674 -4.093122
v 0.972003 0.309246 -3.862660
v 0.972003 1.513674 -3.862660
v 0.972003 1.513674 -3.997166
v 0.972003 0.309246 -3.997166
v 0.972003 1.513674 -7.363111
v 0.972003 0.309246 -7.363111
v -4.198893 1.536994 -4.192093
v -4.198893 0.646371 -4.192093
v -4.390424 1.536994 -4.192093
v -4.390424 0.646371 -4.192093
v -4.390424 1.264687 -4.192093
v -4.198893 1.264687 -4.192093
v -4.198893 1.536994 -7.266749
v -4.390424 1.536994 -7.266749
v -4.390424 1.264687 -7.266749
v -4.198893 1.264687 -7.266749
v -4.198893 0.646371 -7.266749
v -4.390424 0.646371 -7.266749
v -4.466166 1.513765 -7.628063
v -4.123149 1.513765 -7.285047
v -4.466166 1.513765 -7.285047
v -4.123149 1.513765 -7.628063
v -4.123149 1.518549 -7.344445
v -4.123149 1.518549 -7.568665
v 3.343746 1.518549 -7.344445
v 3.343746 1.518549 -7.568665
v -4.150605 -2.514423 -7.600607
v -4.150605 -2.514423 -7.312502
v -4.438710 -2.514423 -7.312502
v -4.438710 -2.514423 -7.600607
v 3.329748 -2.509456 -7.600607
v 3.329748 -2.509456 -7.312502
v 3.617854 -2.509456 -7.312502
v 3.617854 -2.509456 -7.600607
v 3.378036 1.536994 -4.195446
v 3.378036 0.646371 -4.195446
v 3.569567 1.536994 -4.195446
v 3.569567 0.646371 -4.195446
v 3.569567 1.264687 -4.195446
v 3.378036 1.264687 -4.195446
v 3.645309 1.519676 -7.628063
v 3.302293 1.519676 -7.285047
v 3.645309 1.519676 -7.285047
v 3.302293 1.519676 -7.628063
v 3.302293 1.522899 -7.344445
v 3.302293 1.522899 -7.568665
v -4.164602 1.522899 -7.344445
v -4.164602 1.522899 -7.568665
v 3.329749 -2.483716 -4.146952
v 3.329749 -2.483716 -3.858847
v 3.617854 -2.483716 -3.858847
v 3.617854 -2.483716 -4.146952
v -4.150605 -2.509907 -4.146952
v -4.150605 -2.509907 -3.858847
v -4.438711 -2.509907 -3.858847
v -4.438711 -2.509907 -4.146952
v -3.876057 1.216689 -7.568665
v -3.876057 1.547998 -7.568665
v -3.876057 1.547998 -7.344445
v -3.876057 1.216689 -7.344445
v -3.876057 1.522899 -7.344445
v -3.876057 1.522899 -7.568665
v -4.123149 1.528383 -7.575860
v -4.123149 1.528383 -7.337249
v -4.123149 1.199675 -7.337249
v -4.123149 1.199675 -7.575860
v -4.123149 1.499164 -7.575860
v -4.123149 1.499164 -7.337249
v 3.302293 1.527434 -7.574625
v 3.302293 1.527434 -7.338484
v 3.302293 1.202130 -7.338484
v 3.302293 1.202130 -7.574625
v 3.302293 1.502789 -7.574625
v 3.302293 1.502789 -7.338484
v -4.466166 1.517010 -4.174408
v -4.123149 1.517010 -3.831391
v -4.390424 1.505574 -4.174408
v -4.390424 1.505574 -7.302090
v -4.466166 1.517010 -3.831391
v -4.123149 1.517010 -4.174408
v -4.198893 1.505574 -4.174408
v -4.198893 1.505574 -7.302090
v -4.123149 1.499860 -3.875671
v -4.123149 1.499860 -4.130128
v -4.390424 1.505574 -4.192093
v -4.198893 1.505574 -4.192093
v -4.390424 1.505574 -7.266749
v -4.198893 1.505574 -7.266749
v 3.645309 1.508841 -4.174408
v 3.302293 1.508841 -3.831391
v 3.569567 1.498592 -4.174408
v 3.569567 1.498592 -7.302090
v 3.645309 1.508841 -3.831391
v 3.302293 1.508841 -4.174408
v 3.378036 1.498592 -4.174408
v 3.378036 1.498592 -7.302090
v 3.302293 1.493961 -3.875671
v 3.302293 1.493961 -4.130128
v 3.569567 1.498592 -4.195446
v 3.378036 1.498592 -4.195446
v 3.645309 0.549744 -3.831391
v 3.302293 0.549744 -4.174408
v 3.378036 0.678914 -4.174408
v 3.378036 0.678914 -7.302090
v 3.645309 0.549744 -4.174408
v 3.302293 0.549744 -3.831391
v 3.569567 0.678914 -4.174408
v 3.569567 0.678914 -7.302090
v 3.378036 0.678914 -4.195446
v 3.569567 0.678914 -4.195446
v -4.466166 0.559263 -3.831391
v -4.123149 0.559263 -4.174408
v -4.198893 0.687049 -4.174408
v -4.198893 0.687049 -7.302090
v -4.466166 0.559263 -4.174408
v -4.123149 0.559263 -3.831391
v -4.390424 0.687049 -4.174408
v -4.390424 0.687049 -7.302090
v -4.198893 0.687049 -4.192093
v -4.390424 0.687049 -4.192093
v -4.198893 0.687049 -7.266749
v -4.390424 0.687049 -7.266749
v -4.466166 1.147895 -7.285047
v -4.123149 1.147895 -7.628063
v -4.123149 1.249243 -7.568665
v 3.343746 1.249243 -7.568665
v -4.466166 1.147895 -7.628063
v -4.123149 1.147895 -7.285047
v -4.123149 1.249243 -7.344445
v 3.343746 1.249243 -7.344445
v -4.123149 1.231973 -7.575860
v -4.123149 1.231973 -7.337249
v 0.961626 1.504133 -3.843909
v 0.961626 1.504133 -7.392189
v 3.292690 1.504133 -7.392189
v 3.292690 1.504133 -3.843909
v 3.292690 1.504133 -4.026541
v 0.961626 1.504133 -4.026541
v 3.292690 1.504133 -4.077535
v 0.961626 1.504133 -4.077535
v 3.227950 1.471404 -4.027957
v 1.026366 1.471404 -4.027957
v 3.227950 1.471404 -4.076119
v 1.026366 1.471404 -4.076119
v 1.011435 1.504133 -3.843909
v 1.011435 1.504133 -7.392189
v 3.241869 1.504133 -3.843909
v 3.241869 1.504133 -7.392189
v 3.292690 1.504133 -4.093122
v 0.961626 1.504133 -4.093122
v 0.961626 1.504133 -3.862660
v 3.292690 1.504133 -3.862660
v 3.292690 1.504133 -3.997166
v 0.961626 1.504133 -3.997166
v 3.292690 1.504133 -7.363111
v 0.961626 1.504133 -7.363111
v 0.972003 1.504133 -7.392189
v 0.972003 1.504133 -3.843909
vn 0.0934 0.4693 0.8781
vn 0.1728 0.8687 -0.4643
vn 0.1252 0.6294 0.7669
vn 0.1520 0.7640 -0.6270
vn 0.1520 0.7640 0.6270
vn 0.1252 0.6294 -0.7669
vn 0.1728 0.8687 0.4643
vn 0.1870 0.9401 0.2852
vn 0.1942 0.9762 0.0961
vn 0.1942 0.9762 -0.0961
vn 0.1870 0.9401 -0.2852
vn 0.5325 0.7969 -0.2852
vn 0.2659 0.3979 0.8781
vn 0.4921 0.7364 -0.4643
vn 0.3565 0.5336 0.7669
vn 0.4328 0.6477 -0.6270
vn 0.4328 0.6477 0.6270
vn 0.3565 0.5336 -0.7669
vn 0.4921 0.7364 0.4643
vn 0.5325 0.7969 0.2852
vn 0.5530 0.8276 0.0961
vn 0.5530 0.8276 -0.0961
vn 0.7364 0.4921 0.4643
vn 0.7969 0.5325 0.2852
vn 0.8276 0.5530 0.0961
vn 0.8276 0.5530 -0.0961
vn 0.7969 0.5325 -0.2852
vn 0.3979 0.2659 0.8781
vn 0.7364 0.4921 -0.4643
vn 0.5336 0.3565 0.7669
vn 0.6477 0.4328 -0.6270
vn 0.6477 0.4328 0.6270
vn 0.5336 0.3565 -0.7669
vn 0.9401 0.1870 -0.2852
vn 0.4693 0.0934 0.8781
vn 0.8687 0.1728 -0.4643
vn 0.6294 0.1252 0.7669
vn 0.7640 0.1520 -0.6270
vn 0.7640 0.1520 0.6270
vn 0.6294 0.1252 -0.7669
vn 0.8687 0.1728 0.4643
vn 0.9401 0.1870 0.2852
vn 0.9762 0.1942 0.0962
vn 0.9762 0.1942 -0.0962
vn 0.9401 -0.1870 0.2852
vn 0.9762 -0.1942 0.0962
vn 0.9762 -0.1942 -0.0962
vn 0.9401 -0.1870 -0.2852
vn 0.4693 -0.0934 0.8781
vn 0.8687 -0.1728 -0.4643
vn 0.6294 -0.1252 0.7669
vn 0.7640 -0.1520 -0.6270
vn 0.7640 -0.1520 0.6270
vn 0.6294 -0.1252 -0.7669
vn 0.8687 -0.1728 0.4643
vn 0.3979 -0.2659 0.8781
vn 0.7364 -0.4921 -0.4643
vn 0.5336 -0.3565 0.7669
vn 0.6477 -0.4328 -0.6270
vn 0.6477 -0.4328 0.6270
vn 0.5336 -0.3565 -0.7669
vn 0.7364 -0.4921 0.4643
vn 0.7969 -0.5325 0.2852
vn 0.8276 -0.5530 0.0962
vn 0.8276 -0.5530 -0.0962
vn 0.7969 -0.5325 -0.2852
vn 0.5325 -0.7969 0.2852
vn 0.5530 -0.8276 0.0961
vn 0.5530 -0.8276 -0.0961
vn 0.5325 -0.7969 -0.2852
vn 0.2659 -0.3979 0.8781
vn 0.4920 -0.7364 -0.4643
vn 0.3565 -0.5336 0.7669
vn 0.4328 -0.6477 -0.6270
vn 0.4328 -0.6477 0.6270
vn 0.3565 -0.5336 -0.7669
vn 0.4921 -0.7364 0.4643
vn 0.1728 -0.8687 -0.4643
vn 0.1252 -0.6294 0.7669
vn 0.1520 -0.7640 -0.6270
vn 0.1520 -0.7640 0.6270
vn 0.1252 -0.6294 -0.7669
vn 0.1728 -0.8687 0.4643
vn 0.1870 -0.9401 0.2852
vn 0.1942 -0.9762 0.0962
vn 0.1942 -0.9762 -0.0962
vn 0.1870 -0.9401 -0.2852
vn 0.0934 -0.4693 0.8781
vn -0.1942 -0.9762 0.0962
vn -0.1942 -0.9762 -0.0962
vn -0.1870 -0.9401 -0.2852
vn -0.0934 -0.4693 0.8781
vn -0.1728 -0.8687 -0.4643
vn -0.1252 -0.6294 0.7669
vn -0.1520 -0.7640 -0.6270
vn -0.1520 -0.7640 0.6270
vn -0.1252 -0.6294 -0.7669
vn -0.1728 -0.8687 0.4643
vn -0.1870 -0.9401 0.2852
vn -0.4328 -0.6477 -0.6270
vn -0.4328 -0.6477 0.6270
vn -0.3565 -0.5336 -0.7669
vn -0.4921 -0.7364 0.4643
vn -0.5325 -0.7969 0.2852
vn -0.5530 -0.8276 0.0962
vn -0.5530 -0.8276 -0.0962
vn -0.5325 -0.7969 -0.2852
vn -0.2659 -0.3979 0.8781
vn -0.4921 -0.7364 -0.4643
vn -0.3565 -0.5336 0.7669
vn -0.8276 -0.5530 -0.0961
vn -0.7969 -0.5325 -0.2852
vn -0.3979 -0.2659 0.8781
vn -0.7364 -0.4920 -0.4643
vn -0.5336 -0.3565 0.7669
vn -0.6477 -0.4328 -0.6270
vn -0.6477 -0.4328 0.6270
vn -0.5336 -0.3565 -0.7669
vn -0.7364 -0.4921 0.4643
vn -0.7969 -0.5325 0.2852
vn 0.5556 -0.8315 0.0000
vn -0.8276 -0.5530 0.0961
vn -0.7640 -0.1520 0.6270
vn -0.6294 -0.1252 -0.7669
vn -0.8687 -0.1728 0.4643
vn 0.1951 -0.9808 -0.0000
vn -0.9401 -0.1870 0.2852
vn -0.5556 0.8315 0.0000
vn -0.9762 -0.1942 0.0962
vn -0.1951 -0.9808 0.0000
vn -0.9762 -0.1942 -0.0961
vn -0.9401 -0.1870 -0.2852
vn -0.4693 -0.0934 0.8781
vn -0.8687 -0.1728 -0.4643
vn -0.6294 -0.1252 0.7669
vn -0.7640 -0.1520 -0.6270
vn -0.9762 0.1942 -0.0962
vn -0.9401 0.1870 -0.2852
vn -0.4693 0.0934 0.8781
vn -0.8687 0.1728 -0.4643
vn -0.6294 0.1252 0.7669
vn -0.7640 0.1520 -0.6270
vn -0.7640 0.1520 0.6270
vn -0.6294 0.1252 -0.7669
vn -0.8687 0.1728 0.4643
vn 0.8315 0.5556 0.0000
vn -0.9401 0.1870 0.2852
vn -0.8315 0.5556 0.0000
vn -0.9762 0.1942 0.0962
vn 0.5556 0.8315 0.0000
vn -0.5336 0.3565 -0.7669
vn -0.7364 0.4921 0.4643
vn -0.5556 -0.8315 0.0000
vn -0.7969 0.5325 0.2852
vn 0.1951 0.9808 0.0000
vn -0.8276 0.5530 0.0962
vn -0.8315 -0.5556 0.0000
vn -0.8276 0.5530 -0.0962
vn -0.7969 0.5325 -0.2852
vn -0.3979 0.2659 0.8781
vn -0.7364 0.4921 -0.4643
vn -0.5336 0.3565 0.7669
vn -0.6477 0.4328 -0.6270
vn -0.6477 0.4328 0.6270
vn -0.5325 0.7969 -0.2852
vn -0.2659 0.3979 0.8781
vn -0.4920 0.7364 -0.4643
vn -0.3565 0.5336 0.7669
vn -0.4328 0.6477 -0.6270
vn -0.4328 0.6477 0.6270
vn -0.3565 0.5336 -0.7669
vn -0.4921 0.7364 0.4643
vn 0.9808 0.1951 0.0000
vn -0.5325 0.7969 0.2852
vn 0.9808 -0.1951 0.0000
vn -0.5530 0.8276 0.0962
vn -0.9808 0.1951 0.0000
vn -0.5530 0.8276 -0.0962
vn -0.1728 0.8687 0.4643
vn -0.9808 -0.1951 0.0000
vn -0.1870 0.9401 0.2852
vn -0.1951 0.9808 0.0000
vn -0.1942 0.9762 0.0962
vn 0.8315 -0.5556 0.0000
vn -0.1942 0.9762 -0.0962
vn 0.0000 0.0000 1.0000
vn -0.1870 0.9401 -0.2852
vn -0.0934 0.4693 0.8781
vn -0.1728 0.8687 -0.4643
vn -0.1252 0.6294 0.7669
vn -0.1520 0.7640 -0.6270
vn -0.1520 0.7640 0.6270
vn -0.1252 0.6294 -0.7669
vn 0.9762 0.1942 -0.0961
vn 0.9762 -0.1942 0.0961
vn 0.9762 -0.1942 -0.0961
vn 0.8276 -0.5530 0.0961
vn 0.8276 -0.5530 -0.0961
vn 0.5530 -0.8276 0.0962
vn 0.5530 -0.8276 -0.0962
vn 0.4921 -0.7364 -0.4643
vn -0.8276 -0.5530 -0.0962
vn -0.7364 -0.4921 -0.4643
vn -0.8276 -0.5530 0.0962
vn -0.7970 0.5325 0.2852
vn -0.7970 0.5325 -0.2852
vn -0.4921 0.7364 -0.4643
vn -0.5325 0.7970 0.2852
vn -1.0000 0.0000 0.0000
vn 0.0000 0.0000 -1.0000
vn 1.0000 0.0000 0.0000
vn 0.0000 -1.0000 0.0000
vn 0.0000 1.0000 0.0000
vn -0.0219 0.0000 0.9998
vn -0.0219 0.0000 -0.9998
vn 0.0219 0.0000 0.9998
vn 0.0219 0.0000 -0.9998
vn 0.0000 0.0425 -0.9991
vn 0.0000 -0.0421 0.9991
vn 0.0000 -0.0421 -0.9991
vn 0.0000 0.0425 0.9991
vn 0.0000 0.9999 0.0117
vn 0.0000 -0.9999 0.0117
vn 0.7347 0.0000 0.6784
vn -0.0145 -0.9999 0.0000
vn -0.7347 0.0000 0.6784
vn -0.0145 0.9999 0.0000
vn 0.0145 -0.9999 0.0000
vn 0.0145 0.9999 0.0000
vn 0.9999 0.0164 0.0000
vn 0.0000 0.0164 0.9999
vn 0.0000 0.0164 -0.9999
vn -0.9999 0.0164 0.0000
usemtl BMD_BeechWood
s off
f 208//1 207//1 11//1 12//1
f 8//2 7//2 19//2 20//2
f 1//3 208//3 12//3 13//3
f 9//4 8//4 20//4 21//4
f 2//5 1//5 13//5 14//5
f 10//6 9//6 21//6 22//6
f 3//7 2//7 14//7 15//7
f 4//8 3//8 15//8 16//8
f 5//9 4//9 16//9 17//9
f 6//10 5//10 17//10 18//10
f 7//11 6//11 18//11 19//11
f 19//12 18//12 30//12 31//12
f 12//13 11//13 23//13 24//13
f 20//14 19//14 31//14 32//14
f 13//15 12//15 24//15 25//15
f 21//16 20//16 32//16 33//16
f 14//17 13//17 25//17 26//17
f 22//18 21//18 33//18 34//18
f 15//19 14//19 26//19 27//19
f 16//20 15//20 27//20 28//20
f 17//21 16//21 28//21 29//21
f 18//22 17//22 29//22 30//22
f 27//23 26//23 38//23 39//23
f 28//24 27//24 39//24 40//24
f 29//25 28//25 40//25 41//25
f 30//26 29//26 41//26 42//26
f 31//27 30//27 42//27 43//27
f 24//28 23//28 35//28 36//28
f 32//29 31//29 43//29 44//29
f 25//30 24//30 36//30 37//30
f 33//31 32//31 44//31 45//31
f 26//32 25//32 37//32 38//32
f 34//33 33//33 45//33 46//33
f 43//34 42//34 54//34 55//34
f 36//35 35//35 47//35 48//35
f 44//36 43//36 55//36 56//36
f 37//37 36//37 48//37 49//37
f 45//38 44//38 56//38 57//38
f 38//39 37//39 49//39 50//39
f 46//40 45//40 57//40 58//40
f 39//41 38//41 50//41 51//41
f 40//42 39//42 51//42 52//42
f 41//43 40//43 52//43 53//43
f 42//44 41//44 53//44 54//44
f 52//45 51//45 63//45 64//45
f 53//46 52//46 64//46 65//46
f 54//47 53//47 65//47 66//47
f 55//48 54//48 66//48 67//48
f 48//49 47//49 59//49 60//49
f 56//50 55//50 67//50 68//50
f 49//51 48//51 60//51 61//51
f 57//52 56//52 68//52 69//52
f 50//53 49//53 61//53 62//53
f 58//54 57//54 69//54 70//54
f 51//55 50//55 62//55 63//55
f 60//56 59//56 71//56 72//56
f 68//57 67//57 79//57 80//57
f 61//58 60//58 72//58 73//58
f 69//59 68//59 80//59 81//59
f 62//60 61//60 73//60 74//60
f 70//61 69//61 81//61 82//61
f 63//62 62//62 74//62 75//62
f 64//63 63//63 75//63 76//63
f 65//64 64//64 76//64 77//64
f 66//65 65//65 77//65 78//65
f 67//66 66//66 78//66 79//66
f 76//67 75//67 87//67 88//67
f 77//68 76//68 88//68 89//68
f 78//69 77//69 89//69 90//69
f 79//70 78//70 90//70 91//70
f 72//71 71//71 83//71 84//71
f 80//72 79//72 91//72 92//72
f 73//73 72//73 84//73 85//73
f 81//74 80//74 92//74 93//74
f 74//75 73//75 85//75 86//75
f 82//76 81//76 93//76 94//76
f 75//77 74//77 86//77 87//77
f 92//78 91//78 103//78 104//78
f 85//79 84//79 96//79 97//79
f 93//80 92//80 104//80 105//80
f 86//81 85//81 97//81 98//81
f 94//82 93//82 105//82 106//82
f 87//83 86//83 98//83 99//83
f 88//84 87//84 99//84 100//84
f 89//85 88//85 100//85 101//85
f 90//86 89//86 101//86 102//86
f 91//87 90//87 102//87 103//87
f 84//88 83//88 95//88 96//88
f 101//89 100//89 114//89 115//89
f 102//90 101//90 115//90 116//90
f 103//91 102//91 116//91 117//91
f 96//92 95//92 109//92 110//92
f 104//93 103//93 117//93 118//93
f 97//94 96//94 110//94 111//94
f 105//95 104//95 118//95 119//95
f 98//96 97//96 111//96 112//96
f 106//97 105//97 119//97 120//97
f 99//98 98//98 112//98 113//98
f 100//99 99//99 113//99 114//99
f 119//100 118//100 132//100 133//100
f 112//101 111//101 125//101 126//101
f 120//102 119//102 133//102 134//102
f 113//103 112//103 126//103 127//103
f 114//104 113//104 127//104 128//104
f 115//105 114//105 128//105 129//105
f 116//106 115//106 129//106 130//106
f 117//107 116//107 130//107 131//107
f 110//108 109//108 123//108 124//108
f 118//109 117//109 131//109 132//109
f 111//110 110//110 124//110 125//110
f 130//111 129//111 143//111 144//111
f 131//112 130//112 144//112 145//112
f 124//113 123//113 137//113 138//113
f 132//114 131//114 145//114 146//114
f 125//115 124//115 138//115 139//115
f 133//116 132//116 146//116 147//116
f 126//117 125//117 139//117 140//117
f 134//118 133//118 147//118 148//118
f 127//119 126//119 140//119 141//119
f 128//120 127//120 141//120 142//120
f 82//121 94//121 163//121 164//121
f 129//122 128//122 142//122 143//122
f 140//123 139//123 153//123 154//123
f 148//124 147//124 161//124 162//124
f 141//125 140//125 154//125 155//125
f 94//126 106//126 150//126 163//126
f 142//127 141//127 155//127 156//127
f 190//128 204//128 107//128 108//128
f 143//129 142//129 156//129 157//129
f 106//130 120//130 149//130 150//130
f 144//131 143//131 157//131 158//131
f 145//132 144//132 158//132 159//132
f 138//133 137//133 151//133 152//133
f 146//134 145//134 159//134 160//134
f 139//135 138//135 152//135 153//135
f 147//136 146//136 160//136 161//136
f 158//137 157//137 171//137 172//137
f 159//138 158//138 172//138 173//138
f 152//139 151//139 165//139 166//139
f 160//140 159//140 173//140 174//140
f 153//141 152//141 166//141 167//141
f 161//142 160//142 174//142 175//142
f 154//143 153//143 167//143 168//143
f 162//144 161//144 175//144 176//144
f 155//145 154//145 168//145 169//145
f 34//146 46//146 191//146 192//146
f 156//147 155//147 169//147 170//147
f 176//148 190//148 108//148 121//148
f 157//149 156//149 170//149 171//149
f 22//150 34//150 192//150 205//150
f 176//151 175//151 189//151 190//151
f 169//152 168//152 182//152 183//152
f 120//153 134//153 136//153 149//153
f 170//154 169//154 183//154 184//154
f 10//155 22//155 205//155 206//155
f 171//156 170//156 184//156 185//156
f 134//157 148//157 135//157 136//157
f 172//158 171//158 185//158 186//158
f 173//159 172//159 186//159 187//159
f 166//160 165//160 179//160 180//160
f 174//161 173//161 187//161 188//161
f 167//162 166//162 180//162 181//162
f 175//163 174//163 188//163 189//163
f 168//164 167//164 181//164 182//164
f 187//165 186//165 200//165 201//165
f 180//166 179//166 193//166 194//166
f 188//167 187//167 201//167 202//167
f 181//168 180//168 194//168 195//168
f 189//169 188//169 202//169 203//169
f 182//170 181//170 195//170 196//170
f 190//171 189//171 203//171 204//171
f 183//172 182//172 196//172 197//172
f 46//173 58//173 178//173 191//173
f 184//174 183//174 197//174 198//174
f 58//175 70//175 177//175 178//175
f 185//176 184//176 198//176 199//176
f 162//177 176//177 121//177 122//177
f 186//178 185//178 199//178 200//178
f 197//179 196//179 2//179 3//179
f 148//180 162//180 122//180 135//180
f 198//181 197//181 3//181 4//181
f 204//182 10//182 206//182 107//182
f 199//183 198//183 4//183 5//183
f 70//184 82//184 164//184 177//184
f 200//185 199//185 5//185 6//185
f 23//186 11//186 207//186 193//186 179//186 165//186 151//186 137//186 123//186 109//186 95//186 83//186 71//186 59//186 47//186 35//186
f 201//187 200//187 6//187 7//187
f 194//188 193//188 207//188 208//188
f 202//189 201//189 7//189 8//189
f 195//190 194//190 208//190 1//190
f 203//191 202//191 8//191 9//191
f 196//192 195//192 1//192 2//192
f 204//193 203//193 9//193 10//193
f 416//1 415//1 219//1 220//1
f 216//2 215//2 227//2 228//2
f 209//3 416//3 220//3 221//3
f 217//4 216//4 228//4 229//4
f 210//5 209//5 221//5 222//5
f 218//6 217//6 229//6 230//6
f 211//7 210//7 222//7 223//7
f 212//8 211//8 223//8 224//8
f 213//9 212//9 224//9 225//9
f 214//10 213//10 225//10 226//10
f 215//11 214//11 226//11 227//11
f 227//12 226//12 238//12 239//12
f 220//13 219//13 231//13 232//13
f 228//14 227//14 239//14 240//14
f 221//15 220//15 232//15 233//15
f 229//16 228//16 240//16 241//16
f 222//17 221//17 233//17 234//17
f 230//18 229//18 241//18 242//18
f 223//19 222//19 234//19 235//19
f 224//20 223//20 235//20 236//20
f 225//21 224//21 236//21 237//21
f 226//22 225//22 237//22 238//22
f 235//23 234//23 246//23 247//23
f 236//24 235//24 247//24 248//24
f 237//25 236//25 248//25 249//25
f 238//26 237//26 249//26 250//26
f 239//27 238//27 250//27 251//27
f 232//28 231//28 243//28 244//28
f 240//29 239//29 251//29 252//29
f 233//30 232//30 244//30 245//30
f 241//31 240//31 252//31 253//31
f 234//32 233//32 245//32 246//32
f 242//33 241//33 253//33 254//33
f 251//34 250//34 262//34 263//34
f 244//35 243//35 255//35 256//35
f 252//36 251//36 263//36 264//36
f 245//37 244//37 256//37 257//37
f 253//38 252//38 264//38 265//38
f 246//39 245//39 257//39 258//39
f 254//40 253//40 265//40 266//40
f 247//41 246//41 258//41 259//41
f 248//42 247//42 259//42 260//42
f 249//43 248//43 260//43 261//43
f 250//194 249//194 261//194 262//194
f 260//45 259//45 271//45 272//45
f 261//195 260//195 272//195 273//195
f 262//196 261//196 273//196 274//196
f 263//48 262//48 274//48 275//48
f 256//49 255//49 267//49 268//49
f 264//50 263//50 275//50 276//50
f 257//51 256//51 268//51 269//51
f 265//52 264//52 276//52 277//52
f 258//53 257//53 269//53 270//53
f 266//54 265//54 277//54 278//54
f 259//55 258//55 270//55 271//55
f 268//56 267//56 279//56 280//56
f 276//57 275//57 287//57 288//57
f 269//58 268//58 280//58 281//58
f 277//59 276//59 288//59 289//59
f 270//60 269//60 281//60 282//60
f 278//61 277//61 289//61 290//61
f 271//62 270//62 282//62 283//62
f 272//63 271//63 283//63 284//63
f 273//197 272//197 284//197 285//197
f 274//198 273//198 285//198 286//198
f 275//66 274//66 286//66 287//66
f 284//67 283//67 295//67 296//67
f 285//199 284//199 296//199 297//199
f 286//200 285//200 297//200 298//200
f 287//70 286//70 298//70 299//70
f 280//71 279//71 291//71 292//71
f 288//201 287//201 299//201 300//201
f 281//73 280//73 292//73 293//73
f 289//74 288//74 300//74 301//74
f 282//75 281//75 293//75 294//75
f 290//76 289//76 301//76 302//76
f 283//77 282//77 294//77 295//77
f 300//78 299//78 311//78 312//78
f 293//79 292//79 304//79 305//79
f 301//80 300//80 312//80 313//80
f 294//81 293//81 305//81 306//81
f 302//82 301//82 313//82 314//82
f 295//83 294//83 306//83 307//83
f 296//84 295//84 307//84 308//84
f 297//85 296//85 308//85 309//85
f 298//86 297//86 309//86 310//86
f 299//87 298//87 310//87 311//87
f 292//88 291//88 303//88 304//88
f 309//89 308//89 322//89 323//89
f 310//90 309//90 323//90 324//90
f 311//91 310//91 324//91 325//91
f 304//92 303//92 317//92 318//92
f 312//93 311//93 325//93 326//93
f 305//94 304//94 318//94 319//94
f 313//95 312//95 326//95 327//95
f 306//96 305//96 319//96 320//96
f 314//97 313//97 327//97 328//97
f 307//98 306//98 320//98 321//98
f 308//99 307//99 321//99 322//99
f 327//100 326//100 340//100 341//100
f 320//101 319//101 333//101 334//101
f 328//102 327//102 341//102 342//102
f 321//103 320//103 334//103 335//103
f 322//104 321//104 335//104 336//104
f 323//105 322//105 336//105 337//105
f 324//106 323//106 337//106 338//106
f 325//107 324//107 338//107 339//107
f 318//108 317//108 331//108 332//108
f 326//109 325//109 339//109 340//109
f 319//110 318//110 332//110 333//110
f 338//202 337//202 351//202 352//202
f 339//112 338//112 352//112 353//112
f 332//113 331//113 345//113 346//113
f 340//203 339//203 353//203 354//203
f 333//115 332//115 346//115 347//115
f 341//116 340//116 354//116 355//116
f 334//117 333//117 347//117 348//117
f 342//118 341//118 355//118 356//118
f 335//119 334//119 348//119 349//119
f 336//120 335//120 349//120 350//120
f 290//121 302//121 371//121 372//121
f 337//204 336//204 350//204 351//204
f 348//123 347//123 361//123 362//123
f 356//124 355//124 369//124 370//124
f 349//125 348//125 362//125 363//125
f 302//126 314//126 358//126 371//126
f 350//127 349//127 363//127 364//127
f 398//128 412//128 315//128 316//128
f 351//129 350//129 364//129 365//129
f 314//130 328//130 357//130 358//130
f 352//131 351//131 365//131 366//131
f 353//132 352//132 366//132 367//132
f 346//133 345//133 359//133 360//133
f 354//134 353//134 367//134 368//134
f 347//135 346//135 360//135 361//135
f 355//136 354//136 368//136 369//136
f 366//137 365//137 379//137 380//137
f 367//138 366//138 380//138 381//138
f 360//139 359//139 373//139 374//139
f 368//140 367//140 381//140 382//140
f 361//141 360//141 374//141 375//141
f 369//142 368//142 382//142 383//142
f 362//143 361//143 375//143 376//143
f 370//144 369//144 383//144 384//144
f 363//145 362//145 376//145 377//145
f 242//146 254//146 399//146 400//146
f 364//147 363//147 377//147 378//147
f 384//148 398//148 316//148 329//148
f 365//149 364//149 378//149 379//149
f 230//150 242//150 400//150 413//150
f 384//151 383//151 397//151 398//151
f 377//152 376//152 390//152 391//152
f 328//153 342//153 344//153 357//153
f 378//205 377//205 391//205 392//205
f 218//155 230//155 413//155 414//155
f 379//156 378//156 392//156 393//156
f 342//157 356//157 343//157 344//157
f 380//158 379//158 393//158 394//158
f 381//206 380//206 394//206 395//206
f 374//160 373//160 387//160 388//160
f 382//161 381//161 395//161 396//161
f 375//162 374//162 388//162 389//162
f 383//163 382//163 396//163 397//163
f 376//164 375//164 389//164 390//164
f 395//165 394//165 408//165 409//165
f 388//166 387//166 401//166 402//166
f 396//207 395//207 409//207 410//207
f 389//168 388//168 402//168 403//168
f 397//169 396//169 410//169 411//169
f 390//170 389//170 403//170 404//170
f 398//171 397//171 411//171 412//171
f 391//172 390//172 404//172 405//172
f 254//173 266//173 386//173 399//173
f 392//208 391//208 405//208 406//208
f 266//175 278//175 385//175 386//175
f 393//176 392//176 406//176 407//176
f 370//177 384//177 329//177 330//177
f 394//178 393//178 407//178 408//178
f 405//179 404//179 210//179 211//179
f 356//180 370//180 330//180 343//180
f 406//181 405//181 211//181 212//181
f 412//182 218//182 414//182 315//182
f 407//183 406//183 212//183 213//183
f 278//184 290//184 372//184 385//184
f 408//185 407//185 213//185 214//185
f 231//186 219//186 415//186 401//186 387//186 373//186 359//186 345//186 331//186 317//186 303//186 291//186 279//186 267//186 255//186 243//186
f 409//187 408//187 214//187 215//187
f 402//188 401//188 415//188 416//188
f 410//189 409//189 215//189 216//189
f 403//190 402//190 416//190 209//190
f 411//191 410//191 216//191 217//191
f 404//192 403//192 209//192 210//192
f 412//193 411//193 217//193 218//193
f 980//209 777//209 420//209 958//209
f 972//210 655//210 424//210 959//210
f 976//211 730//211 422//211 960//211
f 982//186 798//186 418//186 957//186
f 748//212 735//212 421//212 656//212
f 826//213 734//213 418//213 798//213
f 822//186 799//186 425//186 693//186
f 752//211 731//211 428//211 696//211
f 708//210 657//210 427//210 695//210
f 784//209 779//209 426//209 694//209
f 783//209 780//209 429//209 677//209
f 692//210 658//210 430//210 678//210
f 750//211 732//211 431//211 679//211
f 820//186 800//186 432//186 680//186
f 806//186 801//186 433//186 480//186
f 740//211 733//211 436//211 479//211
f 664//210 659//210 435//210 478//210
f 782//209 781//209 434//209 477//209
f 758//209 757//209 446//209 481//209
f 684//214 452//214 457//214 688//214
f 697//215 442//215 468//215 701//215
f 761//209 756//209 443//209 682//209
f 762//209 755//209 442//209 697//209
f 484//214 449//214 474//214 488//214
f 682//215 443//215 470//215 686//215
f 483//216 456//216 465//216 487//216
f 681//217 439//217 469//217 685//217
f 978//209 753//209 438//209 962//209
f 973//211 715//211 453//211 963//211
f 724//212 710//212 448//212 671//212
f 824//213 709//213 447//213 815//213
f 727//211 716//211 454//211 699//211
f 725//211 717//211 455//211 683//211
f 719//211 718//211 456//211 483//211
f 683//216 455//216 463//216 687//216
f 962//215 438//215 471//215 966//215
f 482//217 441//217 462//217 486//217
f 699//216 454//216 461//216 703//216
f 487//211 465//211 466//211 486//211
f 687//211 463//211 464//211 685//211
f 703//211 461//211 462//211 702//211
f 817//213 472//213 471//213 816//213
f 673//212 473//212 469//212 672//212
f 967//211 459//211 460//211 965//211
f 485//209 467//209 476//209 488//209
f 686//209 470//209 475//209 688//209
f 701//209 468//209 474//209 704//209
f 966//209 471//209 472//209 968//209
f 698//217 444//217 464//217 702//217
f 963//216 453//216 459//216 967//216
f 700//214 450//214 475//214 704//214
f 660//218 440//218 460//218 662//218
f 671//219 448//219 473//219 673//219
f 964//214 451//214 476//214 968//214
f 802//220 437//220 458//220 804//220
f 815//221 447//221 472//221 817//221
f 481//215 446//215 467//215 485//215
f 961//217 445//217 466//217 965//217
f 442//215 481//215 485//215 468//215
f 468//209 485//209 488//209 474//209
f 461//211 487//211 486//211 462//211
f 445//217 482//217 486//217 466//217
f 716//211 719//211 483//211 454//211
f 454//216 483//216 487//216 461//216
f 451//214 484//214 488//214 476//214
f 667//222 428//222 490//222 675//222
f 779//209 782//209 477//209 426//209
f 657//210 664//210 478//210 427//210
f 806//223 480//223 496//223 808//223
f 481//224 442//224 493//224 494//224
f 759//209 760//209 494//209 493//209
f 741//211 744//211 489//211 490//211
f 807//186 808//186 496//186 491//186
f 758//225 481//225 494//225 760//225
f 441//226 482//226 495//226 492//226
f 736//227 425//227 491//227 742//227
f 740//228 479//228 489//228 744//228
f 765//229 441//229 492//229 769//229
f 877//209 498//209 500//209 878//209
f 878//210 500//210 504//210 879//210
f 879//211 504//211 502//211 880//211
f 880//186 502//186 498//186 877//186
f 503//230 501//230 508//230 507//230
f 504//213 500//213 498//213 502//213
f 903//211 899//211 518//211 511//211
f 501//231 497//231 506//231 508//231
f 499//232 503//232 507//232 505//232
f 497//233 499//233 505//233 506//233
f 533//212 511//212 518//212 534//212
f 908//209 907//209 509//209 517//209
f 912//209 837//209 521//209 906//209
f 900//210 903//210 511//210 533//210
f 505//210 507//210 514//210 515//210
f 508//186 506//186 520//186 519//186
f 506//209 505//209 515//209 520//209
f 507//211 508//211 519//211 514//211
f 512//186 510//186 534//186 518//186
f 901//186 512//186 518//186 899//186
f 937//186 516//186 520//186 936//186
f 516//186 513//186 519//186 520//186
f 911//211 839//211 531//211 902//211
f 837//212 838//212 522//212 521//212
f 842//213 841//213 524//213 523//213
f 946//211 842//211 523//211 942//211
f 905//186 530//186 536//186 904//186
f 941//186 529//186 525//186 939//186
f 940//210 935//210 527//210 535//210
f 945//209 840//209 532//209 938//209
f 936//209 940//209 535//209 536//209
f 935//211 939//211 525//211 527//211
f 517//209 509//209 533//209 534//209
f 907//209 526//209 535//209 900//209
f 908//209 517//209 534//209 904//209
f 526//209 528//209 536//209 535//209
f 873//211 874//211 540//211 538//211
f 874//210 875//210 544//210 540//210
f 875//209 876//209 542//209 544//209
f 876//186 873//186 538//186 542//186
f 543//233 547//233 548//233 541//233
f 544//213 542//213 538//213 540//213
f 917//209 551//209 558//209 913//209
f 541//231 548//231 546//231 537//231
f 539//232 545//232 547//232 543//232
f 537//230 546//230 545//230 539//230
f 573//212 574//212 558//212 551//212
f 922//211 557//211 549//211 921//211
f 924//211 920//211 561//211 859//211
f 914//210 573//210 551//210 917//210
f 545//210 555//210 554//210 547//210
f 548//186 559//186 560//186 546//186
f 546//211 560//211 555//211 545//211
f 547//209 554//209 559//209 548//209
f 552//186 558//186 574//186 550//186
f 915//186 913//186 558//186 552//186
f 927//186 926//186 560//186 556//186
f 556//186 560//186 559//186 553//186
f 923//209 916//209 571//209 863//209
f 859//212 561//212 562//212 861//212
f 862//213 563//213 564//213 860//213
f 934//209 932//209 563//209 862//209
f 919//186 918//186 576//186 570//186
f 931//186 929//186 565//186 569//186
f 930//210 575//210 567//210 925//210
f 933//211 928//211 572//211 864//211
f 926//211 576//211 575//211 930//211
f 925//209 567//209 565//209 929//209
f 557//211 574//211 573//211 549//211
f 921//211 914//211 575//211 566//211
f 922//211 918//211 574//211 557//211
f 566//211 575//211 576//211 568//211
f 851//209 578//209 580//209 852//209
f 852//210 580//210 584//210 853//210
f 853//211 584//211 582//211 854//211
f 854//186 582//186 578//186 851//186
f 583//230 581//230 588//230 587//230
f 584//213 580//213 578//213 582//213
f 845//211 843//211 592//211 591//211
f 581//231 577//231 586//231 588//231
f 579//232 583//232 587//232 585//232
f 577//233 579//233 585//233 586//233
f 597//212 591//212 592//212 598//212
f 949//186 596//186 604//186 950//186
f 843//186 846//186 598//186 592//186
f 844//210 845//210 591//210 597//210
f 585//210 587//210 594//210 599//210
f 588//186 586//186 600//186 593//186
f 586//209 585//209 599//209 600//209
f 587//211 588//211 593//211 594//211
f 887//209 888//209 597//209 598//209
f 956//209 889//209 599//209 952//209
f 891//209 887//209 598//209 846//209
f 889//209 890//209 600//209 599//209
f 589//212 590//212 602//212 601//212
f 596//213 595//213 603//213 604//213
f 847//210 589//210 601//210 849//210
f 855//211 856//211 608//211 606//211
f 856//210 857//210 612//210 608//210
f 857//209 858//209 610//209 612//209
f 858//186 855//186 606//186 610//186
f 611//233 615//233 616//233 609//233
f 612//213 610//213 606//213 608//213
f 867//209 619//209 620//209 865//209
f 609//231 616//231 614//231 605//231
f 607//232 613//232 615//232 611//232
f 605//230 614//230 613//230 607//230
f 625//212 626//212 620//212 619//212
f 886//186 872//186 632//186 881//186
f 865//186 620//186 626//186 868//186
f 866//210 625//210 619//210 867//210
f 613//210 627//210 622//210 615//210
f 616//186 621//186 628//186 614//186
f 614//211 628//211 627//211 613//211
f 615//209 622//209 621//209 616//209
f 893//211 626//211 625//211 894//211
f 898//211 866//211 627//211 895//211
f 897//211 868//211 626//211 893//211
f 895//211 627//211 628//211 896//211
f 883//212 629//212 630//212 882//212
f 881//213 632//213 631//213 884//213
f 885//210 871//210 629//210 883//210
f 675//186 676//186 654//186 653//186
f 674//223 652//223 654//223 676//223
f 811//210 818//210 651//210 638//210
f 799//222 637//222 653//222 807//222
f 661//221 646//221 650//221 663//221
f 670//220 644//220 648//220 672//220
f 803//219 645//219 649//219 805//219
f 814//218 643//218 647//218 816//218
f 805//212 649//212 648//212 804//212
f 663//213 650//213 647//213 662//213
f 723//213 721//213 646//213 661//213
f 823//212 722//212 645//212 803//212
f 818//210 813//210 642//210 651//210
f 674//186 669//186 641//186 652//186
f 691//186 668//186 640//186 689//186
f 819//210 812//210 639//210 690//210
f 821//210 811//210 638//210 705//210
f 707//186 667//186 637//186 706//186
f 747//213 745//213 636//213 666//213
f 825//212 746//212 635//212 810//212
f 971//186 666//186 636//186 969//186
f 981//210 809//210 634//210 970//210
f 960//186 422//186 666//186 971//186
f 730//213 747//213 666//213 422//213
f 696//186 428//186 667//186 707//186
f 679//186 431//186 668//186 691//186
f 479//186 436//186 669//186 674//186
f 715//213 723//213 661//213 453//213
f 459//213 663//213 662//213 460//213
f 439//220 670//220 672//220 469//220
f 453//221 661//221 663//221 459//221
f 479//223 674//223 676//223 489//223
f 490//186 489//186 676//186 675//186
f 638//210 651//210 664//210 657//210
f 637//222 667//222 675//222 653//222
f 645//219 671//219 673//219 649//219
f 643//218 660//218 662//218 647//218
f 649//212 673//212 672//212 648//212
f 722//212 724//212 671//212 645//212
f 651//210 642//210 659//210 664//210
f 690//210 639//210 658//210 692//210
f 705//210 638//210 657//210 708//210
f 746//212 748//212 656//212 635//212
f 970//210 634//210 655//210 972//210
f 633//210 690//210 692//210 665//210
f 421//186 679//186 691//186 656//186
f 797//210 819//210 690//210 633//210
f 656//186 691//186 689//186 635//186
f 458//209 686//209 688//209 457//209
f 473//211 687//211 685//211 469//211
f 448//216 683//216 687//216 473//216
f 710//211 725//211 683//211 448//211
f 444//217 681//217 685//217 464//217
f 437//215 682//215 686//215 458//215
f 763//209 761//209 682//209 437//209
f 450//214 684//214 688//214 475//214
f 810//186 820//186 680//186 417//186
f 735//211 750//211 679//211 421//211
f 665//210 692//210 678//210 423//210
f 785//209 783//209 677//209 419//209
f 639//210 705//210 708//210 658//210
f 431//186 696//186 707//186 668//186
f 668//186 707//186 706//186 640//186
f 812//210 821//210 705//210 639//210
f 449//214 700//214 704//214 474//214
f 441//217 698//217 702//217 462//217
f 470//209 701//209 704//209 475//209
f 463//211 703//211 702//211 464//211
f 455//216 699//216 703//216 463//216
f 717//211 727//211 699//211 455//211
f 756//209 762//209 697//209 443//209
f 443//215 697//215 701//215 470//215
f 780//209 784//209 694//209 429//209
f 658//210 708//210 695//210 430//210
f 732//211 752//211 696//211 431//211
f 800//186 822//186 693//186 432//186
f 450//209 700//209 728//209 712//209
f 788//211 796//211 727//211 717//211
f 452//209 684//209 726//209 714//209
f 778//211 795//211 725//211 710//211
f 792//212 794//212 724//212 722//212
f 786//213 793//213 723//213 715//213
f 830//212 792//212 722//212 823//212
f 793//213 791//213 721//213 723//213
f 449//209 484//209 720//209 711//209
f 787//211 790//211 719//211 716//211
f 790//211 789//211 718//211 719//211
f 795//211 788//211 717//211 725//211
f 796//211 787//211 716//211 727//211
f 829//213 777//213 709//213 824//213
f 794//212 778//212 710//212 724//212
f 979//211 786//211 715//211 973//211
f 484//209 451//209 713//209 720//209
f 684//209 450//209 712//209 726//209
f 700//209 449//209 711//209 728//209
f 964//209 447//209 709//209 974//209
f 766//211 776//211 752//211 732//211
f 432//209 693//209 751//209 737//209
f 754//211 775//211 750//211 735//211
f 417//209 680//209 749//209 729//209
f 772//212 774//212 748//212 746//212
f 764//213 773//213 747//213 730//213
f 828//212 772//212 746//212 825//212
f 773//213 771//213 745//213 747//213
f 428//229 731//229 741//229 490//229
f 768//228 740//228 744//228 770//228
f 755//227 736//227 742//227 759//227
f 480//225 739//225 743//225 496//225
f 769//211 770//211 744//211 741//211
f 491//209 496//209 743//209 742//209
f 957//209 418//209 734//209 975//209
f 693//209 425//209 736//209 751//209
f 680//209 432//209 737//209 749//209
f 480//209 433//209 738//209 739//209
f 768//211 767//211 733//211 740//211
f 775//211 766//211 732//211 750//211
f 776//211 765//211 731//211 752//211
f 827//213 753//213 734//213 826//213
f 774//212 754//212 735//212 748//212
f 977//211 764//211 730//211 976//211
f 961//211 440//211 764//211 977//211
f 670//212 439//212 754//212 774//212
f 814//213 438//213 753//213 827//213
f 698//211 441//211 765//211 776//211
f 681//211 444//211 766//211 775//211
f 482//211 445//211 767//211 768//211
f 492//211 495//211 770//211 769//211
f 442//227 755//227 759//227 493//227
f 482//228 768//228 770//228 495//228
f 660//213 643//213 771//213 773//213
f 802//212 644//212 772//212 828//212
f 440//213 660//213 773//213 764//213
f 644//212 670//212 774//212 772//212
f 439//211 681//211 775//211 754//211
f 444//211 698//211 776//211 766//211
f 737//209 751//209 762//209 756//209
f 729//209 749//209 761//209 763//209
f 731//229 765//229 769//229 741//229
f 739//225 758//225 760//225 743//225
f 742//209 743//209 760//209 759//209
f 975//209 734//209 753//209 978//209
f 751//209 736//209 755//209 762//209
f 749//209 737//209 756//209 761//209
f 739//209 738//209 757//209 758//209
f 959//211 424//211 786//211 979//211
f 665//212 423//212 778//212 794//212
f 809//213 420//213 777//213 829//213
f 695//211 427//211 787//211 796//211
f 678//211 430//211 788//211 795//211
f 478//211 435//211 789//211 790//211
f 427//211 478//211 790//211 787//211
f 655//213 634//213 791//213 793//213
f 797//212 633//212 792//212 830//212
f 424//213 655//213 793//213 786//213
f 633//212 665//212 794//212 792//212
f 423//211 678//211 795//211 778//211
f 430//211 695//211 796//211 788//211
f 712//209 728//209 784//209 780//209
f 714//209 726//209 783//209 785//209
f 711//209 720//209 782//209 779//209
f 720//209 713//209 781//209 782//209
f 726//209 712//209 780//209 783//209
f 728//209 711//209 779//209 784//209
f 974//209 709//209 777//209 980//209
f 419//212 797//212 830//212 785//212
f 634//213 809//213 829//213 791//213
f 437//212 802//212 828//212 763//212
f 643//213 814//213 827//213 771//213
f 771//213 827//213 826//213 745//213
f 763//212 828//212 825//212 729//212
f 791//213 829//213 824//213 721//213
f 785//212 830//212 823//212 714//212
f 640//186 706//186 822//186 800//186
f 429//210 694//210 821//210 812//210
f 635//186 689//186 820//186 810//186
f 419//210 677//210 819//210 797//210
f 958//210 420//210 809//210 981//210
f 729//212 825//212 810//212 417//212
f 694//210 426//210 811//210 821//210
f 677//210 429//210 812//210 819//210
f 477//210 434//210 813//210 818//210
f 714//212 823//212 803//212 452//212
f 457//212 805//212 804//212 458//212
f 438//218 814//218 816//218 471//218
f 452//219 803//219 805//219 457//219
f 425//222 799//222 807//222 491//222
f 426//210 477//210 818//210 811//210
f 653//186 654//186 808//186 807//186
f 652//223 806//223 808//223 654//223
f 646//221 815//221 817//221 650//221
f 644//220 802//220 804//220 648//220
f 650//213 817//213 816//213 647//213
f 721//213 824//213 815//213 646//213
f 652//186 641//186 801//186 806//186
f 689//186 640//186 800//186 820//186
f 706//186 637//186 799//186 822//186
f 745//213 826//213 798//213 636//213
f 969//186 636//186 798//186 982//186
f 937//209 530//209 836//209 943//209
f 941//211 513//211 834//211 944//211
f 513//213 516//213 832//213 834//213
f 510//212 512//212 833//212 831//212
f 901//211 529//211 835//211 909//211
f 905//209 510//209 831//209 910//209
f 943//209 836//209 840//209 945//209
f 944//211 834//211 842//211 946//211
f 834//213 832//213 841//213 842//213
f 831//212 833//212 838//212 837//212
f 909//211 835//211 839//211 911//211
f 910//209 831//209 837//209 912//209
f 953//210 847//210 849//210 954//210
f 955//209 891//209 846//209 948//209
f 888//209 892//209 844//209 597//209
f 952//210 947//210 845//210 844//210
f 951//186 948//186 846//186 843//186
f 590//186 848//186 850//186 602//186
f 947//211 951//211 843//211 845//211
f 581//186 854//186 851//186 577//186
f 583//211 853//211 854//211 581//211
f 579//210 852//210 853//210 583//210
f 577//209 851//209 852//209 579//209
f 609//186 605//186 855//186 858//186
f 611//209 609//209 858//209 857//209
f 607//210 611//210 857//210 856//210
f 605//211 607//211 856//211 855//211
f 927//211 933//211 864//211 570//211
f 931//209 934//209 862//209 553//209
f 553//213 862//213 860//213 556//213
f 550//212 859//212 861//212 552//212
f 915//209 923//209 863//209 569//209
f 919//211 924//211 859//211 550//211
f 884//210 631//210 871//210 885//210
f 896//211 628//211 868//211 897//211
f 894//211 625//211 866//211 898//211
f 627//210 866//210 867//210 622//210
f 621//186 865//186 868//186 628//186
f 882//186 630//186 872//186 886//186
f 622//209 867//209 865//209 621//209
f 541//186 537//186 873//186 876//186
f 543//209 541//209 876//209 875//209
f 539//210 543//210 875//210 874//210
f 537//211 539//211 874//211 873//211
f 501//186 880//186 877//186 497//186
f 503//211 879//211 880//211 501//211
f 499//210 878//210 879//210 503//210
f 497//209 877//209 878//209 499//209
f 618//186 882//186 886//186 870//186
f 623//210 884//210 885//210 869//210
f 869//210 885//210 883//210 617//210
f 624//213 881//213 884//213 623//213
f 617//212 883//212 882//212 618//212
f 870//186 886//186 881//186 624//186
f 589//209 847//209 892//209 888//209
f 949//209 848//209 891//209 955//209
f 595//209 596//209 890//209 889//209
f 848//209 590//209 887//209 891//209
f 953//209 595//209 889//209 956//209
f 590//211 589//211 888//211 887//211
f 617//211 894//211 898//211 869//211
f 624//211 896//211 897//211 870//211
f 623//211 895//211 896//211 624//211
f 870//211 897//211 893//211 618//211
f 869//211 898//211 895//211 623//211
f 618//209 893//209 894//209 617//209
f 836//209 910//209 912//209 840//209
f 833//211 909//211 911//211 838//211
f 530//209 905//209 910//209 836//209
f 512//211 901//211 909//211 833//211
f 528//209 908//209 904//209 536//209
f 509//209 907//209 900//209 533//209
f 510//186 905//186 904//186 534//186
f 838//211 911//211 902//211 522//211
f 529//186 901//186 899//186 525//186
f 535//210 527//210 903//210 900//210
f 840//209 912//209 906//209 532//209
f 528//209 526//209 907//209 908//209
f 527//211 525//211 899//211 903//211
f 570//211 864//211 924//211 919//211
f 552//209 861//209 923//209 915//209
f 568//211 576//211 918//211 922//211
f 549//211 573//211 914//211 921//211
f 550//186 574//186 918//186 919//186
f 861//209 562//209 916//209 923//209
f 569//186 565//186 913//186 915//186
f 575//210 914//210 917//210 567//210
f 864//211 572//211 920//211 924//211
f 568//211 922//211 921//211 566//211
f 567//209 917//209 913//209 565//209
f 569//209 863//209 934//209 931//209
f 556//211 860//211 933//211 927//211
f 554//209 925//209 929//209 559//209
f 560//211 926//211 930//211 555//211
f 860//211 564//211 928//211 933//211
f 555//210 930//210 925//210 554//210
f 553//186 559//186 929//186 931//186
f 863//209 571//209 932//209 934//209
f 570//186 576//186 926//186 927//186
f 835//211 944//211 946//211 839//211
f 832//209 943//209 945//209 841//209
f 529//211 941//211 944//211 835//211
f 516//209 937//209 943//209 832//209
f 514//211 519//211 939//211 935//211
f 520//209 515//209 940//209 936//209
f 841//209 945//209 938//209 524//209
f 515//210 514//210 935//210 940//210
f 513//186 941//186 939//186 519//186
f 839//211 946//211 942//211 531//211
f 530//186 937//186 936//186 536//186
f 847//209 953//209 956//209 892//209
f 596//209 949//209 955//209 890//209
f 594//211 593//211 951//211 947//211
f 593//186 600//186 948//186 951//186
f 599//210 594//210 947//210 952//210
f 890//209 955//209 948//209 600//209
f 595//210 953//210 954//210 603//210
f 892//209 956//209 952//209 844//209
f 848//186 949//186 950//186 850//186
f 641//186 969//186 982//186 801//186
f 434//210 958//210 981//210 813//210
f 713//209 974//209 980//209 781//209
f 435//211 959//211 979//211 789//211
f 738//209 975//209 978//209 757//209
f 445//211 961//211 977//211 767//211
f 767//211 977//211 976//211 733//211
f 433//209 957//209 975//209 738//209
f 451//209 964//209 974//209 713//209
f 789//211 979//211 973//211 718//211
f 642//210 970//210 972//210 659//210
f 436//186 960//186 971//186 669//186
f 813//210 981//210 970//210 642//210
f 669//186 971//186 969//186 641//186
f 440//217 961//217 965//217 460//217
f 447//214 964//214 968//214 472//214
f 456//216 963//216 967//216 465//216
f 467//209 966//209 968//209 476//209
f 465//211 967//211 965//211 466//211
f 446//215 962//215 966//215 467//215
f 718//211 973//211 963//211 456//211
f 757//209 978//209 962//209 446//209
f 801//186 982//186 957//186 433//186
f 733//211 976//211 960//211 436//211
f 659//210 972//210 959//210 435//210
f 781//209 980//209 958//209 434//209
o Cube.004
v 3.971609 1.740306 -7.960330
v 3.971609 1.529491 -7.960330
v 3.971609 1.740306 -3.544547
v 3.971609 1.529491 -3.544547
v -4.890485 1.740306 -7.960330
v -4.890485 1.529491 -7.960330
v -4.890485 1.740306 -3.544547
v -4.890485 1.529491 -3.544547
vn 1.0000 0.0000 0.0000
vn 0.0000 0.0000 1.0000
vn -1.0000 0.0000 0.0000
vn 0.0000 0.0000 -1.0000
vn 0.0000 1.0000 0.0000
vn 0.0000 -1.0000 0.0000
usemtl Floor_Wood
s off
f 983//234 985//234 986//234 984//234
f 985//235 989//235 990//235 986//235
f 989//236 987//236 988//236 990//236
f 987//237 983//237 984//237 988//237
f 985//238 983//238 987//238 989//238
f 990//239 988//239 984//239 986//239
o Cylinder_Cylinder.002
v 7.528639 1.159008 -0.374776
v 7.335771 1.160161 -0.373222
v 7.165505 1.161877 -0.379618
v 7.000648 1.163494 -0.405321
v 6.842325 1.164321 -0.467940
v 6.691618 1.164321 -0.566401
v 6.549557 1.164321 -0.676972
v 6.417112 1.164321 -0.798897
v 6.295188 1.164321 -0.931342
v 6.184618 1.164321 -1.073403
v 6.086156 1.164321 -1.224110
v 6.000476 1.164321 -1.382433
v 5.928163 1.164321 -1.547291
v 5.869711 1.164321 -1.717557
v 5.825519 1.164321 -1.892068
v 5.795889 1.164321 -2.069633
v 5.777324 1.164321 -2.338477
v 5.781024 1.164321 -2.429058
v 5.795890 1.164321 -2.608464
v 5.825521 1.164321 -2.786028
v 5.869713 1.164321 -2.960540
v 5.928165 1.164321 -3.130806
v 6.000479 1.164321 -3.295663
v 6.086160 1.164321 -3.453986
v 6.184621 1.164321 -3.604692
v 6.295192 1.164321 -3.746753
v 6.417117 1.164321 -3.879198
v 6.549562 1.164321 -4.001122
v 6.691623 1.164321 -4.111692
v 6.842330 1.164321 -4.210154
v 7.000653 1.163494 -4.272771
v 7.165511 1.161877 -4.298474
v 7.335777 1.160161 -4.304870
v 7.861822 1.158298 -4.307219
v 6.608211 1.013976 -3.634298
v 7.875421 1.158269 -4.295094
v 5.782897 1.173318 -2.294718
v 5.795890 1.173318 -2.606782
v 5.825521 1.173318 -2.783239
v 5.869713 1.173318 -2.956661
v 5.928165 1.173318 -3.125865
v 6.000479 1.173318 -3.289693
v 6.086160 1.173318 -3.447028
v 6.184621 1.173318 -3.596794
v 6.295193 1.173318 -3.737968
v 6.417117 1.173318 -3.869586
v 6.549562 1.173318 -3.990750
v 6.691623 1.173318 -4.100630
v 6.842330 1.173318 -4.198477
v 7.000653 1.172388 -4.260704
v 7.165511 1.170567 -4.286246
v 7.335777 1.168635 -4.292602
v 7.861822 1.166538 -4.294936
v 7.861815 1.166538 -0.404153
v 7.335772 1.168635 -0.406463
v 7.165505 1.170567 -0.412751
v 7.000648 1.172388 -0.438019
v 6.842325 1.173318 -0.499579
v 6.691618 1.173318 -0.596376
v 6.549557 1.173318 -0.705077
v 6.417112 1.173318 -0.824940
v 6.295188 1.173318 -0.955146
v 6.184618 1.173318 -1.094805
v 6.086156 1.173318 -1.242963
v 6.000476 1.173318 -1.398609
v 5.928163 1.173318 -1.560679
v 5.869711 1.173318 -1.728066
v 5.825519 1.173318 -1.899626
v 5.795889 1.173318 -2.074189
v 7.875414 1.158269 -0.403996
v 7.861818 1.166538 -2.360044
v 7.335774 1.168635 -2.360019
v 7.165508 1.170567 -2.359951
v 7.000650 1.172388 -2.359677
v 6.842328 1.173318 -2.359009
v 6.691621 1.173318 -2.357959
v 6.549560 1.173318 -2.356779
v 6.417115 1.173318 -2.355479
v 6.295190 1.173318 -2.354066
v 6.184619 1.173318 -2.352551
v 6.086158 1.173318 -2.350943
v 6.000478 1.173318 -2.349254
v 5.928164 1.173318 -2.347495
v 5.869712 1.173318 -2.345679
v 5.825520 1.173318 -2.343817
v 5.795889 1.173318 -2.341923
v 5.781035 1.173318 -2.428211
v 7.875418 1.158269 -2.360045
v 6.703576 1.014286 -1.133955
v 5.781047 1.164321 -2.248467
v 5.781047 1.018811 -2.248467
v 7.875418 1.025069 -2.360045
v 7.875414 1.025069 -0.403996
v 7.875421 1.025069 -4.295094
v 7.861822 1.025039 -4.307219
v 7.335777 1.023113 -4.304870
v 7.165511 1.021338 -4.298474
v 7.000653 1.019666 -4.272771
v 6.842330 1.018811 -4.210154
v 6.691623 1.018811 -4.111692
v 6.549562 1.018811 -4.001122
v 6.417117 1.018811 -3.879198
v 6.295192 1.018811 -3.746753
v 6.184621 1.018811 -3.604692
v 6.086160 1.018811 -3.453986
v 6.000479 1.018811 -3.295663
v 5.928165 1.018811 -3.130806
v 5.869713 1.018811 -2.960540
v 5.825521 1.018811 -2.786028
v 5.795890 1.018811 -2.608464
v 5.781024 1.018811 -2.429058
v 5.777324 1.018811 -2.338477
v 5.795889 1.018811 -2.069633
v 5.825519 1.018811 -1.892068
v 5.869711 1.018811 -1.717557
v 5.928163 1.018811 -1.547291
v 6.000476 1.018811 -1.382433
v 6.086156 1.018811 -1.224110
v 6.184618 1.018811 -1.073403
v 6.295188 1.018811 -0.931342
v 6.417112 1.018811 -0.798897
v 6.549557 1.018811 -0.676972
v 6.691618 1.018811 -0.566401
v 6.842325 1.018811 -0.467940
v 7.000648 1.019666 -0.405321
v 7.165505 1.021338 -0.379618
v 7.335771 1.023113 -0.373222
v 7.528639 1.024305 -0.374776
v 7.861815 1.025039 -0.370872
v 7.741696 1.024774 -4.305811
v 7.741693 1.166826 -2.360029
v 7.741691 1.166826 -0.405537
v 7.741696 1.166826 -4.293538
v 7.741696 1.158554 -4.305811
v 7.861815 1.158298 -0.370872
v 7.528645 1.159008 -4.303315
v 7.528645 1.167337 -4.291057
v 7.528639 1.167337 -0.407991
v 7.528642 1.167337 -2.360002
v 7.528645 1.024305 -4.303315
v 7.741691 1.024774 -0.372280
v 7.741691 1.158554 -0.372280
v 7.741691 1.090542 -0.372280
v 7.528645 1.090526 -4.303315
v 7.861815 1.090550 -0.370872
v 7.741696 1.090542 -4.305811
v 5.781047 1.090345 -2.248467
v 7.875418 1.090551 -2.360045
v 7.875414 1.090551 -0.403996
v 7.875421 1.090551 -4.295094
v 7.861822 1.090550 -4.307219
v 7.335777 1.090487 -4.304870
v 7.165511 1.090428 -4.298474
v 7.000653 1.090373 -4.272771
v 6.842330 1.090345 -4.210154
v 6.691623 1.090345 -4.111692
v 6.549562 1.090345 -4.001122
v 6.417117 1.090345 -3.879198
v 6.295192 1.090345 -3.746753
v 6.184621 1.090345 -3.604692
v 6.086160 1.090345 -3.453986
v 6.000479 1.090345 -3.295663
v 5.928165 1.090345 -3.130806
v 5.869713 1.090345 -2.960540
v 5.825521 1.090345 -2.786028
v 5.795890 1.090345 -2.608464
v 5.781024 1.090345 -2.429058
v 5.777324 1.090345 -2.338477
v 5.795889 1.090345 -2.069633
v 5.825519 1.090345 -1.892068
v 5.869711 1.090345 -1.717557
v 5.928163 1.090345 -1.547291
v 6.000476 1.090345 -1.382433
v 6.086156 1.090345 -1.224110
v 6.184618 1.090345 -1.073403
v 6.295188 1.090345 -0.931342
v 6.417112 1.090345 -0.798897
v 6.549557 1.090345 -0.676972
v 6.691618 1.090345 -0.566401
v 6.842325 1.090345 -0.467940
v 7.000648 1.090373 -0.405321
v 7.165505 1.090428 -0.379618
v 7.335771 1.090487 -0.373222
v 7.528639 1.090526 -0.374776
v 7.872015 1.025062 -0.379073
v 7.322373 1.018766 -0.564571
v 7.861815 1.164478 -0.379192
v 7.427159 1.023890 -0.375012
v 7.177722 1.017819 -0.563405
v 7.335772 1.166516 -0.381532
v 7.250034 1.022191 -0.373419
v 7.050023 1.016410 -0.568202
v 7.165505 1.168395 -0.387901
v 7.082329 1.020511 -0.390643
v 6.926380 1.015081 -0.587479
v 7.000648 1.170164 -0.413496
v 6.920600 1.019025 -0.429228
v 6.807637 1.014402 -0.634443
v 6.842325 1.171069 -0.475850
v 6.765954 1.018811 -0.515612
v 6.694607 1.014402 -0.708290
v 6.691618 1.171069 -0.573895
v 6.619444 1.018811 -0.620218
v 6.588062 1.014402 -0.791218
v 6.549557 1.171069 -0.683998
v 6.482074 1.018811 -0.736565
v 6.488728 1.014402 -0.882661
v 6.417112 1.171069 -0.805407
v 6.354781 1.018811 -0.863859
v 6.397285 1.014402 -0.981995
v 6.295188 1.171069 -0.937293
v 6.238434 1.018811 -1.001229
v 6.314357 1.014402 -1.088541
v 6.184618 1.171069 -1.078753
v 6.133828 1.018811 -1.147738
v 6.240511 1.014402 -1.201571
v 6.086156 1.171069 -1.228823
v 6.041679 1.018811 -1.302385
v 6.176251 1.014402 -1.320313
v 6.000476 1.171069 -1.386477
v 5.962615 1.018811 -1.464114
v 6.122016 1.014402 -1.443956
v 5.928163 1.171069 -1.550638
v 5.897177 1.018811 -1.631819
v 6.078177 1.014402 -1.571656
v 5.869711 1.171069 -1.720184
v 5.845810 1.018811 -1.804356
v 6.045033 1.014402 -1.702540
v 5.825519 1.171069 -1.893958
v 5.808868 1.018811 -1.980544
v 6.022810 1.014402 -1.835714
v 5.795889 1.171069 -2.070772
v 5.786607 1.018811 -2.159039
v 5.985045 1.014325 -2.662432
v 5.781509 1.171069 -2.260030
v 5.778237 1.018811 -2.361408
v 5.987820 1.014325 -2.730368
v 5.781026 1.171069 -2.428847
v 5.786602 1.018811 -2.518915
v 5.998970 1.014325 -2.864922
v 5.795890 1.171069 -2.608043
v 5.808869 1.018811 -2.697552
v 6.021193 1.014325 -2.998096
v 5.825521 1.171069 -2.785331
v 5.845812 1.018811 -2.873741
v 6.054338 1.014325 -3.128979
v 5.869713 1.171069 -2.959570
v 5.897179 1.018811 -3.046277
v 6.098177 1.014325 -3.256679
v 5.928165 1.171069 -3.129570
v 5.962618 1.018811 -3.213982
v 6.152412 1.014325 -3.380322
v 6.000479 1.171069 -3.294171
v 6.041682 1.018811 -3.375710
v 6.216672 1.014325 -3.499064
v 6.086160 1.171069 -3.452246
v 6.133832 1.018811 -3.530357
v 6.290519 1.014325 -3.612094
v 6.184621 1.171069 -3.602718
v 6.238438 1.018811 -3.676866
v 6.373447 1.014325 -3.718639
v 6.295192 1.171069 -3.744557
v 6.354785 1.018811 -3.814236
v 6.464890 1.014325 -3.817973
v 6.417117 1.171069 -3.876795
v 6.482079 1.018811 -3.941530
v 6.564224 1.014325 -3.909416
v 6.549562 1.171069 -3.998529
v 6.619449 1.018811 -4.057876
v 6.670770 1.014325 -3.992343
v 6.691623 1.171069 -4.108927
v 6.765959 1.018811 -4.162481
v 6.783800 1.014325 -4.066190
v 6.842330 1.171069 -4.207234
v 6.920606 1.019025 -4.248865
v 6.902543 1.015004 -4.113153
v 7.000653 1.170164 -4.269754
v 7.082335 1.020511 -4.287449
v 7.026186 1.016332 -4.132430
v 7.165511 1.168395 -4.295417
v 7.250040 1.022191 -4.304672
v 7.153885 1.017742 -4.137227
v 7.335777 1.166516 -4.301803
v 7.427165 1.023890 -4.303080
v 7.548419 1.019272 -4.138989
v 7.528645 1.165255 -4.300250
v 7.872021 1.025062 -4.304268
v 7.558618 1.019296 -4.129895
v 5.786605 1.173318 -2.517721
v 5.808869 1.173318 -2.695315
v 5.845812 1.173318 -2.870404
v 5.897179 1.173318 -3.041863
v 5.962618 1.173318 -3.208522
v 6.041682 1.173318 -3.369241
v 6.133832 1.173318 -3.522923
v 6.238438 1.173318 -3.668517
v 6.354785 1.173318 -3.805030
v 6.482079 1.173318 -3.931529
v 6.619449 1.173318 -4.047149
v 6.765959 1.173318 -4.151102
v 6.920606 1.173085 -4.236946
v 7.082335 1.171467 -4.275290
v 7.250040 1.169639 -4.292406
v 7.872021 1.164455 -4.295055
v 7.427165 1.167789 -4.290823
v 7.582455 1.019373 -0.586486
v 5.787069 1.173318 -2.173263
v 5.808868 1.173318 -1.986606
v 5.845811 1.173318 -1.813397
v 5.897177 1.173318 -1.643778
v 5.962615 1.173318 -1.478909
v 6.041679 1.173318 -1.319915
v 6.133828 1.173318 -1.167883
v 6.238434 1.173318 -1.023851
v 6.354781 1.173318 -0.888803
v 6.482074 1.173318 -0.763662
v 6.619444 1.173318 -0.649282
v 6.765954 1.173318 -0.546446
v 6.920600 1.173085 -0.461522
v 7.082329 1.171467 -0.423590
v 7.250034 1.169639 -0.406657
v 7.872015 1.164455 -0.404035
v 7.427159 1.167789 -0.408223
v 7.528640 1.167337 -0.912601
v 7.335772 1.168635 -0.911473
v 7.165506 1.170567 -0.916117
v 7.000648 1.172388 -0.934783
v 6.842326 1.173318 -0.980256
v 6.691619 1.173318 -1.051759
v 6.549558 1.173318 -1.132055
v 6.417113 1.173318 -1.220596
v 6.295189 1.173318 -1.316778
v 6.184618 1.173318 -1.419942
v 6.086156 1.173318 -1.529384
v 6.000476 1.173318 -1.644358
v 5.928164 1.173318 -1.764077
v 5.869711 1.173318 -1.887723
v 5.825519 1.173318 -2.014453
v 5.795889 1.173318 -2.143400
v 7.875415 1.158269 -0.909650
v 6.011679 1.014402 -1.969839
v 5.778252 1.171069 -2.360910
v 7.582457 1.019373 -2.053523
v 5.787069 1.173318 -2.329645
v 5.808868 1.173318 -2.342873
v 5.845811 1.173318 -2.344753
v 5.897178 1.173318 -2.346593
v 5.962616 1.173318 -2.348383
v 6.041680 1.173318 -2.350108
v 6.133830 1.173318 -2.351758
v 6.238436 1.173318 -2.353321
v 6.354783 1.173318 -2.354786
v 6.482077 1.173318 -2.356144
v 6.619447 1.173318 -2.357385
v 6.765956 1.173318 -2.358500
v 6.920603 1.173085 -2.359422
v 7.082332 1.171467 -2.359833
v 7.250037 1.169639 -2.360017
v 7.872018 1.164455 -2.360045
v 7.427162 1.167789 -2.360000
v 7.528644 1.167337 -3.802164
v 7.335776 1.168635 -3.803322
v 7.165510 1.170567 -3.798558
v 7.000652 1.172388 -3.779413
v 6.842330 1.173318 -3.732771
v 6.691623 1.173318 -3.659431
v 6.549562 1.173318 -3.577071
v 6.417116 1.173318 -3.486254
v 6.295192 1.173318 -3.387600
v 6.184621 1.173318 -3.281784
v 6.086159 1.173318 -3.169528
v 6.000479 1.173318 -3.051599
v 5.928165 1.173318 -2.928802
v 5.869713 1.173318 -2.801976
v 5.825520 1.173318 -2.671988
v 5.795890 1.173318 -2.539727
v 5.781507 1.173318 -2.394414
v 7.875420 1.158269 -3.805191
v 6.741138 1.014897 -2.847242
v 5.778267 1.018811 -2.315689
v 7.872015 1.090551 -0.379073
v 7.427159 1.090513 -0.375012
v 7.250034 1.090456 -0.373419
v 7.082329 1.090401 -0.390643
v 6.920600 1.090352 -0.429228
v 6.765954 1.090345 -0.515612
v 6.619444 1.090345 -0.620218
v 6.482074 1.090345 -0.736565
v 6.354781 1.090345 -0.863859
v 6.238434 1.090345 -1.001229
v 6.133828 1.090345 -1.147738
v 6.041679 1.090345 -1.302385
v 5.962615 1.090345 -1.464114
v 5.897177 1.090345 -1.631819
v 5.845810 1.090345 -1.804356
v 5.808868 1.090345 -1.980544
v 5.786607 1.090345 -2.159039
v 5.778237 1.090345 -2.361408
v 5.786602 1.090345 -2.518915
v 5.808869 1.090345 -2.697552
v 5.845812 1.090345 -2.873741
v 5.897179 1.090345 -3.046277
v 5.962618 1.090345 -3.213982
v 6.041682 1.090345 -3.375710
v 6.133832 1.090345 -3.530357
v 6.238438 1.090345 -3.676866
v 6.354785 1.090345 -3.814236
v 6.482079 1.090345 -3.941530
v 6.619449 1.090345 -4.057876
v 6.765959 1.090345 -4.162481
v 6.920606 1.090352 -4.248865
v 7.082335 1.090401 -4.287449
v 7.250040 1.090456 -4.304672
v 7.427165 1.090513 -4.303080
v 7.872021 1.090551 -4.304268
v 7.875415 1.025069 -0.909650
v 7.875420 1.025069 -3.805191
v 5.778267 1.090345 -2.315689
v 5.781047 1.039972 -2.248467
v 7.875418 1.044440 -2.360045
v 7.875414 1.044440 -0.403996
v 7.875421 1.044440 -4.295094
v 7.861822 1.044418 -4.307219
v 7.335777 1.043043 -4.304870
v 7.165511 1.041776 -4.298474
v 7.000653 1.040582 -4.272771
v 6.842330 1.039972 -4.210154
v 6.691623 1.039972 -4.111692
v 6.549562 1.039972 -4.001122
v 6.417117 1.039972 -3.879198
v 6.295192 1.039972 -3.746753
v 6.184621 1.039972 -3.604692
v 6.086160 1.039972 -3.453986
v 6.000479 1.039972 -3.295663
v 5.928165 1.039972 -3.130806
v 5.869713 1.039972 -2.960540
v 5.825521 1.039972 -2.786028
v 5.795890 1.039972 -2.608464
v 5.781024 1.039972 -2.429058
v 5.777324 1.039972 -2.338477
v 5.795889 1.039972 -2.069633
v 5.825519 1.039972 -1.892068
v 5.869711 1.039972 -1.717557
v 5.928163 1.039972 -1.547291
v 6.000476 1.039972 -1.382433
v 6.086156 1.039972 -1.224110
v 6.184618 1.039972 -1.073403
v 6.295188 1.039972 -0.931342
v 6.417112 1.039972 -0.798897
v 6.549557 1.039972 -0.676972
v 6.691618 1.039972 -0.566401
v 6.842325 1.039972 -0.467940
v 7.000648 1.040582 -0.405321
v 7.165505 1.041776 -0.379618
v 7.335771 1.043043 -0.373222
v 7.528639 1.043894 -0.374776
v 7.572256 1.019349 -0.561642
v 7.741691 1.164758 -0.380594
v 7.458325 1.019062 -4.137933
v 7.861822 1.164478 -4.304149
v 7.861816 1.166538 -0.909766
v 7.861821 1.166538 -3.805072
v 7.741696 1.044230 -4.305811
v 7.861815 1.044418 -0.370872
v 7.824985 1.024958 -0.371303
v 7.824991 1.024958 -4.306787
v 7.824988 1.166626 -2.360039
v 7.824985 1.166626 -0.404577
v 7.824991 1.166626 -4.294508
v 7.824991 1.090548 -4.306787
v 7.824985 1.090548 -0.371303
v 7.482162 1.019139 -0.562698
v 7.741696 1.164758 -4.302743
v 7.741692 1.166826 -0.910788
v 7.741696 1.166826 -3.804023
v 7.741691 1.044230 -0.372280
v 7.528639 1.165255 -0.383080
v 7.298536 1.018689 -4.136061
v 7.528645 1.043894 -4.303315
v 7.635170 1.090534 -4.304564
v 7.635170 1.167082 -4.292297
v 7.635165 1.167082 -0.406764
v 7.635168 1.167082 -2.360015
v 7.635170 1.024540 -4.304564
v 7.635165 1.024540 -0.373528
v 7.635165 1.090534 -0.373528
v 7.875415 1.090551 -0.909650
v 7.875420 1.090551 -3.805191
v 7.872015 1.158277 -0.379073
v 7.427159 1.159410 -0.375012
v 7.250034 1.161053 -0.373419
v 7.082329 1.162677 -0.390643
v 6.920600 1.164114 -0.429228
v 6.765954 1.164321 -0.515612
v 6.619444 1.164321 -0.620218
v 6.482074 1.164321 -0.736565
v 6.354781 1.164321 -0.863859
v 6.238434 1.164321 -1.001229
v 6.133828 1.164321 -1.147738
v 6.041679 1.164321 -1.302385
v 5.962615 1.164321 -1.464114
v 5.897177 1.164321 -1.631819
v 5.845811 1.164321 -1.804356
v 5.808868 1.164321 -1.980544
v 5.786607 1.164321 -2.159039
v 5.778237 1.164321 -2.361408
v 5.786602 1.164321 -2.518915
v 5.808869 1.164321 -2.697552
v 5.845812 1.164321 -2.873741
v 5.897179 1.164321 -3.046277
v 5.962618 1.164321 -3.213982
v 6.041682 1.164321 -3.375710
v 6.133832 1.164321 -3.530357
v 6.238438 1.164321 -3.676866
v 6.354785 1.164321 -3.814236
v 6.482079 1.164321 -3.941530
v 6.619449 1.164321 -4.057876
v 6.765959 1.164321 -4.162481
v 6.920606 1.164114 -4.248865
v 7.082335 1.162677 -4.287449
v 7.250040 1.161053 -4.304672
v 7.427165 1.159410 -4.303080
v 7.872021 1.158277 -4.304268
v 5.778267 1.164321 -2.315689
v 7.824991 1.158377 -4.306787
v 7.824985 1.158377 -0.371303
v 7.635170 1.158781 -4.304564
v 7.635165 1.158781 -0.373528
v 7.741691 1.137415 -0.372280
v 7.528645 1.137723 -4.303315
v 7.861815 1.137242 -0.370872
v 7.741696 1.137415 -4.305811
v 5.781047 1.141328 -2.248467
v 7.875418 1.137222 -2.360045
v 7.875414 1.137222 -0.403996
v 7.875421 1.137222 -4.295094
v 7.861822 1.137242 -4.307219
v 7.335777 1.138505 -4.304870
v 7.165511 1.139670 -4.298474
v 7.000653 1.140768 -4.272771
v 6.842330 1.141328 -4.210154
v 6.691623 1.141328 -4.111692
v 6.549562 1.141328 -4.001122
v 6.417117 1.141328 -3.879198
v 6.295192 1.141328 -3.746753
v 6.184621 1.141328 -3.604692
v 6.086160 1.141328 -3.453986
v 6.000479 1.141328 -3.295663
v 5.928165 1.141328 -3.130806
v 5.869713 1.141328 -2.960540
v 5.825521 1.141328 -2.786028
v 5.795890 1.141328 -2.608464
v 5.781024 1.141328 -2.429058
v 5.777324 1.141328 -2.338477
v 5.795889 1.141328 -2.069633
v 5.825519 1.141328 -1.892068
v 5.869711 1.141328 -1.717557
v 5.928163 1.141328 -1.547291
v 6.000476 1.141328 -1.382433
v 6.086156 1.141328 -1.224110
v 6.184618 1.141328 -1.073403
v 6.295188 1.141328 -0.931342
v 6.417112 1.141328 -0.798897
v 6.549557 1.141328 -0.676972
v 6.691618 1.141328 -0.566401
v 6.842325 1.141328 -0.467940
v 7.000648 1.140768 -0.405321
v 7.165505 1.139670 -0.379618
v 7.335771 1.138505 -0.373222
v 7.528639 1.137723 -0.374776
v 7.740677 1.021194 -0.466665
v 7.869370 1.162859 -0.385576
v 7.349004 1.020022 -0.458889
v 7.427159 1.165695 -0.383315
v 7.189585 1.018549 -0.459257
v 7.250034 1.167492 -0.381729
v 7.040577 1.016969 -0.474045
v 7.082329 1.169270 -0.398880
v 6.896880 1.015697 -0.510821
v 6.920600 1.170843 -0.437301
v 6.759475 1.015395 -0.585009
v 6.765954 1.171069 -0.523320
v 6.629300 1.015395 -0.677953
v 6.619444 1.171069 -0.627484
v 6.507246 1.015395 -0.781328
v 6.482074 1.171069 -0.743339
v 6.394144 1.015395 -0.894429
v 6.354781 1.171069 -0.870095
v 6.290769 1.015395 -1.016484
v 6.238434 1.171069 -1.006885
v 6.197826 1.015395 -1.146659
v 6.133828 1.171069 -1.152775
v 6.115951 1.015395 -1.284065
v 6.041679 1.171069 -1.306768
v 6.045702 1.015395 -1.427762
v 5.962615 1.171069 -1.467813
v 5.987559 1.015395 -1.576769
v 5.897177 1.171069 -1.634809
v 5.941920 1.015395 -1.730070
v 5.845811 1.171069 -1.806616
v 5.909096 1.015395 -1.886615
v 5.808868 1.171069 -1.982060
v 5.889319 1.015395 -2.045146
v 5.786722 1.171069 -2.162595
v 5.870872 1.015361 -2.512778
v 5.778964 1.169319 -2.378768
v 5.878716 1.015361 -2.642778
v 5.786602 1.171069 -2.518616
v 5.898500 1.015361 -2.801499
v 5.808869 1.171069 -2.696993
v 5.931325 1.015361 -2.958044
v 5.845812 1.171069 -2.872907
v 5.976964 1.015361 -3.111344
v 5.897179 1.171069 -3.045174
v 6.035108 1.015361 -3.260352
v 5.962618 1.171069 -3.212617
v 6.105357 1.015361 -3.404049
v 6.041682 1.171069 -3.374093
v 6.187233 1.015361 -3.541454
v 6.133832 1.171069 -3.528499
v 6.280177 1.015361 -3.671628
v 6.238438 1.171069 -3.674779
v 6.383553 1.015361 -3.793683
v 6.354785 1.171069 -3.811935
v 6.496654 1.015361 -3.906784
v 6.482079 1.171069 -3.939029
v 6.618709 1.015361 -4.010159
v 6.619449 1.171069 -4.055194
v 6.748883 1.015361 -4.103102
v 6.765959 1.171069 -4.159636
v 6.886289 1.015662 -4.177289
v 6.920606 1.170843 -4.245885
v 7.029986 1.016934 -4.214065
v 7.082335 1.169270 -4.284410
v 7.178994 1.018515 -4.228853
v 7.250040 1.167492 -4.301606
v 7.338412 1.019987 -4.229220
v 7.427165 1.165695 -4.300015
v 7.730086 1.021159 -4.228444
v 7.869377 1.162859 -4.301848
v 7.745211 1.021204 -1.144515
v 5.789493 1.173318 -2.208267
v 5.808868 1.173318 -2.078704
v 5.845811 1.173318 -1.950757
v 5.897177 1.173318 -1.825461
v 5.962615 1.173318 -1.703675
v 6.041679 1.173318 -1.586228
v 6.133829 1.173318 -1.473924
v 6.238435 1.173318 -1.367529
v 6.354781 1.173318 -1.267771
v 6.482075 1.173318 -1.175331
v 6.619445 1.173318 -1.090840
v 6.765954 1.173318 -1.014876
v 6.920601 1.173085 -0.952144
v 7.082329 1.171467 -0.924124
v 7.250035 1.169639 -0.911616
v 7.872015 1.164455 -0.909679
v 7.427160 1.167789 -0.912773
v 6.018985 1.014555 -2.448577
v 5.779077 1.171069 -2.335370
v 7.591849 1.019526 -3.565703
v 5.786722 1.173318 -2.470105
v 5.808868 1.173318 -2.606086
v 5.845812 1.173318 -2.737323
v 5.897179 1.173318 -2.865839
v 5.962617 1.173318 -2.990757
v 6.041682 1.173318 -3.111223
v 6.133832 1.173318 -3.226414
v 6.238438 1.173318 -3.335544
v 6.354784 1.173318 -3.437866
v 6.482079 1.173318 -3.532682
v 6.619449 1.173318 -3.619345
v 6.765958 1.173318 -3.697262
v 6.920605 1.173085 -3.761606
v 7.082334 1.171467 -3.790346
v 7.250039 1.169639 -3.803175
v 7.872020 1.164455 -3.805161
v 7.427164 1.167789 -3.801988
v 7.872015 1.044435 -0.379073
v 7.427159 1.043598 -0.375012
v 7.250034 1.042385 -0.373419
v 7.082329 1.041186 -0.390643
v 6.920600 1.040125 -0.429228
v 6.765954 1.039972 -0.515612
v 6.619444 1.039972 -0.620218
v 6.482074 1.039972 -0.736565
v 6.354781 1.039972 -0.863859
v 6.238434 1.039972 -1.001229
v 6.133828 1.039972 -1.147738
v 6.041679 1.039972 -1.302385
v 5.962615 1.039972 -1.464114
v 5.897177 1.039972 -1.631819
v 5.845810 1.039972 -1.804355
v 5.808868 1.039972 -1.980544
v 5.786607 1.039972 -2.159039
v 5.778237 1.039972 -2.361408
v 5.786602 1.039972 -2.518915
v 5.808869 1.039972 -2.697552
v 5.845812 1.039972 -2.873741
v 5.897179 1.039972 -3.046277
v 5.962618 1.039972 -3.213982
v 6.041682 1.039972 -3.375710
v 6.133832 1.039972 -3.530357
v 6.238438 1.039972 -3.676866
v 6.354785 1.039972 -3.814236
v 6.482079 1.039972 -3.941530
v 6.619449 1.039972 -4.057876
v 6.765959 1.039972 -4.162481
v 6.920606 1.040125 -4.248865
v 7.082335 1.041186 -4.287449
v 7.250040 1.042385 -4.304672
v 7.427165 1.043598 -4.303080
v 7.872021 1.044435 -4.304268
v 7.875415 1.044440 -0.909650
v 7.875420 1.044440 -3.805191
v 5.778267 1.039972 -2.315689
v 7.690059 1.021076 -0.456164
v 7.824985 1.164564 -0.379622
v 7.679468 1.021042 -4.231946
v 7.824991 1.164564 -4.303718
v 7.824986 1.166626 -0.910079
v 7.824990 1.166626 -3.804750
v 7.824991 1.044361 -4.306787
v 7.824985 1.044361 -0.371303
v 7.531655 1.020713 -0.458020
v 7.635170 1.165007 -4.301497
v 7.635166 1.167082 -0.911695
v 7.635170 1.167082 -3.803093
v 7.635165 1.044062 -0.373528
v 7.635165 1.165007 -0.381837
v 7.521064 1.020678 -4.230090
v 7.635170 1.044062 -4.304564
v 7.875415 1.137222 -0.909650
v 7.875420 1.137222 -3.805191
v 7.872015 1.137227 -0.379073
v 7.427159 1.137996 -0.375012
v 7.250034 1.139111 -0.373419
v 7.082329 1.140213 -0.390643
v 6.920600 1.141188 -0.429228
v 6.765954 1.141328 -0.515612
v 6.619444 1.141328 -0.620218
v 6.482074 1.141328 -0.736565
v 6.354781 1.141328 -0.863859
v 6.238434 1.141328 -1.001229
v 6.133828 1.141328 -1.147738
v 6.041679 1.141328 -1.302385
v 5.962615 1.141328 -1.464114
v 5.897177 1.141328 -1.631819
v 5.845810 1.141328 -1.804355
v 5.808868 1.141328 -1.980544
v 5.786607 1.141328 -2.159039
v 5.778237 1.141328 -2.361408
v 5.786602 1.141328 -2.518915
v 5.808869 1.141328 -2.697552
v 5.845812 1.141328 -2.873741
v 5.897179 1.141328 -3.046277
v 5.962618 1.141328 -3.213982
v 6.041682 1.141328 -3.375710
v 6.133832 1.141328 -3.530357
v 6.238438 1.141328 -3.676866
v 6.354785 1.141328 -3.814236
v 6.482079 1.141328 -3.941530
v 6.619449 1.141328 -4.057876
v 6.765959 1.141328 -4.162481
v 6.920606 1.141188 -4.248865
v 7.082335 1.140213 -4.287449
v 7.250040 1.139111 -4.304672
v 7.427165 1.137996 -4.303080
v 7.872021 1.137227 -4.304268
v 5.778267 1.141328 -2.315689
v 7.824991 1.137295 -4.306787
v 7.824985 1.137295 -0.371304
v 7.635170 1.137569 -4.304564
v 7.635165 1.137569 -0.373528
vn -0.0117 0.0000 0.9999
vn -0.0052 0.7997 0.6004
vn 0.0019 0.7982 0.6024
vn -0.0023 0.0000 1.0000
vn 0.0196 0.0000 0.9998
vn 0.0187 0.7957 0.6054
vn 0.0072 0.7924 0.6100
vn -0.0731 0.0000 0.9973
vn -0.0370 0.7876 0.6150
vn -0.0741 0.7812 0.6199
vn -0.1314 -0.0000 0.9913
vn -0.1769 -0.0000 0.9842
vn -0.1040 0.7736 0.6251
vn -0.1803 0.7589 0.6258
vn -0.2862 0.0000 0.9582
vn -0.4433 -0.0000 0.8964
vn -0.3013 0.7290 0.6146
vn -0.3772 0.7008 0.6055
vn -0.5295 0.0000 0.8483
vn -0.5641 -0.0000 0.8257
vn -0.4124 0.6813 0.6048
vn -0.4487 0.6595 0.6030
vn -0.5978 0.0000 0.8017
vn -0.6304 0.0000 0.7763
vn -0.4862 0.6354 0.6000
vn -0.5245 0.6087 0.5953
vn -0.6619 0.0000 0.7496
vn -0.6924 0.0000 0.7216
vn -0.5636 0.5795 0.5887
vn -0.6031 0.5477 0.5799
vn -0.7216 0.0000 0.6923
vn -0.7496 0.0000 0.6619
vn -0.6426 0.5135 0.5687
vn -0.6817 0.4771 0.5547
vn -0.7763 0.0000 0.6304
vn -0.8017 0.0000 0.5978
vn -0.7199 0.4387 0.5379
vn -0.7567 0.3988 0.5181
vn -0.8257 0.0000 0.5641
vn -0.8483 0.0000 0.5295
vn -0.7917 0.3577 0.4952
vn -0.8244 0.3164 0.4694
vn -0.8694 0.0000 0.4940
vn -0.8891 0.0000 0.4577
vn -0.8544 0.2752 0.4407
vn -0.8816 0.2349 0.4095
vn -0.9073 0.0000 0.4205
vn -0.9239 0.0000 0.3827
vn -0.9056 0.1962 0.3759
vn -0.9266 0.1599 0.3404
vn -0.9389 0.0000 0.3442
vn -0.9523 0.0000 0.3051
vn -0.9445 0.1262 0.3032
vn -0.9595 0.0959 0.2648
vn -0.9641 0.0000 0.2655
vn -0.9743 0.0000 0.2254
vn -0.9718 0.0692 0.2253
vn -0.9816 0.0468 0.1851
vn -0.9827 -0.0000 0.1849
vn -0.9896 0.0000 0.1442
vn -0.9891 0.0284 0.1444
vn -0.9939 0.0438 0.1012
vn -0.9947 0.0000 0.1033
vn -0.9991 0.0000 0.0414
vn -0.9711 0.2360 0.0355
vn -0.9992 0.0050 -0.0400
vn -0.9992 0.0000 -0.0398
vn -0.9992 0.0000 -0.0411
vn -0.9992 0.0018 -0.0411
vn -0.9981 0.0026 -0.0620
vn -0.9981 0.0000 -0.0620
vn -0.9947 0.0000 -0.1032
vn -0.9946 0.0057 -0.1032
vn -0.9895 0.0104 -0.1443
vn -0.9896 0.0000 -0.1442
vn -0.9827 0.0000 -0.1850
vn -0.9826 0.0173 -0.1851
vn -0.9739 0.0256 -0.2255
vn -0.9743 0.0000 -0.2254
vn -0.9641 0.0000 -0.2655
vn -0.9635 0.0355 -0.2655
vn -0.9512 0.0468 -0.3050
vn -0.9523 0.0000 -0.3051
vn -0.9389 0.0000 -0.3442
vn -0.9371 0.0596 -0.3438
vn -0.9213 0.0736 -0.3819
vn -0.9239 0.0000 -0.3827
vn -0.9073 0.0000 -0.4205
vn -0.9036 0.0887 -0.4192
vn -0.8841 0.1050 -0.4554
vn -0.8891 -0.0000 -0.4577
vn -0.8694 0.0000 -0.4940
vn -0.8628 0.1221 -0.4906
vn -0.8398 0.1399 -0.5246
vn -0.8483 0.0000 -0.5295
vn -0.8257 0.0000 -0.5641
vn -0.8151 0.1583 -0.5573
vn -0.7888 0.1772 -0.5886
vn -0.8017 0.0000 -0.5978
vn -0.7763 0.0000 -0.6304
vn -0.7609 0.1963 -0.6184
vn -0.7317 0.2155 -0.6467
vn -0.7496 0.0000 -0.6619
vn -0.7216 0.0000 -0.6924
vn -0.7011 0.2347 -0.6733
vn -0.6694 0.2537 -0.6982
vn -0.6923 0.0000 -0.7216
vn -0.6619 -0.0000 -0.7496
vn -0.6366 0.2723 -0.7215
vn -0.6030 0.2904 -0.7430
vn -0.6304 0.0000 -0.7763
vn -0.5978 0.0000 -0.8017
vn -0.5684 0.3080 -0.7629
vn -0.5333 0.3248 -0.7811
vn -0.5641 0.0000 -0.8257
vn -0.5295 0.0000 -0.8483
vn -0.4976 0.3407 -0.7977
vn -0.4116 0.3655 -0.8349
vn -0.4433 0.0000 -0.8964
vn -0.2862 0.0000 -0.9582
vn -0.2598 0.3945 -0.8814
vn -0.1570 0.4102 -0.8984
vn -0.1769 0.0000 -0.9842
vn -0.1314 0.0000 -0.9913
vn -0.1151 0.4189 -0.9007
vn -0.0618 0.4265 -0.9024
vn -0.0731 0.0000 -0.9973
vn -0.0023 0.0000 -1.0000
vn 0.0026 0.4323 -0.9017
vn 0.0214 0.4364 -0.8995
vn 0.0196 0.0000 -0.9998
vn -0.0117 0.0000 -0.9999
vn -0.0095 0.4447 -0.8956
vn 0.2885 0.4904 -0.8224
vn 0.2780 0.0000 -0.9606
vn 0.0056 -1.0000 0.0002
vn 0.0010 -1.0000 0.0010
vn -0.0020 -1.0000 -0.0001
vn -0.0021 -1.0000 -0.0002
vn -0.0024 -1.0000 -0.0004
vn -0.0027 -1.0000 -0.0007
vn -0.0031 -1.0000 -0.0011
vn -0.0034 -1.0000 -0.0015
vn -0.0037 -1.0000 -0.0020
vn -0.0038 -1.0000 -0.0025
vn -0.0039 -1.0000 -0.0030
vn -0.0037 -1.0000 -0.0034
vn -0.0034 -1.0000 -0.0037
vn -0.0029 -1.0000 -0.0038
vn -0.0024 -1.0000 -0.0037
vn 0.0056 -1.0000 -0.0002
vn 0.0112 -0.9999 0.0031
vn 0.0066 -1.0000 -0.0021
vn 0.0022 -1.0000 -0.0078
vn 0.0049 -1.0000 -0.0029
vn 1.0000 0.0000 0.0000
vn 0.9377 0.0000 -0.3475
vn 0.7816 0.5181 -0.3474
vn 0.8764 0.4817 0.0000
vn -0.6086 0.7933 0.0133
vn -0.7737 0.6327 0.0332
vn 0.0000 1.0000 0.0000
vn -0.9851 0.0938 -0.1441
vn -0.9934 0.0502 -0.1034
vn -0.9491 0.2248 -0.2204
vn -0.9709 0.1538 -0.1834
vn -0.8767 0.3898 -0.2819
vn -0.9179 0.3052 -0.2537
vn -0.7685 0.5543 -0.3196
vn -0.8262 0.4742 -0.3041
vn -0.6434 0.6895 -0.3325
vn -0.7066 0.6266 -0.3288
vn -0.5232 0.7866 -0.3279
vn -0.5817 0.7427 -0.3318
vn -0.4199 0.8514 -0.3143
vn -0.4691 0.8225 -0.3218
vn -0.3360 0.8935 -0.2979
vn -0.3756 0.8747 -0.3062
vn -0.2692 0.9210 -0.2817
vn -0.3007 0.9087 -0.2896
vn -0.2160 0.9392 -0.2670
vn -0.2411 0.9310 -0.2741
vn -0.1731 0.9515 -0.2543
vn -0.1934 0.9459 -0.2604
vn 0.0030 1.0000 -0.0000
vn -0.1175 0.9625 -0.2443
vn -0.1547 0.9561 -0.2487
vn 0.0087 1.0000 0.0000
vn 0.0113 0.9999 0.0000
vn -0.0315 0.9712 -0.2363
vn -0.0632 0.9686 -0.2405
vn 0.0108 0.9999 0.0000
vn 0.0110 0.9999 0.0000
vn -0.0062 0.9734 -0.2289
vn -0.0203 0.9724 -0.2323
vn 0.0117 0.9999 0.0000
vn 0.0093 1.0000 0.0000
vn 0.0132 0.9747 -0.2233
vn 0.0107 0.9741 -0.2258
vn 0.0024 1.0000 0.0000
vn 0.2001 0.9798 0.0000
vn 0.2272 0.9406 -0.2523
vn -0.0002 0.9759 -0.2184
vn 0.0014 0.9966 0.0823
vn 0.2355 0.9671 0.0958
vn 0.0113 0.9963 0.0852
vn 0.0107 0.9964 0.0842
vn -0.0009 0.9961 0.0878
vn 0.0045 0.9962 0.0864
vn -0.0184 0.9957 0.0912
vn -0.0048 0.9960 0.0894
vn -0.0589 0.9937 0.0954
vn -0.0427 0.9947 0.0932
vn -0.0744 0.9921 0.1008
vn -0.0662 0.9930 0.0979
vn -0.0940 0.9898 0.1075
vn -0.0836 0.9911 0.1040
vn -0.1196 0.9860 0.1160
vn -0.1059 0.9881 0.1115
vn -0.1543 0.9799 0.1266
vn -0.1356 0.9834 0.1210
vn -0.2026 0.9692 0.1399
vn -0.1763 0.9753 0.1329
vn -0.2725 0.9493 0.1565
vn -0.2343 0.9609 0.1478
vn -0.3761 0.9097 0.1762
vn -0.3192 0.9330 0.1660
vn -0.5279 0.8265 0.1956
vn -0.4453 0.8758 0.1864
vn -0.7254 0.6580 0.2019
vn -0.6231 0.7557 0.2017
vn -0.9043 0.3906 0.1720
vn -0.8237 0.5333 0.1926
vn -0.9335 0.3475 0.0880
vn -0.9580 0.2497 0.1411
vn 0.9908 0.0000 0.1352
vn 0.8763 0.4818 0.0000
vn 0.8267 0.5462 0.1352
vn -0.9991 0.0132 -0.0408
vn -0.4914 0.8709 0.0107
vn -0.9978 0.0239 -0.0620
vn 0.8763 0.4817 0.0000
vn 0.0058 -1.0000 0.0014
vn 0.0023 -1.0000 0.0067
vn 0.0066 -1.0000 0.0022
vn 0.0111 -0.9999 -0.0017
vn 0.0110 -0.9999 -0.0015
vn 0.0055 -1.0000 0.0006
vn -0.0014 -1.0000 0.0022
vn -0.0017 -1.0000 0.0022
vn -0.0019 -1.0000 0.0021
vn -0.0021 -1.0000 0.0019
vn -0.0022 -1.0000 0.0017
vn -0.0022 -1.0000 0.0015
vn -0.0022 -1.0000 0.0012
vn -0.0021 -1.0000 0.0009
vn -0.0020 -1.0000 0.0007
vn -0.0018 -1.0000 0.0005
vn -0.0017 -1.0000 0.0003
vn -0.0015 -1.0000 0.0001
vn 0.0003 -1.0000 -0.0003
vn 0.0055 -1.0000 -0.0002
vn 0.0066 -1.0000 -0.0000
vn -0.9981 0.0000 0.0621
vn -0.9927 0.1066 0.0572
vn -0.9837 0.1761 0.0360
vn -0.9991 0.0000 0.0413
vn -0.0099 -0.9999 -0.0115
vn -0.0182 -0.9998 -0.0004
vn 0.0225 -0.9997 -0.0008
vn 0.0195 -0.9998 0.0000
vn 0.0456 -0.9983 -0.0362
vn 0.0211 -0.9998 0.0015
vn 0.0186 -0.9998 -0.0004
vn 0.0664 -0.9940 0.0865
vn 0.0248 -0.9997 0.0070
vn 0.2779 0.0000 -0.9606
vn -0.0493 -0.9901 -0.1312
vn 0.0228 -0.9996 -0.0135
vn -0.0025 -0.9991 -0.0412
vn 0.0203 -0.9996 -0.0196
vn -0.0044 -0.9992 -0.0397
vn 0.0115 -0.9995 -0.0281
vn -0.0097 -0.9991 -0.0416
vn -0.0136 -0.9989 -0.0440
vn -0.0335 -0.9981 -0.0508
vn -0.0229 -0.9985 -0.0504
vn -0.0518 -0.9971 -0.0553
vn -0.0330 -0.9979 -0.0550
vn -0.0564 -0.9971 -0.0511
vn -0.0426 -0.9975 -0.0570
vn -0.6924 0.0000 -0.7216
vn -0.0587 -0.9973 -0.0444
vn -0.0504 -0.9972 -0.0559
vn -0.0578 -0.9977 -0.0355
vn -0.0557 -0.9971 -0.0521
vn -0.0540 -0.9982 -0.0257
vn -0.0583 -0.9972 -0.0465
vn -0.0480 -0.9987 -0.0161
vn -0.0586 -0.9975 -0.0400
vn -0.0408 -0.9991 -0.0077
vn -0.0572 -0.9978 -0.0334
vn -0.0334 -0.9994 -0.0009
vn -0.0548 -0.9981 -0.0272
vn -0.0264 -0.9996 0.0041
vn -0.0518 -0.9984 -0.0217
vn -0.0201 -0.9998 0.0077
vn -0.0486 -0.9987 -0.0169
vn -0.0148 -0.9998 0.0100
vn -0.0574 -0.9981 -0.0205
vn -0.0103 -0.9999 0.0115
vn -0.0161 -0.9999 0.0033
vn 0.0325 -0.9988 0.0372
vn -0.0137 -0.9999 -0.0102
vn -0.0408 -0.9990 0.0162
vn -0.0179 -0.9998 -0.0082
vn -0.0421 -0.9989 0.0199
vn -0.0226 -0.9997 -0.0054
vn -0.0431 -0.9988 0.0241
vn -0.0274 -0.9996 -0.0016
vn -0.0433 -0.9987 0.0284
vn -0.0323 -0.9995 0.0032
vn -0.0426 -0.9986 0.0327
vn -0.0368 -0.9993 0.0090
vn -0.0407 -0.9985 0.0367
vn -0.0404 -0.9991 0.0153
vn -0.0374 -0.9985 0.0398
vn -0.0427 -0.9988 0.0219
vn -0.0328 -0.9986 0.0418
vn -0.0433 -0.9987 0.0282
vn -0.0269 -0.9987 0.0422
vn -0.0424 -0.9985 0.0335
vn -0.0204 -0.9990 0.0410
vn -0.0399 -0.9985 0.0376
vn -0.0138 -0.9992 0.0383
vn -0.0275 -0.9989 0.0376
vn -0.0075 -0.9994 0.0345
vn -0.0085 -0.9994 0.0343
vn 0.0124 -0.9996 0.0254
vn -0.0040 -0.9994 0.0338
vn 0.0203 -0.9996 0.0194
vn -0.0026 -0.9994 0.0357
vn 0.0228 -0.9996 0.0143
vn -0.0077 -0.9991 0.0428
vn 0.0151 -0.9997 0.0187
vn -0.0234 -0.9973 0.0696
vn 0.6267 0.0000 0.7793
vn 0.0248 -0.9997 -0.0034
vn 0.0115 -0.9997 -0.0207
vn -0.0117 -0.9981 -0.0603
vn 0.0014 0.9966 0.0828
vn 0.0014 0.9966 0.0825
vn -0.0002 0.9758 -0.2188
vn -0.0003 0.9756 -0.2196
vn -0.0095 0.4426 -0.8967
vn -0.0095 0.4439 -0.8960
vn 0.4550 0.7572 0.4686
vn -0.0052 0.8026 0.5965
vn -0.0003 0.4394 -0.8983
vn -0.0095 0.4412 -0.8974
vn 0.0045 1.0000 0.0000
vn -0.0003 0.9754 -0.2205
vn 0.0038 0.9751 -0.2215
vn 0.0042 0.9965 0.0835
vn 0.0014 0.9965 0.0831
vn 0.0151 -0.9997 -0.0195
vn -0.0078 -0.9987 -0.0503
vn -0.0116 -0.9986 0.0512
vn 0.0115 -0.9997 0.0193
vn -0.0052 0.8019 0.5974
vn -0.0052 0.8009 0.5988
vn -0.9827 -0.0000 0.1850
usemtl Floor_Wood
s off
f 991//240 1560//240 1764//240 1518//240
f 991//241 1518//241 1720//241 1467//241
f 991//242 1467//242 1564//242 1480//242
f 991//243 1480//243 1726//243 1560//243
f 992//244 1559//244 1726//244 1480//244
f 992//245 1480//245 1564//245 1180//245
f 992//246 1180//246 1566//246 1481//246
f 992//243 1481//243 1727//243 1559//243
f 993//247 1558//247 1727//247 1481//247
f 993//248 1481//248 1566//248 1183//248
f 993//249 1183//249 1568//249 1482//249
f 993//250 1482//250 1728//250 1558//250
f 994//251 1557//251 1728//251 1482//251
f 994//252 1482//252 1568//252 1186//252
f 994//253 1186//253 1570//253 1483//253
f 994//254 1483//254 1729//254 1557//254
f 995//255 1556//255 1729//255 1483//255
f 995//256 1483//256 1570//256 1189//256
f 995//257 1189//257 1572//257 1484//257
f 995//258 1484//258 1730//258 1556//258
f 996//259 1555//259 1730//259 1484//259
f 996//260 1484//260 1572//260 1192//260
f 996//261 1192//261 1574//261 1485//261
f 996//262 1485//262 1731//262 1555//262
f 997//263 1554//263 1731//263 1485//263
f 997//264 1485//264 1574//264 1195//264
f 997//265 1195//265 1576//265 1486//265
f 997//266 1486//266 1732//266 1554//266
f 998//267 1553//267 1732//267 1486//267
f 998//268 1486//268 1576//268 1198//268
f 998//269 1198//269 1578//269 1487//269
f 998//270 1487//270 1733//270 1553//270
f 999//271 1552//271 1733//271 1487//271
f 999//272 1487//272 1578//272 1201//272
f 999//273 1201//273 1580//273 1488//273
f 999//274 1488//274 1734//274 1552//274
f 1000//275 1551//275 1734//275 1488//275
f 1000//276 1488//276 1580//276 1204//276
f 1000//277 1204//277 1582//277 1489//277
f 1000//278 1489//278 1735//278 1551//278
f 1001//279 1550//279 1735//279 1489//279
f 1001//280 1489//280 1582//280 1207//280
f 1001//281 1207//281 1584//281 1490//281
f 1001//282 1490//282 1736//282 1550//282
f 1002//283 1549//283 1736//283 1490//283
f 1002//284 1490//284 1584//284 1210//284
f 1002//285 1210//285 1586//285 1491//285
f 1002//286 1491//286 1737//286 1549//286
f 1003//287 1548//287 1737//287 1491//287
f 1003//288 1491//288 1586//288 1213//288
f 1003//289 1213//289 1588//289 1492//289
f 1003//290 1492//290 1738//290 1548//290
f 1004//291 1547//291 1738//291 1492//291
f 1004//292 1492//292 1588//292 1216//292
f 1004//293 1216//293 1590//293 1493//293
f 1004//294 1493//294 1739//294 1547//294
f 1005//295 1546//295 1739//295 1493//295
f 1005//296 1493//296 1590//296 1219//296
f 1005//297 1219//297 1592//297 1494//297
f 1005//298 1494//298 1740//298 1546//298
f 1006//299 1545//299 1740//299 1494//299
f 1006//300 1494//300 1592//300 1222//300
f 1006//301 1222//301 1594//301 1495//301
f 1006//302 1495//302 1741//302 1545//302
f 1007//303 1544//303 1760//303 1514//303
f 1007//304 1514//304 1650//304 1332//304
f 1007//305 1332//305 1596//305 1496//305
f 1007//306 1496//306 1742//306 1544//306
f 1008//307 1543//307 1742//307 1496//307
f 1008//308 1496//308 1596//308 1228//308
f 1008//309 1228//309 1598//309 1497//309
f 1008//310 1497//310 1743//310 1543//310
f 1009//311 1542//311 1743//311 1497//311
f 1009//312 1497//312 1598//312 1231//312
f 1009//313 1231//313 1600//313 1498//313
f 1009//314 1498//314 1744//314 1542//314
f 1010//315 1541//315 1744//315 1498//315
f 1010//316 1498//316 1600//316 1234//316
f 1010//317 1234//317 1602//317 1499//317
f 1010//318 1499//318 1745//318 1541//318
f 1011//319 1540//319 1745//319 1499//319
f 1011//320 1499//320 1602//320 1237//320
f 1011//321 1237//321 1604//321 1500//321
f 1011//322 1500//322 1746//322 1540//322
f 1012//323 1539//323 1746//323 1500//323
f 1012//324 1500//324 1604//324 1240//324
f 1012//325 1240//325 1606//325 1501//325
f 1012//326 1501//326 1747//326 1539//326
f 1013//327 1538//327 1747//327 1501//327
f 1013//328 1501//328 1606//328 1243//328
f 1013//329 1243//329 1608//329 1502//329
f 1013//330 1502//330 1748//330 1538//330
f 1014//331 1537//331 1748//331 1502//331
f 1014//332 1502//332 1608//332 1246//332
f 1014//333 1246//333 1610//333 1503//333
f 1014//334 1503//334 1749//334 1537//334
f 1015//335 1536//335 1749//335 1503//335
f 1015//336 1503//336 1610//336 1249//336
f 1015//337 1249//337 1612//337 1504//337
f 1015//338 1504//338 1750//338 1536//338
f 1016//339 1535//339 1750//339 1504//339
f 1016//340 1504//340 1612//340 1252//340
f 1016//341 1252//341 1614//341 1505//341
f 1016//342 1505//342 1751//342 1535//342
f 1017//343 1534//343 1751//343 1505//343
f 1017//344 1505//344 1614//344 1255//344
f 1017//345 1255//345 1616//345 1506//345
f 1017//346 1506//346 1752//346 1534//346
f 1018//347 1533//347 1752//347 1506//347
f 1018//348 1506//348 1616//348 1258//348
f 1018//349 1258//349 1618//349 1507//349
f 1018//350 1507//350 1753//350 1533//350
f 1019//351 1532//351 1753//351 1507//351
f 1019//352 1507//352 1618//352 1261//352
f 1019//353 1261//353 1620//353 1508//353
f 1019//354 1508//354 1754//354 1532//354
f 1020//355 1531//355 1754//355 1508//355
f 1020//356 1508//356 1620//356 1264//356
f 1020//357 1264//357 1622//357 1509//357
f 1020//358 1509//358 1755//358 1531//358
f 1021//359 1530//359 1755//359 1509//359
f 1021//360 1509//360 1622//360 1267//360
f 1021//361 1267//361 1624//361 1510//361
f 1021//362 1510//362 1756//362 1530//362
f 1022//363 1529//363 1756//363 1510//363
f 1022//364 1510//364 1624//364 1270//364
f 1022//365 1270//365 1626//365 1511//365
f 1022//366 1511//366 1757//366 1529//366
f 1023//367 1528//367 1757//367 1511//367
f 1023//368 1511//368 1626//368 1273//368
f 1023//369 1273//369 1628//369 1512//369
f 1023//370 1512//370 1758//370 1528//370
f 1024//371 1527//371 1761//371 1515//371
f 1024//372 1515//372 1710//372 1450//372
f 1024//373 1450//373 1630//373 1513//373
f 1024//374 1513//374 1759//374 1527//374
f 1025//375 1278//375 1651//375 1369//375
f 1025//376 1369//376 1649//376 1224//376
f 1025//377 1224//377 1595//377 1227//377
f 1025//378 1227//378 1597//378 1230//378
f 1025//379 1230//379 1599//379 1233//379
f 1025//380 1233//380 1601//380 1236//380
f 1025//381 1236//381 1603//381 1239//381
f 1025//382 1239//382 1605//382 1242//382
f 1025//383 1242//383 1607//383 1245//383
f 1025//384 1245//384 1609//384 1248//384
f 1025//385 1248//385 1611//385 1251//385
f 1025//386 1251//386 1613//386 1254//386
f 1025//387 1254//387 1615//387 1257//387
f 1025//388 1257//388 1617//388 1260//388
f 1025//389 1260//389 1619//389 1263//389
f 1025//390 1263//390 1621//390 1266//390
f 1025//391 1266//391 1623//391 1269//391
f 1025//391 1269//391 1625//391 1272//391
f 1025//392 1272//392 1627//392 1468//392
f 1025//393 1468//393 1721//393 1449//393
f 1025//393 1449//393 1709//393 1275//393
f 1025//394 1275//394 1629//394 1278//394
f 1026//395 1368//395 1724//395 1526//395
f 1026//396 1526//396 1759//396 1513//396
f 1026//397 1513//397 1630//397 1294//397
f 1026//398 1294//398 1667//398 1368//398
f 1027//399 1367//399 1650//399 1225//399
f 1027//400 1225//400 1594//400 1297//400
f 1027//401 1297//401 1632//401 1334//401
f 1027//401 1334//401 1652//401 1367//401
f 1028//401 1279//401 1652//401 1366//401
f 1028//401 1366//401 1653//401 1280//401
f 1028//402 1280//402 1600//402 1231//402
f 1028//403 1231//403 1598//403 1279//403
f 1029//401 1280//401 1653//401 1365//401
f 1029//401 1365//401 1654//401 1281//401
f 1029//404 1281//404 1602//404 1234//404
f 1029//405 1234//405 1600//405 1280//405
f 1030//401 1281//401 1654//401 1364//401
f 1030//401 1364//401 1655//401 1282//401
f 1030//406 1282//406 1604//406 1237//406
f 1030//407 1237//407 1602//407 1281//407
f 1031//401 1282//401 1655//401 1363//401
f 1031//401 1363//401 1656//401 1283//401
f 1031//408 1283//408 1606//408 1240//408
f 1031//409 1240//409 1604//409 1282//409
f 1032//401 1283//401 1656//401 1362//401
f 1032//401 1362//401 1657//401 1284//401
f 1032//410 1284//410 1608//410 1243//410
f 1032//411 1243//411 1606//411 1283//411
f 1033//401 1284//401 1657//401 1361//401
f 1033//401 1361//401 1658//401 1285//401
f 1033//412 1285//412 1610//412 1246//412
f 1033//413 1246//413 1608//413 1284//413
f 1034//401 1285//401 1658//401 1360//401
f 1034//401 1360//401 1659//401 1286//401
f 1034//414 1286//414 1612//414 1249//414
f 1034//415 1249//415 1610//415 1285//415
f 1035//401 1286//401 1659//401 1359//401
f 1035//401 1359//401 1660//401 1287//401
f 1035//416 1287//416 1614//416 1252//416
f 1035//417 1252//417 1612//417 1286//417
f 1036//401 1287//401 1660//401 1358//401
f 1036//401 1358//401 1661//401 1288//401
f 1036//418 1288//418 1616//418 1255//418
f 1036//419 1255//419 1614//419 1287//419
f 1037//401 1288//401 1661//401 1357//401
f 1037//401 1357//401 1662//401 1289//401
f 1037//420 1289//420 1618//420 1258//420
f 1037//421 1258//421 1616//421 1288//421
f 1038//401 1289//401 1662//401 1356//401
f 1038//401 1356//401 1663//401 1290//401
f 1038//422 1290//422 1620//422 1261//422
f 1038//423 1261//423 1618//423 1289//423
f 1039//401 1290//401 1663//401 1355//401
f 1039//424 1355//424 1664//424 1291//424
f 1039//425 1291//425 1622//425 1264//425
f 1039//426 1264//426 1620//426 1290//426
f 1040//427 1291//427 1664//427 1354//427
f 1040//428 1354//428 1665//428 1292//428
f 1040//429 1292//429 1624//429 1267//429
f 1040//430 1267//430 1622//430 1291//430
f 1041//431 1292//431 1665//431 1353//431
f 1041//432 1353//432 1666//432 1293//432
f 1041//433 1293//433 1626//433 1270//433
f 1041//434 1270//434 1624//434 1292//434
f 1042//435 1293//435 1666//435 1352//435
f 1042//436 1352//436 1668//436 1295//436
f 1042//437 1295//437 1628//437 1273//437
f 1042//438 1273//438 1626//438 1293//438
f 1043//439 1459//439 1712//439 1452//439
f 1043//440 1452//440 1667//440 1294//440
f 1043//441 1294//441 1630//441 1450//441
f 1043//442 1450//442 1710//442 1459//442
f 1044//443 1458//443 1708//443 1177//443
f 1044//444 1177//444 1562//444 1312//444
f 1044//440 1312//440 1647//440 1451//440
f 1044//439 1451//439 1711//439 1458//439
f 1045//445 1311//445 1566//445 1180//445
f 1045//446 1180//446 1564//446 1313//446
f 1045//436 1313//436 1648//436 1315//436
f 1045//435 1315//435 1646//435 1311//435
f 1046//447 1310//447 1568//447 1183//447
f 1046//448 1183//448 1566//448 1311//448
f 1046//432 1311//432 1646//432 1316//432
f 1046//431 1316//431 1645//431 1310//431
f 1047//449 1309//449 1570//449 1186//449
f 1047//450 1186//450 1568//450 1310//450
f 1047//428 1310//428 1645//428 1317//428
f 1047//427 1317//427 1644//427 1309//427
f 1048//451 1308//451 1572//451 1189//451
f 1048//452 1189//452 1570//452 1309//452
f 1048//424 1309//424 1644//424 1318//424
f 1048//401 1318//401 1643//401 1308//401
f 1049//453 1307//453 1574//453 1192//453
f 1049//454 1192//454 1572//454 1308//454
f 1049//401 1308//401 1643//401 1319//401
f 1049//401 1319//401 1642//401 1307//401
f 1050//455 1306//455 1576//455 1195//455
f 1050//456 1195//456 1574//456 1307//456
f 1050//401 1307//401 1642//401 1320//401
f 1050//401 1320//401 1641//401 1306//401
f 1051//457 1305//457 1578//457 1198//457
f 1051//458 1198//458 1576//458 1306//458
f 1051//401 1306//401 1641//401 1321//401
f 1051//401 1321//401 1640//401 1305//401
f 1052//459 1304//459 1580//459 1201//459
f 1052//460 1201//460 1578//460 1305//460
f 1052//401 1305//401 1640//401 1322//401
f 1052//401 1322//401 1639//401 1304//401
f 1053//461 1303//461 1582//461 1204//461
f 1053//462 1204//462 1580//462 1304//462
f 1053//401 1304//401 1639//401 1323//401
f 1053//401 1323//401 1638//401 1303//401
f 1054//463 1302//463 1584//463 1207//463
f 1054//464 1207//464 1582//464 1303//464
f 1054//401 1303//401 1638//401 1324//401
f 1054//401 1324//401 1637//401 1302//401
f 1055//465 1301//465 1586//465 1210//465
f 1055//466 1210//466 1584//466 1302//466
f 1055//401 1302//401 1637//401 1325//401
f 1055//401 1325//401 1636//401 1301//401
f 1056//467 1300//467 1588//467 1213//467
f 1056//468 1213//468 1586//468 1301//468
f 1056//401 1301//401 1636//401 1326//401
f 1056//401 1326//401 1635//401 1300//401
f 1057//469 1299//469 1590//469 1216//469
f 1057//470 1216//470 1588//470 1300//470
f 1057//401 1300//401 1635//401 1327//401
f 1057//401 1327//401 1634//401 1299//401
f 1058//471 1298//471 1592//471 1219//471
f 1058//472 1219//472 1590//472 1299//472
f 1058//401 1299//401 1634//401 1328//401
f 1058//401 1328//401 1633//401 1298//401
f 1059//473 1297//473 1594//473 1222//473
f 1059//474 1222//474 1592//474 1298//474
f 1059//401 1298//401 1633//401 1329//401
f 1059//401 1329//401 1632//401 1297//401
f 1060//475 1479//475 1725//475 1525//475
f 1060//395 1525//395 1723//395 1330//395
f 1060//476 1330//476 1647//476 1312//476
f 1060//477 1312//477 1562//477 1479//477
f 1061//439 1457//439 1711//439 1451//439
f 1061//440 1451//440 1647//440 1349//440
f 1061//440 1349//440 1667//440 1452//440
f 1061//439 1452//439 1712//439 1457//439
f 1062//435 1348//435 1646//435 1315//435
f 1062//436 1315//436 1648//436 1350//436
f 1062//436 1350//436 1668//436 1352//436
f 1062//435 1352//435 1666//435 1348//435
f 1063//431 1347//431 1645//431 1316//431
f 1063//432 1316//432 1646//432 1348//432
f 1063//432 1348//432 1666//432 1353//432
f 1063//431 1353//431 1665//431 1347//431
f 1064//427 1346//427 1644//427 1317//427
f 1064//428 1317//428 1645//428 1347//428
f 1064//428 1347//428 1665//428 1354//428
f 1064//427 1354//427 1664//427 1346//427
f 1065//401 1345//401 1643//401 1318//401
f 1065//424 1318//424 1644//424 1346//424
f 1065//424 1346//424 1664//424 1355//424
f 1065//401 1355//401 1663//401 1345//401
f 1066//401 1344//401 1642//401 1319//401
f 1066//401 1319//401 1643//401 1345//401
f 1066//401 1345//401 1663//401 1356//401
f 1066//401 1356//401 1662//401 1344//401
f 1067//401 1343//401 1641//401 1320//401
f 1067//401 1320//401 1642//401 1344//401
f 1067//401 1344//401 1662//401 1357//401
f 1067//401 1357//401 1661//401 1343//401
f 1068//401 1342//401 1640//401 1321//401
f 1068//401 1321//401 1641//401 1343//401
f 1068//401 1343//401 1661//401 1358//401
f 1068//401 1358//401 1660//401 1342//401
f 1069//401 1341//401 1639//401 1322//401
f 1069//401 1322//401 1640//401 1342//401
f 1069//401 1342//401 1660//401 1359//401
f 1069//401 1359//401 1659//401 1341//401
f 1070//401 1340//401 1638//401 1323//401
f 1070//401 1323//401 1639//401 1341//401
f 1070//401 1341//401 1659//401 1360//401
f 1070//401 1360//401 1658//401 1340//401
f 1071//401 1339//401 1637//401 1324//401
f 1071//401 1324//401 1638//401 1340//401
f 1071//401 1340//401 1658//401 1361//401
f 1071//401 1361//401 1657//401 1339//401
f 1072//401 1338//401 1636//401 1325//401
f 1072//401 1325//401 1637//401 1339//401
f 1072//401 1339//401 1657//401 1362//401
f 1072//401 1362//401 1656//401 1338//401
f 1073//401 1337//401 1635//401 1326//401
f 1073//401 1326//401 1636//401 1338//401
f 1073//401 1338//401 1656//401 1363//401
f 1073//401 1363//401 1655//401 1337//401
f 1074//401 1336//401 1634//401 1327//401
f 1074//401 1327//401 1635//401 1337//401
f 1074//401 1337//401 1655//401 1364//401
f 1074//401 1364//401 1654//401 1336//401
f 1075//401 1335//401 1633//401 1328//401
f 1075//401 1328//401 1634//401 1336//401
f 1075//401 1336//401 1654//401 1365//401
f 1075//401 1365//401 1653//401 1335//401
f 1076//401 1334//401 1632//401 1329//401
f 1076//401 1329//401 1633//401 1335//401
f 1076//401 1335//401 1653//401 1366//401
f 1076//401 1366//401 1652//401 1334//401
f 1077//478 1228//478 1596//478 1332//478
f 1077//479 1332//479 1650//479 1367//479
f 1077//401 1367//401 1652//401 1279//401
f 1077//480 1279//480 1598//480 1228//480
f 1078//395 1330//395 1723//395 1524//395
f 1078//395 1524//395 1724//395 1368//395
f 1078//481 1368//481 1667//481 1349//481
f 1078//481 1349//481 1647//481 1330//481
f 1079//482 1296//482 1561//482 1447//482
f 1079//483 1447//483 1707//483 1462//483
f 1079//483 1462//483 1715//483 1176//483
f 1079//484 1176//484 1563//484 1179//484
f 1079//485 1179//485 1565//485 1182//485
f 1079//486 1182//486 1567//486 1185//486
f 1079//487 1185//487 1569//487 1188//487
f 1079//488 1188//488 1571//488 1191//488
f 1079//489 1191//489 1573//489 1194//489
f 1079//490 1194//490 1575//490 1197//490
f 1079//491 1197//491 1577//491 1200//491
f 1079//492 1200//492 1579//492 1203//492
f 1079//493 1203//493 1581//493 1206//493
f 1079//494 1206//494 1583//494 1209//494
f 1079//495 1209//495 1585//495 1212//495
f 1079//496 1212//496 1587//496 1215//496
f 1079//497 1215//497 1589//497 1218//497
f 1079//498 1218//498 1591//498 1221//498
f 1079//499 1221//499 1593//499 1331//499
f 1079//500 1331//500 1649//500 1369//500
f 1079//501 1369//501 1651//501 1333//501
f 1079//502 1333//502 1631//502 1296//502
f 1080//503 1523//503 1741//503 1495//503
f 1080//504 1495//504 1594//504 1225//504
f 1080//505 1225//505 1650//505 1514//505
f 1080//506 1514//506 1760//506 1523//506
f 1081//507 1331//507 1593//507 1223//507
f 1081//503 1223//503 1685//503 1409//503
f 1081//506 1409//506 1706//506 1370//506
f 1081//508 1370//508 1649//508 1331//508
f 1082//509 1406//509 1631//509 1333//509
f 1082//510 1333//510 1651//510 1407//510
f 1082//395 1407//395 1705//395 1410//395
f 1082//395 1410//395 1704//395 1406//395
f 1083//511 1175//511 1561//511 1296//511
f 1083//512 1296//512 1631//512 1406//512
f 1083//395 1406//395 1704//395 1411//395
f 1083//475 1411//475 1669//475 1175//475
f 1084//513 1407//513 1651//513 1278//513
f 1084//514 1278//514 1629//514 1277//514
f 1084//396 1277//396 1703//396 1412//396
f 1084//395 1412//395 1705//395 1407//395
f 1085//515 1275//515 1709//515 1456//515
f 1085//371 1456//371 1713//371 1413//371
f 1085//516 1413//516 1703//516 1277//516
f 1085//517 1277//517 1629//517 1275//517
f 1086//518 1272//518 1625//518 1271//518
f 1086//367 1271//367 1701//367 1414//367
f 1086//370 1414//370 1702//370 1274//370
f 1086//519 1274//519 1627//519 1272//519
f 1087//520 1269//520 1623//520 1268//520
f 1087//363 1268//363 1700//363 1415//363
f 1087//366 1415//366 1701//366 1271//366
f 1087//521 1271//521 1625//521 1269//521
f 1088//522 1266//522 1621//522 1265//522
f 1088//359 1265//359 1699//359 1416//359
f 1088//362 1416//362 1700//362 1268//362
f 1088//523 1268//523 1623//523 1266//523
f 1089//524 1263//524 1619//524 1262//524
f 1089//355 1262//355 1698//355 1417//355
f 1089//358 1417//358 1699//358 1265//358
f 1089//525 1265//525 1621//525 1263//525
f 1090//526 1260//526 1617//526 1259//526
f 1090//351 1259//351 1697//351 1418//351
f 1090//354 1418//354 1698//354 1262//354
f 1090//527 1262//527 1619//527 1260//527
f 1091//528 1257//528 1615//528 1256//528
f 1091//347 1256//347 1696//347 1419//347
f 1091//350 1419//350 1697//350 1259//350
f 1091//529 1259//529 1617//529 1257//529
f 1092//530 1254//530 1613//530 1253//530
f 1092//343 1253//343 1695//343 1420//343
f 1092//531 1420//531 1696//531 1256//531
f 1092//532 1256//532 1615//532 1254//532
f 1093//533 1251//533 1611//533 1250//533
f 1093//339 1250//339 1694//339 1421//339
f 1093//342 1421//342 1695//342 1253//342
f 1093//534 1253//534 1613//534 1251//534
f 1094//535 1248//535 1609//535 1247//535
f 1094//335 1247//335 1693//335 1422//335
f 1094//338 1422//338 1694//338 1250//338
f 1094//536 1250//536 1611//536 1248//536
f 1095//537 1245//537 1607//537 1244//537
f 1095//331 1244//331 1692//331 1423//331
f 1095//334 1423//334 1693//334 1247//334
f 1095//538 1247//538 1609//538 1245//538
f 1096//539 1242//539 1605//539 1241//539
f 1096//327 1241//327 1691//327 1424//327
f 1096//330 1424//330 1692//330 1244//330
f 1096//540 1244//540 1607//540 1242//540
f 1097//541 1239//541 1603//541 1238//541
f 1097//323 1238//323 1690//323 1425//323
f 1097//326 1425//326 1691//326 1241//326
f 1097//542 1241//542 1605//542 1239//542
f 1098//543 1236//543 1601//543 1235//543
f 1098//319 1235//319 1689//319 1426//319
f 1098//322 1426//322 1690//322 1238//322
f 1098//544 1238//544 1603//544 1236//544
f 1099//545 1233//545 1599//545 1232//545
f 1099//315 1232//315 1688//315 1427//315
f 1099//318 1427//318 1689//318 1235//318
f 1099//546 1235//546 1601//546 1233//546
f 1100//547 1230//547 1597//547 1229//547
f 1100//311 1229//311 1687//311 1428//311
f 1100//314 1428//314 1688//314 1232//314
f 1100//548 1232//548 1599//548 1230//548
f 1101//549 1227//549 1595//549 1226//549
f 1101//307 1226//307 1686//307 1429//307
f 1101//310 1429//310 1687//310 1229//310
f 1101//550 1229//550 1597//550 1227//550
f 1102//551 1224//551 1649//551 1370//551
f 1102//303 1370//303 1706//303 1430//303
f 1102//306 1430//306 1686//306 1226//306
f 1102//552 1226//552 1595//552 1224//552
f 1103//553 1221//553 1591//553 1220//553
f 1103//299 1220//299 1684//299 1431//299
f 1103//302 1431//302 1685//302 1223//302
f 1103//554 1223//554 1593//554 1221//554
f 1104//555 1218//555 1589//555 1217//555
f 1104//295 1217//295 1683//295 1432//295
f 1104//298 1432//298 1684//298 1220//298
f 1104//556 1220//556 1591//556 1218//556
f 1105//557 1215//557 1587//557 1214//557
f 1105//291 1214//291 1682//291 1433//291
f 1105//294 1433//294 1683//294 1217//294
f 1105//558 1217//558 1589//558 1215//558
f 1106//559 1212//559 1585//559 1211//559
f 1106//287 1211//287 1681//287 1434//287
f 1106//290 1434//290 1682//290 1214//290
f 1106//560 1214//560 1587//560 1212//560
f 1107//561 1209//561 1583//561 1208//561
f 1107//283 1208//283 1680//283 1435//283
f 1107//286 1435//286 1681//286 1211//286
f 1107//562 1211//562 1585//562 1209//562
f 1108//563 1206//563 1581//563 1205//563
f 1108//279 1205//279 1679//279 1436//279
f 1108//282 1436//282 1680//282 1208//282
f 1108//564 1208//564 1583//564 1206//564
f 1109//565 1203//565 1579//565 1202//565
f 1109//275 1202//275 1678//275 1437//275
f 1109//278 1437//278 1679//278 1205//278
f 1109//566 1205//566 1581//566 1203//566
f 1110//567 1200//567 1577//567 1199//567
f 1110//271 1199//271 1677//271 1438//271
f 1110//274 1438//274 1678//274 1202//274
f 1110//568 1202//568 1579//568 1200//568
f 1111//569 1197//569 1575//569 1196//569
f 1111//267 1196//267 1676//267 1439//267
f 1111//270 1439//270 1677//270 1199//270
f 1111//570 1199//570 1577//570 1197//570
f 1112//571 1194//571 1573//571 1193//571
f 1112//263 1193//263 1675//263 1440//263
f 1112//266 1440//266 1676//266 1196//266
f 1112//572 1196//572 1575//572 1194//572
f 1113//573 1191//573 1571//573 1190//573
f 1113//259 1190//259 1674//259 1441//259
f 1113//262 1441//262 1675//262 1193//262
f 1113//574 1193//574 1573//574 1191//574
f 1114//575 1188//575 1569//575 1187//575
f 1114//255 1187//255 1673//255 1442//255
f 1114//258 1442//258 1674//258 1190//258
f 1114//576 1190//576 1571//576 1188//576
f 1115//577 1185//577 1567//577 1184//577
f 1115//251 1184//251 1672//251 1443//251
f 1115//254 1443//254 1673//254 1187//254
f 1115//578 1187//578 1569//578 1185//578
f 1116//579 1182//579 1565//579 1181//579
f 1116//247 1181//247 1671//247 1444//247
f 1116//250 1444//250 1672//250 1184//250
f 1116//580 1184//580 1567//580 1182//580
f 1117//581 1179//581 1563//581 1178//581
f 1117//244 1178//244 1670//244 1445//244
f 1117//243 1445//243 1671//243 1181//243
f 1117//582 1181//582 1565//582 1179//582
f 1118//583 1176//583 1715//583 1475//583
f 1118//240 1475//240 1719//240 1446//240
f 1118//243 1446//243 1670//243 1178//243
f 1118//584 1178//584 1563//584 1176//584
f 1119//585 1447//585 1561//585 1175//585
f 1119//586 1175//586 1669//586 1454//586
f 1119//240 1454//240 1714//240 1455//240
f 1119//587 1455//587 1707//587 1447//587
f 1120//588 1449//588 1721//588 1474//588
f 1120//371 1474//371 1722//371 1453//371
f 1120//371 1453//371 1713//371 1456//371
f 1120//589 1456//589 1709//589 1449//589
f 1121//439 1473//439 1717//439 1464//439
f 1121//439 1464//439 1711//439 1457//439
f 1121//439 1457//439 1712//439 1465//439
f 1121//439 1465//439 1718//439 1473//439
f 1122//590 1472//590 1720//590 1448//590
f 1122//591 1448//591 1708//591 1458//591
f 1122//439 1458//439 1711//439 1464//439
f 1122//439 1464//439 1717//439 1472//439
f 1123//439 1471//439 1718//439 1465//439
f 1123//439 1465//439 1712//439 1459//439
f 1123//592 1459//592 1710//592 1463//592
f 1123//593 1463//593 1716//593 1471//593
f 1124//371 1522//371 1763//371 1517//371
f 1124//594 1517//594 1716//594 1463//594
f 1124//595 1463//595 1710//595 1515//595
f 1124//371 1515//371 1761//371 1522//371
f 1125//586 1521//586 1725//586 1479//586
f 1125//596 1479//596 1562//596 1177//596
f 1125//597 1177//597 1708//597 1516//597
f 1125//240 1516//240 1762//240 1521//240
f 1126//367 1520//367 1758//367 1512//367
f 1126//598 1512//598 1628//598 1276//598
f 1126//599 1276//599 1716//599 1517//599
f 1126//371 1517//371 1763//371 1520//371
f 1127//600 1295//600 1668//600 1351//600
f 1127//439 1351//439 1718//439 1471//439
f 1127//601 1471//601 1716//601 1276//601
f 1127//602 1276//602 1628//602 1295//602
f 1128//603 1313//603 1564//603 1467//603
f 1128//604 1467//604 1720//604 1472//604
f 1128//439 1472//439 1717//439 1314//439
f 1128//600 1314//600 1648//600 1313//600
f 1129//600 1350//600 1648//600 1314//600
f 1129//439 1314//439 1717//439 1473//439
f 1129//439 1473//439 1718//439 1351//439
f 1129//600 1351//600 1668//600 1350//600
f 1130//605 1468//605 1627//605 1274//605
f 1130//367 1274//367 1702//367 1469//367
f 1130//371 1469//371 1722//371 1474//371
f 1130//606 1474//606 1721//606 1468//606
f 1131//607 1462//607 1707//607 1455//607
f 1131//240 1455//240 1714//240 1466//240
f 1131//240 1466//240 1719//240 1475//240
f 1131//608 1475//608 1715//608 1462//608
f 1132//240 1519//240 1762//240 1516//240
f 1132//609 1516//609 1708//609 1448//609
f 1132//610 1448//610 1720//610 1518//610
f 1132//240 1518//240 1764//240 1519//240
f 1133//240 1466//240 1714//240 1461//240
f 1133//240 1461//240 1762//240 1519//240
f 1133//240 1519//240 1764//240 1476//240
f 1133//240 1476//240 1719//240 1466//240
f 1134//367 1469//367 1702//367 1404//367
f 1134//367 1404//367 1758//367 1520//367
f 1134//371 1520//371 1763//371 1470//371
f 1134//371 1470//371 1722//371 1469//371
f 1135//586 1454//586 1669//586 1371//586
f 1135//586 1371//586 1725//586 1521//586
f 1135//240 1521//240 1762//240 1461//240
f 1135//240 1461//240 1714//240 1454//240
f 1136//371 1453//371 1722//371 1470//371
f 1136//371 1470//371 1763//371 1522//371
f 1136//371 1522//371 1761//371 1460//371
f 1136//371 1460//371 1713//371 1453//371
f 1137//503 1409//503 1685//503 1387//503
f 1137//503 1387//503 1741//503 1523//503
f 1137//506 1523//506 1760//506 1408//506
f 1137//506 1408//506 1706//506 1409//506
f 1138//395 1477//395 1704//395 1410//395
f 1138//395 1410//395 1705//395 1478//395
f 1138//395 1478//395 1724//395 1524//395
f 1138//395 1524//395 1723//395 1477//395
f 1139//475 1371//475 1669//475 1411//475
f 1139//395 1411//395 1704//395 1477//395
f 1139//395 1477//395 1723//395 1525//395
f 1139//475 1525//475 1725//475 1371//475
f 1140//395 1478//395 1705//395 1412//395
f 1140//396 1412//396 1703//396 1405//396
f 1140//396 1405//396 1759//396 1526//396
f 1140//395 1526//395 1724//395 1478//395
f 1141//371 1413//371 1713//371 1460//371
f 1141//371 1460//371 1761//371 1527//371
f 1141//374 1527//374 1759//374 1405//374
f 1141//374 1405//374 1703//374 1413//374
f 1142//367 1414//367 1701//367 1403//367
f 1142//367 1403//367 1757//367 1528//367
f 1142//370 1528//370 1758//370 1404//370
f 1142//370 1404//370 1702//370 1414//370
f 1143//363 1415//363 1700//363 1402//363
f 1143//363 1402//363 1756//363 1529//363
f 1143//366 1529//366 1757//366 1403//366
f 1143//366 1403//366 1701//366 1415//366
f 1144//359 1416//359 1699//359 1401//359
f 1144//359 1401//359 1755//359 1530//359
f 1144//362 1530//362 1756//362 1402//362
f 1144//362 1402//362 1700//362 1416//362
f 1145//355 1417//355 1698//355 1400//355
f 1145//355 1400//355 1754//355 1531//355
f 1145//358 1531//358 1755//358 1401//358
f 1145//358 1401//358 1699//358 1417//358
f 1146//351 1418//351 1697//351 1399//351
f 1146//351 1399//351 1753//351 1532//351
f 1146//354 1532//354 1754//354 1400//354
f 1146//354 1400//354 1698//354 1418//354
f 1147//347 1419//347 1696//347 1398//347
f 1147//347 1398//347 1752//347 1533//347
f 1147//350 1533//350 1753//350 1399//350
f 1147//350 1399//350 1697//350 1419//350
f 1148//343 1420//343 1695//343 1397//343
f 1148//343 1397//343 1751//343 1534//343
f 1148//531 1534//531 1752//531 1398//531
f 1148//531 1398//531 1696//531 1420//531
f 1149//339 1421//339 1694//339 1396//339
f 1149//339 1396//339 1750//339 1535//339
f 1149//342 1535//342 1751//342 1397//342
f 1149//342 1397//342 1695//342 1421//342
f 1150//335 1422//335 1693//335 1395//335
f 1150//335 1395//335 1749//335 1536//335
f 1150//338 1536//338 1750//338 1396//338
f 1150//338 1396//338 1694//338 1422//338
f 1151//331 1423//331 1692//331 1394//331
f 1151//331 1394//331 1748//331 1537//331
f 1151//334 1537//334 1749//334 1395//334
f 1151//334 1395//334 1693//334 1423//334
f 1152//327 1424//327 1691//327 1393//327
f 1152//327 1393//327 1747//327 1538//327
f 1152//330 1538//330 1748//330 1394//330
f 1152//330 1394//330 1692//330 1424//330
f 1153//323 1425//323 1690//323 1392//323
f 1153//323 1392//323 1746//323 1539//323
f 1153//326 1539//326 1747//326 1393//326
f 1153//326 1393//326 1691//326 1425//326
f 1154//319 1426//319 1689//319 1391//319
f 1154//319 1391//319 1745//319 1540//319
f 1154//322 1540//322 1746//322 1392//322
f 1154//322 1392//322 1690//322 1426//322
f 1155//315 1427//315 1688//315 1390//315
f 1155//315 1390//315 1744//315 1541//315
f 1155//318 1541//318 1745//318 1391//318
f 1155//318 1391//318 1689//318 1427//318
f 1156//311 1428//311 1687//311 1389//311
f 1156//311 1389//311 1743//311 1542//311
f 1156//314 1542//314 1744//314 1390//314
f 1156//314 1390//314 1688//314 1428//314
f 1157//307 1429//307 1686//307 1388//307
f 1157//307 1388//307 1742//307 1543//307
f 1157//310 1543//310 1743//310 1389//310
f 1157//310 1389//310 1687//310 1429//310
f 1158//303 1430//303 1706//303 1408//303
f 1158//303 1408//303 1760//303 1544//303
f 1158//306 1544//306 1742//306 1388//306
f 1158//306 1388//306 1686//306 1430//306
f 1159//299 1431//299 1684//299 1386//299
f 1159//299 1386//299 1740//299 1545//299
f 1159//302 1545//302 1741//302 1387//302
f 1159//302 1387//302 1685//302 1431//302
f 1160//295 1432//295 1683//295 1385//295
f 1160//295 1385//295 1739//295 1546//295
f 1160//298 1546//298 1740//298 1386//298
f 1160//611 1386//611 1684//611 1432//611
f 1161//291 1433//291 1682//291 1384//291
f 1161//291 1384//291 1738//291 1547//291
f 1161//294 1547//294 1739//294 1385//294
f 1161//294 1385//294 1683//294 1433//294
f 1162//287 1434//287 1681//287 1383//287
f 1162//287 1383//287 1737//287 1548//287
f 1162//290 1548//290 1738//290 1384//290
f 1162//290 1384//290 1682//290 1434//290
f 1163//283 1435//283 1680//283 1382//283
f 1163//283 1382//283 1736//283 1549//283
f 1163//286 1549//286 1737//286 1383//286
f 1163//286 1383//286 1681//286 1435//286
f 1164//279 1436//279 1679//279 1381//279
f 1164//279 1381//279 1735//279 1550//279
f 1164//282 1550//282 1736//282 1382//282
f 1164//282 1382//282 1680//282 1436//282
f 1165//275 1437//275 1678//275 1380//275
f 1165//275 1380//275 1734//275 1551//275
f 1165//278 1551//278 1735//278 1381//278
f 1165//278 1381//278 1679//278 1437//278
f 1166//271 1438//271 1677//271 1379//271
f 1166//271 1379//271 1733//271 1552//271
f 1166//274 1552//274 1734//274 1380//274
f 1166//274 1380//274 1678//274 1438//274
f 1167//267 1439//267 1676//267 1378//267
f 1167//267 1378//267 1732//267 1553//267
f 1167//270 1553//270 1733//270 1379//270
f 1167//270 1379//270 1677//270 1439//270
f 1168//263 1440//263 1675//263 1377//263
f 1168//263 1377//263 1731//263 1554//263
f 1168//266 1554//266 1732//266 1378//266
f 1168//266 1378//266 1676//266 1440//266
f 1169//259 1441//259 1674//259 1376//259
f 1169//259 1376//259 1730//259 1555//259
f 1169//262 1555//262 1731//262 1377//262
f 1169//262 1377//262 1675//262 1441//262
f 1170//255 1442//255 1673//255 1375//255
f 1170//255 1375//255 1729//255 1556//255
f 1170//258 1556//258 1730//258 1376//258
f 1170//258 1376//258 1674//258 1442//258
f 1171//251 1443//251 1672//251 1374//251
f 1171//251 1374//251 1728//251 1557//251
f 1171//254 1557//254 1729//254 1375//254
f 1171//254 1375//254 1673//254 1443//254
f 1172//247 1444//247 1671//247 1373//247
f 1172//247 1373//247 1727//247 1558//247
f 1172//250 1558//250 1728//250 1374//250
f 1172//250 1374//250 1672//250 1444//250
f 1173//244 1445//244 1670//244 1372//244
f 1173//244 1372//244 1726//244 1559//244
f 1173//243 1559//243 1727//243 1373//243
f 1173//243 1373//243 1671//243 1445//243
f 1174//240 1446//240 1719//240 1476//240
f 1174//240 1476//240 1764//240 1560//240
f 1174//243 1560//243 1726//243 1372//243
f 1174//243 1372//243 1670//243 1446//243
o Cube
v 6.158617 -2.565289 -3.239614
v 6.140278 -2.564111 -3.212000
v 6.131004 -2.564111 -3.257952
v 6.176956 -2.564111 -3.267227
v 6.186230 -2.564111 -3.221275
v 6.167249 -2.563002 -3.196846
v 6.115850 -2.563002 -3.230982
v 6.149985 -2.563002 -3.282381
v 6.201384 -2.563002 -3.248245
v 6.078435 -1.025535 -3.292865
v 6.078780 -1.095679 -3.292636
v 6.062480 -1.025535 -3.257242
v 6.078240 -0.993796 -3.292994
v 6.105081 -1.025535 -3.321388
v 6.105311 -1.095679 -3.321036
v 6.062893 -1.095679 -3.257167
v 6.062247 -0.993796 -3.257285
v 6.104951 -0.993796 -3.321586
v 6.109526 -2.432598 -3.165697
v 6.142366 -2.432598 -3.150988
v 6.109327 -2.340219 -3.165397
v 6.083232 -2.432598 -3.190261
v 6.109592 -2.483695 -3.165796
v 6.142388 -2.483695 -3.151108
v 6.142300 -2.340219 -3.150629
v 6.082927 -2.340219 -3.190061
v 6.083334 -2.483695 -3.190327
v 6.084700 -2.432598 -3.288704
v 6.069992 -2.432598 -3.255865
v 6.084401 -2.340219 -3.288903
v 6.109264 -2.432598 -3.314999
v 6.084800 -2.483695 -3.288638
v 6.070111 -2.483695 -3.255843
v 6.069633 -2.340219 -3.255931
v 6.109064 -2.340219 -3.315304
v 6.109331 -2.483695 -3.314897
v 6.207708 -2.432598 -3.313531
v 6.174868 -2.432598 -3.328239
v 6.207907 -2.340219 -3.313830
v 6.234002 -2.432598 -3.288967
v 6.207642 -2.483695 -3.313431
v 6.174846 -2.483695 -3.328120
v 6.174934 -2.340219 -3.328598
v 6.234307 -2.340219 -3.289166
v 6.233900 -2.483695 -3.288900
v 6.230111 -2.545308 -3.192132
v 6.206352 -2.545187 -3.166740
v 6.223139 -2.554757 -3.196763
v 6.244300 -2.545187 -3.223880
v 6.232434 -2.530956 -3.190589
v 6.207903 -2.530956 -3.164330
v 6.201697 -2.554272 -3.173968
v 6.235832 -2.554272 -3.225367
v 6.247123 -2.530956 -3.223384
v 6.068767 -0.201744 -3.299286
v 6.071699 -0.448747 -3.297339
v 6.050888 -0.201744 -3.259368
v 6.065839 0.054191 -3.301231
v 6.098626 -0.201744 -3.331248
v 6.100584 -0.448747 -3.328258
v 6.054403 -0.448747 -3.258723
v 6.047377 0.054191 -3.260012
v 6.096671 0.054191 -3.334234
v 6.105405 -1.025611 -3.159232
v 6.105594 -1.095679 -3.159776
v 6.141148 -1.025841 -3.142678
v 6.105396 -0.994102 -3.158439
v 6.076843 -1.025535 -3.186078
v 6.077194 -1.095679 -3.186308
v 6.141064 -1.095679 -3.143889
v 6.141583 -0.995022 -3.140049
v 6.076644 -0.993796 -3.185948
v 6.212068 -1.025611 -3.319836
v 6.211640 -1.095679 -3.319451
v 6.176246 -1.025535 -3.335751
v 6.212795 -0.994102 -3.320153
v 6.241189 -1.025842 -3.293312
v 6.240040 -1.095679 -3.292920
v 6.176170 -1.095679 -3.335338
v 6.176289 -0.993796 -3.335984
v 6.243781 -0.995022 -3.293931
v 6.239018 -1.027234 -3.186217
v 6.238454 -1.095679 -3.186591
v 6.255538 -1.026872 -3.222157
v 6.239871 -1.000594 -3.185650
v 6.212299 -1.026872 -3.157050
v 6.211923 -1.095679 -3.158191
v 6.254341 -1.095679 -3.222061
v 6.258125 -0.999146 -3.222629
v 6.212867 -0.999145 -3.154483
v 6.566504 0.780675 -3.498010
v 6.465133 0.780514 -3.400831
v 6.558603 0.769527 -3.505613
v 6.678075 0.780729 -3.595565
v 6.569137 0.799480 -3.495475
v 6.468317 0.799479 -3.399345
v 6.455580 0.768883 -3.405290
v 6.671410 0.769741 -3.604747
v 6.680296 0.799480 -3.592504
v 6.098944 -0.201744 -3.149763
v 6.100892 -0.448747 -3.152695
v 6.138863 -0.201744 -3.131884
v 6.097000 0.054191 -3.146836
v 6.066982 -0.201744 -3.179622
v 6.069973 -0.448747 -3.181580
v 6.139507 -0.448747 -3.135400
v 6.138219 0.054191 -3.128374
v 6.063997 0.054191 -3.177668
v 6.218290 -0.201744 -3.329464
v 6.216342 -0.448747 -3.326532
v 6.178371 -0.201744 -3.347343
v 6.220234 0.054191 -3.332392
v 6.250252 -0.201744 -3.299605
v 6.247261 -0.448747 -3.297647
v 6.177727 -0.448747 -3.343827
v 6.179015 0.054191 -3.350853
v 6.253238 0.054191 -3.301560
v 6.248467 -0.201744 -3.179941
v 6.245535 -0.448747 -3.181888
v 6.266346 -0.201744 -3.219859
v 6.251395 0.054191 -3.177997
v 6.218608 -0.201744 -3.147979
v 6.216650 -0.448747 -3.150970
v 6.262831 -0.448747 -3.220504
v 6.269857 0.054191 -3.219216
v 6.220563 0.054191 -3.144993
v 6.165081 1.062452 -3.240315
v 6.204004 1.061864 -3.214491
v 6.216324 1.062452 -3.308764
v 6.126158 1.061864 -3.266139
v 6.126765 1.062452 -3.173269
v 6.166309 1.061864 -3.148751
v 6.254349 1.061864 -3.281871
v 6.178299 1.061864 -3.335656
v 6.087221 1.061864 -3.197786
v 6.265632 1.049753 -3.173604
v 6.268876 1.034581 -3.171452
v 6.314555 1.049753 -3.239291
v 6.255901 1.057162 -3.180060
v 6.228921 1.049753 -3.109931
v 6.232216 1.034581 -3.107888
v 6.317724 1.034581 -3.237050
v 6.305049 1.057162 -3.246014
v 6.219035 1.057162 -3.116061
v 6.064529 1.049753 -3.307026
v 6.061286 1.034581 -3.309178
v 6.024609 1.049753 -3.236606
v 6.074260 1.057162 -3.300570
v 6.118093 1.049753 -3.378237
v 6.114924 1.034581 -3.380478
v 6.021314 1.034581 -3.238649
v 6.034495 1.057162 -3.230477
v 6.127599 1.057162 -3.371513
v 6.043447 1.062452 -2.916133
v 6.068536 1.062452 -3.012053
v 6.000522 1.061864 -2.930637
v 6.020932 1.062452 -2.818113
v 6.086371 1.061864 -2.901629
v 6.110012 1.061864 -2.993233
v 6.027061 1.061864 -3.030874
v 5.976554 1.061864 -2.828214
v 6.065310 1.061864 -2.808013
v 7.731851 -2.565878 -4.105364
v 7.732364 -2.564665 -4.071067
v 7.701407 -2.564111 -4.105364
v 7.732364 -2.564665 -4.139660
v 7.763950 -2.566467 -4.105364
v 7.763950 -2.565220 -4.069918
v 7.703460 -2.563003 -4.074513
v 7.703460 -2.563003 -4.136214
v 7.763950 -2.565220 -4.140809
v 7.644030 -1.025810 -4.105199
v 7.644574 -1.095855 -4.105364
v 7.649377 -1.026031 -4.066204
v 7.643411 -0.994439 -4.104704
v 7.649892 -1.025737 -4.143865
v 7.650283 -1.095855 -4.143700
v 7.650283 -1.095855 -4.067028
v 7.647613 -0.995322 -4.064133
v 7.649673 -0.994145 -4.143957
v 7.731324 -2.432602 -4.013672
v 7.763981 -2.432602 -4.010715
v 7.731285 -2.340237 -4.013301
v 7.699298 -2.432602 -4.022546
v 7.731338 -2.483695 -4.013796
v 7.763950 -2.483695 -4.010842
v 7.764074 -2.340237 -4.010331
v 7.699129 -2.340237 -4.022210
v 7.699354 -2.483695 -4.022657
v 7.651731 -2.432602 -4.105364
v 7.657016 -2.432602 -4.069870
v 7.651370 -2.340237 -4.105364
v 7.657016 -2.432602 -4.140857
v 7.651852 -2.483695 -4.105364
v 7.657130 -2.483695 -4.069918
v 7.656676 -2.340237 -4.069727
v 7.656676 -2.340237 -4.141001
v 7.657130 -2.483695 -4.140809
v 7.823016 -2.432602 -4.197055
v 7.811306 -2.432602 -4.200013
v 7.823348 -2.340237 -4.197426
v 7.829441 -2.432602 -4.188181
v 7.822906 -2.483695 -4.196931
v 7.811211 -2.483695 -4.199885
v 7.811590 -2.340237 -4.200396
v 7.829798 -2.340237 -4.188517
v 7.829321 -2.483695 -4.188070
v 7.834689 -2.545308 -4.105364
v 7.834077 -2.545187 -4.071067
v 7.833797 -2.554757 -4.105364
v 7.834077 -2.545187 -4.139660
v 7.834987 -2.530956 -4.105364
v 7.834357 -2.530956 -4.069918
v 7.833238 -2.554272 -4.074513
v 7.833238 -2.554272 -4.136214
v 7.834357 -2.530956 -4.140809
v 7.632524 -0.206213 -4.105364
v 7.636087 -0.453842 -4.105364
v 7.638945 -0.206213 -4.062242
v 7.628963 0.049142 -4.105364
v 7.638945 -0.206213 -4.148486
v 7.642298 -0.453842 -4.147070
v 7.642298 -0.453842 -4.063657
v 7.635595 0.049142 -4.060828
v 7.635595 0.049141 -4.149900
v 7.829948 -1.027557 -4.005533
v 7.829576 -1.095855 -4.006329
v 7.836969 -1.027029 -4.014752
v 7.830135 -1.001426 -4.004187
v 7.817232 -1.027733 -4.002460
v 7.816928 -1.095855 -4.003135
v 7.836515 -1.095855 -4.015913
v 7.837329 -0.999314 -4.012208
v 7.817346 -1.002130 -4.001513
v 7.730497 -1.025737 -4.204824
v 7.730542 -1.095855 -4.204398
v 7.695756 -1.025737 -4.195199
v 7.730471 -0.994145 -4.205063
v 7.765921 -1.025737 -4.208033
v 7.765814 -1.095855 -4.207592
v 7.695951 -1.095855 -4.194814
v 7.695648 -0.994145 -4.195415
v 7.765981 -0.994145 -4.208280
v 7.843094 -1.025810 -4.105199
v 7.842643 -1.095855 -4.105364
v 7.842397 -1.025737 -4.143865
v 7.843382 -0.994439 -4.104704
v 7.842453 -1.026031 -4.066203
v 7.841962 -1.095855 -4.067028
v 7.841962 -1.095855 -4.143700
v 7.842640 -0.994145 -4.143957
v 7.842867 -0.995322 -4.064133
v 7.727190 1.049449 -4.226485
v 7.727190 1.033929 -4.230393
v 7.681886 1.049464 -4.226443
v 7.727188 1.057027 -4.214763
v 7.771331 1.049444 -4.226500
v 7.771331 1.033919 -4.230407
v 7.681888 1.033960 -4.230351
v 7.681880 1.057034 -4.214721
v 7.771331 1.057025 -4.214777
v 7.840623 -0.206213 -3.993965
v 7.837357 -0.453842 -3.997621
v 7.848429 -0.206213 -4.004745
v 7.843887 0.049142 -3.990312
v 7.826396 -0.206213 -3.990371
v 7.823597 -0.453842 -3.994146
v 7.844906 -0.453842 -4.008048
v 7.851948 0.049142 -4.001446
v 7.829194 0.049141 -3.986601
v 7.729224 -0.206213 -4.216763
v 7.729614 -0.453842 -4.213106
v 7.690314 -0.206213 -4.205982
v 7.728835 0.049142 -4.220415
v 7.768900 -0.206213 -4.220356
v 7.767988 -0.453842 -4.216581
v 7.691981 -0.453842 -4.202680
v 7.688649 0.049142 -4.209281
v 7.769812 0.049141 -4.224127
v 7.855321 -0.206213 -4.105364
v 7.851572 -0.453842 -4.105364
v 7.854556 -0.206213 -4.148486
v 7.859067 0.049142 -4.105364
v 7.854556 -0.206213 -4.062242
v 7.850832 -0.453842 -4.063657
v 7.850831 -0.453842 -4.147070
v 7.858276 0.049142 -4.149900
v 7.858276 0.049142 -4.060827
v 7.727173 1.062438 -4.105350
v 7.771331 1.062438 -4.105364
v 7.727179 1.061837 -4.152241
v 7.681819 1.062439 -4.105308
v 7.727166 1.061837 -4.058458
v 7.771331 1.061837 -4.058473
v 7.771331 1.061837 -4.152255
v 7.681845 1.061839 -4.152199
v 7.681793 1.061839 -4.058416
v 7.864912 1.049386 -4.105364
v 7.865306 1.033919 -4.105364
v 7.864102 1.049327 -4.150735
v 7.863732 1.056791 -4.105364
v 7.864102 1.049327 -4.059992
v 7.864473 1.033919 -4.058473
v 7.864473 1.033919 -4.152255
v 7.862992 1.056558 -4.146176
v 7.862992 1.056558 -4.064550
v 7.579508 0.754991 -4.104479
v 7.580060 0.756173 -4.056893
v 7.552474 0.756874 -4.102994
v 7.580256 0.756173 -4.152067
v 7.598366 0.751993 -4.105089
v 7.600845 0.753134 -4.055390
v 7.552619 0.758066 -4.056132
v 7.552330 0.758067 -4.149856
v 7.601087 0.753134 -4.154799
v 7.849282 1.049415 -3.988027
v 7.849323 1.033919 -3.984228
v 7.857649 1.049327 -3.999424
v 7.849161 1.056908 -3.999424
v 7.833853 1.049444 -3.984228
v 7.833853 1.033919 -3.980320
v 7.857810 1.033919 -3.995950
v 7.857163 1.056558 -4.009844
v 7.833853 1.057025 -3.995951
v 7.844519 -0.931231 -4.104831
v 7.844081 -0.956708 -4.104572
v 7.843537 -0.931242 -4.144298
v 7.844846 -0.906195 -4.104553
v 7.844699 -0.931200 -4.064298
v 7.844081 -0.957591 -4.063406
v 7.843163 -0.956414 -4.144156
v 7.843911 -0.906531 -4.144440
v 7.844873 -0.905188 -4.063046
v 7.730377 -0.931242 -4.205944
v 7.730417 -0.956414 -4.205576
v 7.695246 -0.931242 -4.196210
v 7.730338 -0.906531 -4.206312
v 7.766200 -0.931242 -4.209188
v 7.766109 -0.956414 -4.208809
v 7.695414 -0.956414 -4.195878
v 7.695078 -0.906531 -4.196543
v 7.766292 -0.906531 -4.209568
v 7.730306 -0.869129 -3.135622
v 7.730306 -0.869129 -3.470570
v 7.694932 -0.875117 -3.135666
v 7.730306 -0.869129 -2.749871
v 7.766439 -0.867132 -3.135607
v 7.766439 -0.867132 -3.470549
v 7.694932 -0.875117 -3.470633
v 7.694932 -0.875117 -2.749895
v 7.766439 -0.867132 -2.749863
v 7.640633 -0.931231 -4.104831
v 7.641461 -0.956708 -4.104572
v 7.639125 -0.931200 -4.064299
v 7.640731 -0.906195 -4.104553
v 7.648865 -0.931242 -4.144298
v 7.649202 -0.956414 -4.144156
v 7.641345 -0.957591 -4.063406
v 7.640616 -0.905188 -4.063046
v 7.648528 -0.906531 -4.144440
v 6.296895 -0.928937 -3.265042
v 6.289805 -0.928977 -3.270773
v 6.294175 -0.903754 -3.259728
v 6.299777 -0.928923 -3.262865
v 6.293243 -0.954146 -3.259705
v 6.287351 -0.955603 -3.265649
v 6.288317 -0.902462 -3.265737
v 6.296646 -0.904185 -3.257458
v 6.295725 -0.953661 -3.257457
v 7.844228 -0.931011 -3.136083
v 7.844228 -0.931011 -3.471222
v 7.843895 -0.907057 -3.135904
v 7.844229 -0.931011 -2.750116
v 7.843179 -0.954966 -3.136262
v 7.843179 -0.954966 -3.471475
v 7.843895 -0.907057 -3.470970
v 7.843895 -0.907057 -2.750021
v 7.843179 -0.954966 -2.750211
v 7.643067 -0.931011 -3.136083
v 7.643067 -0.931011 -3.471223
v 7.649125 -0.954966 -3.136262
v 7.643067 -0.931011 -2.750116
v 7.648604 -0.907057 -3.135904
v 7.648604 -0.907057 -3.470970
v 7.649125 -0.954966 -3.471476
v 7.649125 -0.954966 -2.750211
v 7.648604 -0.907057 -2.750021
v 7.830132 -0.992894 -3.136545
v 7.830132 -0.992894 -3.471876
v 7.837205 -0.986906 -3.136500
v 7.830132 -0.992894 -2.750361
v 7.817379 -0.994890 -3.136559
v 7.817378 -0.994890 -3.471897
v 7.837205 -0.986906 -3.471812
v 7.837205 -0.986906 -2.750338
v 7.817379 -0.994890 -2.750369
v 6.214236 -0.929086 -3.322832
v 6.213976 -0.955398 -3.321931
v 6.176449 -0.929094 -3.336862
v 6.214408 -0.903099 -3.322546
v 6.248343 -0.929063 -3.302206
v 6.247806 -0.956318 -3.299623
v 6.176382 -0.955091 -3.336495
v 6.176517 -0.903437 -3.337231
v 6.248529 -0.902087 -3.300037
v 6.103485 -0.929086 -3.156072
v 6.104215 -0.955398 -3.156661
v 6.135725 -0.929063 -3.132635
v 6.103815 -0.903099 -3.156024
v 6.075897 -0.929094 -3.185459
v 6.076210 -0.955091 -3.185663
v 6.137898 -0.956318 -3.134132
v 6.137796 -0.902087 -3.133304
v 6.075583 -0.903437 -3.185253
v 6.077508 -0.929094 -3.293481
v 6.077815 -0.955091 -3.293277
v 6.061368 -0.929094 -3.257446
v 6.077200 -0.903437 -3.293685
v 6.104462 -0.929094 -3.322333
v 6.104667 -0.955091 -3.322021
v 6.061736 -0.955091 -3.257379
v 6.060999 -0.903437 -3.257514
v 6.104257 -0.903437 -3.322647
v 7.585528 -0.928886 -2.385878
v 7.492908 -0.928888 -2.433386
v 7.588941 -0.953623 -2.391251
v 7.642445 -0.928884 -2.356683
v 7.589297 -0.904148 -2.391230
v 7.496677 -0.904150 -2.438713
v 7.496322 -0.953626 -2.438790
v 7.645858 -0.953622 -2.362037
v 7.646214 -0.904146 -2.362050
v 6.245694 -0.866723 -3.181812
v 6.244206 -0.865655 -3.182771
v 6.223189 -0.870677 -3.148983
v 6.246708 -0.867079 -3.181227
v 6.267225 -0.870677 -3.215289
v 6.265426 -0.869104 -3.218602
v 6.219410 -0.869104 -3.149315
v 6.224967 -0.871202 -3.148606
v 6.268343 -0.871202 -3.213918
v 6.244096 -0.991278 -3.182874
v 6.242601 -0.992811 -3.183837
v 6.265439 -0.987309 -3.215832
v 6.245112 -0.990767 -3.182286
v 6.221995 -0.987309 -3.150418
v 6.218256 -0.989302 -3.150811
v 6.263600 -0.989302 -3.219085
v 6.266571 -0.986645 -3.214482
v 6.223760 -0.986645 -3.150021
v 6.188838 -0.928937 -3.102338
v 6.180779 -0.928977 -3.106609
v 6.192341 -0.954146 -3.107774
v 6.192043 -0.928923 -3.100648
v 6.192681 -0.903754 -3.106906
v 6.184843 -0.902462 -3.109934
v 6.184550 -0.955603 -3.110859
v 6.195457 -0.953661 -3.106480
v 6.195812 -0.904185 -3.105631
v 7.638597 -0.990730 -2.466224
v 7.545977 -0.990732 -2.513818
v 7.660055 -0.986607 -2.498358
v 7.695514 -0.990728 -2.436976
v 7.617245 -0.986607 -2.434102
v 7.524625 -0.986609 -2.481687
v 7.567436 -0.986609 -2.545956
v 7.716972 -0.986605 -2.469108
v 7.674162 -0.986605 -2.404860
v 7.640193 -0.867041 -2.466407
v 7.547574 -0.867044 -2.513918
v 7.618452 -0.871164 -2.434178
v 7.697110 -0.867039 -2.437210
v 7.661828 -0.871164 -2.498622
v 7.569208 -0.871167 -2.546165
v 7.525832 -0.871167 -2.481664
v 7.675369 -0.871162 -2.404998
v 7.718745 -0.871162 -2.469406
v 7.693262 -0.928886 -2.546752
v 7.600642 -0.928888 -2.594350
v 7.690131 -0.904148 -2.541474
v 7.750179 -0.928884 -2.517503
v 7.689210 -0.953623 -2.541306
v 7.596591 -0.953626 -2.588906
v 7.597512 -0.904150 -2.589062
v 7.747048 -0.904146 -2.512229
v 7.746127 -0.953622 -2.512055
v 6.092223 0.742583 -3.135460
v 6.093762 0.724454 -3.141960
v 6.136209 0.742708 -3.116188
v 6.087605 0.751656 -3.115960
v 6.056760 0.742708 -3.168394
v 6.059024 0.724454 -3.174412
v 6.137147 0.724454 -3.122528
v 6.133397 0.752156 -3.097167
v 6.049969 0.752156 -3.150341
v 6.061210 0.743027 -3.304701
v 6.060963 0.724454 -3.304469
v 6.040006 0.743004 -3.258476
v 6.061948 0.753432 -3.305396
v 6.095926 0.743004 -3.342741
v 6.093416 0.724454 -3.339207
v 6.041532 0.724454 -3.261084
v 6.035431 0.753341 -3.250654
v 6.103456 0.753340 -3.353344
v 6.257059 0.743027 -3.174639
v 6.256271 0.724454 -3.174758
v 6.279053 0.743004 -3.220595
v 6.259423 0.753432 -3.174280
v 6.223620 0.743004 -3.137091
v 6.223819 0.724454 -3.140021
v 6.275703 0.724454 -3.218144
v 6.289104 0.753341 -3.227951
v 6.223023 0.753340 -3.128301
v 6.230893 0.742583 -3.344406
v 6.223472 0.724454 -3.337267
v 6.186568 0.742708 -3.363995
v 6.253157 0.751656 -3.365820
v 6.265531 0.742708 -3.311028
v 6.258210 0.724454 -3.304815
v 6.180087 0.724454 -3.356699
v 6.206010 0.752156 -3.385880
v 6.287494 0.752156 -3.329667
v 7.849323 0.733720 -3.984228
v 7.849323 0.725582 -3.984228
v 7.857810 0.733720 -3.995950
v 7.849323 0.742384 -3.984228
v 7.833853 0.733720 -3.980320
v 7.833853 0.725582 -3.980320
v 7.857810 0.725582 -3.995950
v 7.857810 0.742384 -3.995951
v 7.833853 0.742384 -3.980320
v 7.621797 0.733360 -4.105351
v 7.623034 0.725582 -4.105364
v 7.628552 0.733495 -4.057757
v 7.618085 0.740947 -4.105313
v 7.628560 0.733495 -4.152947
v 7.630016 0.725582 -4.152255
v 7.630016 0.725582 -4.058473
v 7.624159 0.741488 -4.055613
v 7.624193 0.741488 -4.155023
v 7.865306 0.733720 -4.105364
v 7.865306 0.725582 -4.105364
v 7.864473 0.733720 -4.152255
v 7.865306 0.742384 -4.105364
v 7.864473 0.733720 -4.058472
v 7.864473 0.725582 -4.058473
v 7.864473 0.725582 -4.152255
v 7.864473 0.742384 -4.152255
v 7.864473 0.742384 -4.058472
v 7.727950 0.733725 -4.226675
v 7.728187 0.725582 -4.226500
v 7.684927 0.733743 -4.215476
v 7.727238 0.742408 -4.227199
v 7.771331 0.733720 -4.230407
v 7.771331 0.725582 -4.230407
v 7.685876 0.725582 -4.214777
v 7.682081 0.742478 -4.217572
v 7.771331 0.742384 -4.230407
v 6.988781 1.062452 -3.943711
v 6.864239 1.062452 -3.873606
v 7.003408 1.061864 -3.900144
v 7.106916 1.062452 -3.999649
v 6.974154 1.061864 -3.987278
v 6.845726 1.061864 -3.915461
v 6.882751 1.061864 -3.831750
v 7.117960 1.061864 -3.954832
v 7.095872 1.061864 -4.044466
v 6.408911 1.049753 -3.672034
v 6.290453 1.049753 -3.560497
v 6.416541 1.057162 -3.663626
v 6.540334 1.049753 -3.785338
v 6.406368 1.034581 -3.674836
v 6.287630 1.034581 -3.563055
v 6.298923 1.057162 -3.552823
v 6.546999 1.057162 -3.776155
v 6.538113 1.034581 -3.788399
v 6.487752 1.062452 -3.585156
v 6.377974 1.062452 -3.481200
v 6.518271 1.061864 -3.551525
v 6.609205 1.062452 -3.690451
v 6.457233 1.061864 -3.618786
v 6.344095 1.061864 -3.511895
v 6.411852 1.061864 -3.450504
v 6.635864 1.061864 -3.653721
v 6.582545 1.061864 -3.727182
v 6.488853 0.758723 -3.587213
v 6.382379 0.757642 -3.489429
v 6.456595 0.759884 -3.619949
v 6.609205 0.759083 -3.690451
v 6.518991 0.759884 -3.552081
v 6.414732 0.758735 -3.452728
v 6.341540 0.758735 -3.516548
v 6.582545 0.760267 -3.727182
v 6.635864 0.760267 -3.653721
v 7.392552 0.758972 -4.086521
v 7.310692 0.759083 -4.069468
v 7.389267 0.760157 -4.133104
v 7.460445 0.758641 -4.095752
v 7.395838 0.760157 -4.039938
v 7.316013 0.760267 -4.023216
v 7.305371 0.760267 -4.115719
v 7.458683 0.759827 -4.142502
v 7.462208 0.759827 -4.049002
v 6.988781 0.759083 -3.943711
v 6.864239 0.759083 -3.873606
v 6.974154 0.760267 -3.987278
v 7.106916 0.759083 -3.999649
v 7.003408 0.760267 -3.900144
v 6.882751 0.760267 -3.831750
v 6.845726 0.760267 -3.915461
v 7.095872 0.760267 -4.044466
v 7.117960 0.760267 -3.954832
v 6.950995 1.049753 -4.056259
v 6.816415 1.049753 -3.981732
v 6.954652 1.057162 -4.045367
v 7.078385 1.049753 -4.115427
v 6.949776 1.034581 -4.059890
v 6.814872 1.034581 -3.985220
v 6.821043 1.057162 -3.971268
v 7.081146 1.057162 -4.104223
v 7.077465 1.034581 -4.119162
v 7.026567 0.780729 -3.831163
v 6.912063 0.780729 -3.765480
v 7.022911 0.769741 -3.842054
v 7.135447 0.780729 -3.883871
v 7.027786 0.799480 -3.827532
v 6.913606 0.799479 -3.761992
v 6.907435 0.769741 -3.775943
v 7.132686 0.769741 -3.895075
v 7.136367 0.799480 -3.880136
v 7.582498 0.777370 -4.225770
v 7.609620 0.775913 -4.226924
v 7.582136 0.766028 -4.214578
v 7.552102 0.778677 -4.224054
v 7.582618 0.796415 -4.229500
v 7.610079 0.795266 -4.230126
v 7.608243 0.763843 -4.217319
v 7.552138 0.767610 -4.212339
v 7.552090 0.797564 -4.227960
v 7.384066 1.049748 -4.206861
v 7.296947 1.049753 -4.188951
v 7.384887 1.057160 -4.195215
v 7.455892 1.049734 -4.216522
v 7.383792 1.034570 -4.210743
v 7.296503 1.034581 -4.192805
v 7.298277 1.057162 -4.177388
v 7.456332 1.057153 -4.204835
v 7.455745 1.034539 -4.220418
v 7.401039 0.780626 -3.966181
v 7.324438 0.780729 -3.949985
v 7.400218 0.769634 -3.977827
v 7.464998 0.780318 -3.974982
v 7.401313 0.799384 -3.962299
v 7.324881 0.799479 -3.946131
v 7.323107 0.769741 -3.961548
v 7.464558 0.769315 -3.986669
v 7.465145 0.799097 -3.971086
v 7.392552 1.062452 -4.086521
v 7.310692 1.062452 -4.069468
v 7.395838 1.061864 -4.039937
v 7.460445 1.062451 -4.095752
v 7.389268 1.061864 -4.133104
v 7.305371 1.061864 -4.115719
v 7.316013 1.061864 -4.023216
v 7.462208 1.061863 -4.049002
v 7.458683 1.061863 -4.142502
v 7.582089 1.049599 -3.983362
v 7.609395 1.049541 -3.983950
v 7.582114 1.057093 -3.995083
v 7.552847 1.049656 -3.981934
v 7.582081 1.034250 -3.979455
v 7.609384 1.034126 -3.980042
v 7.609427 1.057068 -3.995672
v 7.552811 1.057119 -3.993649
v 7.552858 1.034374 -3.978028
v 7.582349 1.062445 -4.104478
v 7.609732 1.062443 -4.105084
v 7.582450 1.061851 -4.151361
v 7.552474 1.062448 -4.102994
v 7.582249 1.061851 -4.057594
v 7.609601 1.061846 -4.058193
v 7.609862 1.061846 -4.151975
v 7.552330 1.061856 -4.149856
v 7.552619 1.061856 -4.056132
v 5.968364 0.759083 -2.566490
v 5.983301 0.759083 -2.640103
v 6.015081 0.760267 -2.564373
v 5.956358 0.759083 -2.503534
v 5.921647 0.760267 -2.568608
v 5.936966 0.760267 -2.643811
v 6.029636 0.760267 -2.636396
v 6.003215 0.760267 -2.502295
v 5.909501 0.760267 -2.504773
v 6.041764 0.758722 -2.914012
v 6.061804 0.757642 -3.003572
v 6.085710 0.759884 -2.900126
v 6.020932 0.759083 -2.818113
v 5.998775 0.759884 -2.930168
v 6.020075 0.758734 -3.029000
v 6.107365 0.758735 -2.987221
v 6.065310 0.760267 -2.808013
v 5.976554 0.760267 -2.828214
v 6.154336 1.049753 -2.878664
v 6.175681 1.049753 -2.963434
v 6.143605 1.057162 -2.882290
v 6.135575 1.049753 -2.792020
v 6.157913 1.034581 -2.877456
v 6.179137 1.034581 -2.961865
v 6.165312 1.057162 -2.968139
v 6.124481 1.057162 -2.794545
v 6.139274 1.034581 -2.791178
v 5.932391 0.780675 -2.953891
v 5.960726 0.780514 -3.061832
v 5.942623 0.769526 -2.951135
v 5.906289 0.780729 -2.844206
v 5.928980 0.799480 -2.954810
v 5.957936 0.799479 -3.062241
v 5.969098 0.768883 -3.060604
v 5.917383 0.769741 -2.841681
v 5.902590 0.799480 -2.845048
v 6.060531 1.049753 -2.377388
v 6.063294 1.049753 -2.409370
v 6.048809 1.057162 -2.377491
v 6.059484 1.049753 -2.350805
v 6.064438 1.034581 -2.377354
v 6.067201 1.034581 -2.409325
v 6.051573 1.057162 -2.409506
v 6.047761 1.057162 -2.350898
v 6.063391 1.034581 -2.350775
v 5.847679 0.780728 -2.571960
v 5.863602 0.780729 -2.649681
v 5.859358 0.769741 -2.571430
v 5.835310 0.780729 -2.506735
v 5.843786 0.799480 -2.572136
v 5.859741 0.799479 -2.649989
v 5.875186 0.769741 -2.648754
v 5.847024 0.769741 -2.506425
v 5.831406 0.799480 -2.506839
v 6.089049 1.049753 -2.561021
v 6.103001 1.049753 -2.630526
v 6.077370 1.057162 -2.561550
v 6.077405 1.049753 -2.500332
v 6.092942 1.034581 -2.560844
v 6.106862 1.034581 -2.630217
v 6.091417 1.057162 -2.631452
v 6.065691 1.057162 -2.500642
v 6.081310 1.034581 -2.500229
v 5.968364 1.062452 -2.566490
v 5.983301 1.062452 -2.640103
v 5.921647 1.061864 -2.568608
v 5.956358 1.062452 -2.503534
v 6.015081 1.061864 -2.564373
v 6.029636 1.061864 -2.636395
v 5.936966 1.061864 -2.643811
v 5.909501 1.061864 -2.504773
v 6.003215 1.061864 -2.502295
v 5.939403 1.062452 -2.378455
v 5.942179 1.062452 -2.410774
v 5.892514 1.061864 -2.378868
v 5.938352 1.062452 -2.351760
v 5.986291 1.061864 -2.378042
v 5.989062 1.061864 -2.410231
v 5.895296 1.061864 -2.411318
v 5.891462 1.061864 -2.352129
v 5.985241 1.061864 -2.351390
v 5.939403 0.759083 -2.378455
v 5.942179 0.759083 -2.410774
v 5.986291 0.760267 -2.378042
v 5.938352 0.759083 -2.351760
v 5.892514 0.760267 -2.378868
v 5.895296 0.760267 -2.411318
v 5.989062 0.760267 -2.410231
v 5.985241 0.760267 -2.351390
v 5.891462 0.760267 -2.352129
v 5.818274 0.780728 -2.379522
v 5.821064 0.780729 -2.412178
v 5.829997 0.769741 -2.379418
v 5.817220 0.780729 -2.352714
v 5.814367 0.799480 -2.379556
v 5.817157 0.799479 -2.412223
v 5.832784 0.769741 -2.412042
v 5.828942 0.769741 -2.352622
v 5.813312 0.799480 -2.352745
v 6.158617 -2.564778 -1.437150
v 6.186230 -2.563352 -1.455489
v 6.176956 -2.563352 -1.409537
v 6.131004 -2.563352 -1.418811
v 6.140278 -2.563352 -1.464763
v 6.167249 -2.562011 -1.479917
v 6.201384 -2.562011 -1.428518
v 6.149985 -2.562011 -1.394383
v 6.115850 -2.562011 -1.445781
v 6.078420 -1.022242 -1.383888
v 6.105071 -1.022242 -1.355360
v 6.078230 -0.991671 -1.383763
v 6.062461 -1.022242 -1.419518
v 6.078760 -1.091431 -1.384114
v 6.105298 -1.091431 -1.355707
v 6.104944 -0.991671 -1.355167
v 6.062234 -0.991671 -1.419476
v 6.062869 -1.091431 -1.419593
v 6.109526 -2.428422 -1.511067
v 6.109592 -2.478444 -1.510967
v 6.083231 -2.428422 -1.486503
v 6.109326 -2.337169 -1.511368
v 6.142365 -2.428422 -1.525776
v 6.142388 -2.478444 -1.525656
v 6.083334 -2.478444 -1.486436
v 6.082925 -2.337169 -1.486704
v 6.142300 -2.337169 -1.526137
v 6.084700 -2.428422 -1.388059
v 6.084800 -2.478444 -1.388125
v 6.109264 -2.428422 -1.361764
v 6.084399 -2.337169 -1.387859
v 6.069991 -2.428422 -1.420899
v 6.070111 -2.478444 -1.420921
v 6.109331 -2.478444 -1.361867
v 6.109063 -2.337169 -1.361458
v 6.069630 -2.337169 -1.420832
v 6.207708 -2.428422 -1.363232
v 6.207642 -2.478444 -1.363333
v 6.234002 -2.428422 -1.387797
v 6.207908 -2.337169 -1.362931
v 6.174868 -2.428422 -1.348524
v 6.174846 -2.478444 -1.348644
v 6.233900 -2.478444 -1.387864
v 6.234309 -2.337169 -1.387596
v 6.174934 -2.337169 -1.348163
v 6.230111 -2.541213 -1.484631
v 6.232434 -2.525704 -1.486174
v 6.244300 -2.541066 -1.452883
v 6.223139 -2.552030 -1.480001
v 6.206352 -2.541066 -1.510024
v 6.207903 -2.525704 -1.512433
v 6.247123 -2.525704 -1.453379
v 6.235832 -2.551442 -1.451396
v 6.201697 -2.551442 -1.502795
v 6.068711 -0.197064 -1.377440
v 6.098588 -0.197064 -1.345459
v 6.065803 0.057436 -1.375509
v 6.050821 -0.197064 -1.417383
v 6.071627 -0.442797 -1.379377
v 6.100535 -0.442797 -1.348432
v 6.096647 0.057436 -1.342493
v 6.047334 0.057436 -1.416744
v 6.054317 -0.442796 -1.418025
v 6.105395 -1.022324 -1.517547
v 6.076827 -1.022242 -1.490696
v 6.105389 -0.991997 -1.518335
v 6.141144 -1.022568 -1.534104
v 6.105581 -1.091431 -1.517007
v 6.077174 -1.091431 -1.490469
v 6.076634 -0.991671 -1.490822
v 6.141581 -0.992975 -1.536726
v 6.141060 -1.091431 -1.532898
v 6.212078 -1.022324 -1.356912
v 6.241204 -1.022568 -1.383441
v 6.212802 -0.991997 -1.356601
v 6.176249 -1.022242 -1.340994
v 6.211653 -1.091431 -1.357293
v 6.240060 -1.091431 -1.383831
v 6.243790 -0.992975 -1.382826
v 6.176291 -0.991671 -1.340768
v 6.176174 -1.091431 -1.341402
v 6.239034 -1.023951 -1.490557
v 6.212309 -1.023599 -1.519729
v 6.239881 -0.998507 -1.491120
v 6.255557 -1.023599 -1.454610
v 6.238474 -1.091431 -1.490186
v 6.211936 -1.091431 -1.518593
v 6.212873 -0.997098 -1.522291
v 6.258137 -0.997098 -1.454137
v 6.254365 -1.091431 -1.454707
v 6.566504 0.779853 -1.178754
v 6.569137 0.798941 -1.181289
v 6.678074 0.779900 -1.081199
v 6.558603 0.768893 -1.171150
v 6.465133 0.779712 -1.275932
v 6.468317 0.798941 -1.277419
v 6.680296 0.798941 -1.084260
v 6.671410 0.769080 -1.072016
v 6.455580 0.768332 -1.271473
v 6.098907 -0.197064 -1.527056
v 6.066926 -0.197064 -1.497178
v 6.096976 0.057436 -1.529964
v 6.138850 -0.197064 -1.544946
v 6.100844 -0.442797 -1.524140
v 6.069900 -0.442797 -1.495232
v 6.063960 0.057436 -1.499120
v 6.138211 0.057436 -1.548433
v 6.139492 -0.442796 -1.541450
v 6.218327 -0.197064 -1.347244
v 6.250309 -0.197064 -1.377121
v 6.220258 0.057436 -1.344336
v 6.178383 -0.197064 -1.329354
v 6.216390 -0.442797 -1.350160
v 6.247334 -0.442797 -1.379068
v 6.253274 0.057436 -1.375180
v 6.179023 0.057436 -1.325867
v 6.177742 -0.442796 -1.332850
v 6.248523 -0.197064 -1.496860
v 6.218646 -0.197064 -1.528841
v 6.251431 0.057436 -1.498791
v 6.266413 -0.197064 -1.456916
v 6.245607 -0.442797 -1.494923
v 6.216699 -0.442797 -1.525867
v 6.220587 0.057436 -1.531807
v 6.269900 0.057436 -1.457556
v 6.262917 -0.442796 -1.456275
v 6.165081 1.062844 -1.436449
v 6.126765 1.062844 -1.503495
v 6.126158 1.062648 -1.410625
v 6.216324 1.062844 -1.368000
v 6.204004 1.062648 -1.462272
v 6.166309 1.062648 -1.528013
v 6.087221 1.062648 -1.478977
v 6.178299 1.062648 -1.341107
v 6.254349 1.062648 -1.394893
v 6.265632 1.055794 -1.503160
v 6.228921 1.055794 -1.566832
v 6.255901 1.061081 -1.496704
v 6.314555 1.055794 -1.437473
v 6.268876 1.042286 -1.505312
v 6.232216 1.042286 -1.568876
v 6.219035 1.061081 -1.560703
v 6.305049 1.061081 -1.430750
v 6.317724 1.042286 -1.439714
v 6.064529 1.055794 -1.369738
v 6.118093 1.055794 -1.298527
v 6.074260 1.061081 -1.376193
v 6.024609 1.055794 -1.440157
v 6.061286 1.042286 -1.367586
v 6.114924 1.042286 -1.296286
v 6.127599 1.061081 -1.305250
v 6.034495 1.061081 -1.446287
v 6.021314 1.042286 -1.438114
v 6.043447 1.062844 -1.760631
v 6.086371 1.062648 -1.775135
v 6.020932 1.062844 -1.858650
v 6.000522 1.062648 -1.746127
v 6.068536 1.062844 -1.664710
v 6.110011 1.062648 -1.683531
v 6.065310 1.062648 -1.868751
v 5.976554 1.062648 -1.848550
v 6.027061 1.062648 -1.645890
v 7.731851 -2.565850 -0.571400
v 7.763950 -2.566448 -0.571400
v 7.732364 -2.564620 -0.537103
v 7.701406 -2.564057 -0.571400
v 7.732364 -2.564620 -0.605696
v 7.763950 -2.565182 -0.606845
v 7.763950 -2.565182 -0.535954
v 7.703459 -2.562932 -0.540549
v 7.703459 -2.562932 -0.602250
v 7.644025 -1.024908 -0.571568
v 7.649887 -1.024833 -0.532897
v 7.643407 -0.993861 -0.572074
v 7.649372 -1.025132 -0.610576
v 7.644567 -1.094689 -0.571400
v 7.650277 -1.094689 -0.533061
v 7.649670 -0.993562 -0.532805
v 7.647610 -0.994759 -0.612690
v 7.650276 -1.094689 -0.609738
v 7.731324 -2.432282 -0.663091
v 7.731338 -2.483320 -0.662967
v 7.699297 -2.432282 -0.654218
v 7.731285 -2.339933 -0.663463
v 7.763981 -2.432282 -0.666049
v 7.763950 -2.483320 -0.665921
v 7.699354 -2.483320 -0.654106
v 7.699128 -2.339933 -0.654554
v 7.764074 -2.339933 -0.666433
v 7.651731 -2.432282 -0.571400
v 7.651852 -2.483320 -0.571400
v 7.657016 -2.432282 -0.535906
v 7.651369 -2.339933 -0.571400
v 7.657016 -2.432282 -0.606893
v 7.657129 -2.483320 -0.606845
v 7.657129 -2.483320 -0.535954
v 7.656675 -2.339933 -0.535762
v 7.656675 -2.339933 -0.607037
v 7.823016 -2.432282 -0.479708
v 7.822905 -2.483320 -0.479832
v 7.829440 -2.432282 -0.488582
v 7.823348 -2.339933 -0.479336
v 7.811306 -2.432282 -0.476750
v 7.811211 -2.483320 -0.476878
v 7.829321 -2.483320 -0.488693
v 7.829799 -2.339933 -0.488246
v 7.811591 -2.339933 -0.476367
v 7.834689 -2.545016 -0.571400
v 7.834987 -2.530581 -0.571400
v 7.834077 -2.544893 -0.537103
v 7.833797 -2.554563 -0.571400
v 7.834077 -2.544893 -0.605696
v 7.834357 -2.530581 -0.606845
v 7.834357 -2.530581 -0.535954
v 7.833238 -2.554070 -0.540549
v 7.833238 -2.554070 -0.602250
v 7.632322 -0.191662 -0.571400
v 7.638756 -0.191662 -0.528198
v 7.628834 0.061240 -0.571400
v 7.638756 -0.191662 -0.614602
v 7.635828 -0.436110 -0.571400
v 7.642054 -0.436110 -0.529590
v 7.635473 0.061240 -0.526812
v 7.635473 0.061240 -0.615987
v 7.642054 -0.436110 -0.613209
v 7.829953 -1.026654 -0.671279
v 7.817236 -1.026829 -0.674354
v 7.830138 -1.000848 -0.672757
v 7.836974 -1.026130 -0.662054
v 7.829582 -1.094689 -0.670441
v 7.816934 -1.094689 -0.673636
v 7.817348 -1.001547 -0.675439
v 7.837332 -0.998752 -0.664710
v 7.836522 -1.094689 -0.660856
v 7.730496 -1.024833 -0.471934
v 7.765922 -1.024833 -0.468725
v 7.730471 -0.993562 -0.471697
v 7.695754 -1.024833 -0.481560
v 7.730541 -1.094689 -0.472359
v 7.765816 -1.094689 -0.469164
v 7.765981 -0.993562 -0.468480
v 7.695646 -0.993562 -0.481345
v 7.695948 -1.094689 -0.481943
v 7.843100 -1.024908 -0.571568
v 7.842458 -1.025132 -0.610577
v 7.843385 -0.993861 -0.572074
v 7.842402 -1.024833 -0.532897
v 7.842649 -1.094689 -0.571400
v 7.841969 -1.094689 -0.609738
v 7.842870 -0.994759 -0.612690
v 7.842643 -0.993562 -0.532805
v 7.841969 -1.094689 -0.533061
v 7.727189 1.055628 -0.450278
v 7.771330 1.055625 -0.450264
v 7.727188 1.061036 -0.462000
v 7.681886 1.055636 -0.450320
v 7.727190 1.041811 -0.446370
v 7.771330 1.041803 -0.446356
v 7.771330 1.061035 -0.461986
v 7.681880 1.061038 -0.462043
v 7.681888 1.041833 -0.446412
v 7.840807 -0.191662 -0.683005
v 7.826554 -0.191662 -0.686605
v 7.844005 0.061240 -0.686584
v 7.848627 -0.191662 -0.672204
v 7.837594 -0.436110 -0.679408
v 7.823800 -0.436110 -0.682892
v 7.829295 0.061240 -0.690300
v 7.852076 0.061240 -0.675438
v 7.845162 -0.436110 -0.668956
v 7.729202 -0.191662 -0.459795
v 7.768951 -0.191662 -0.456194
v 7.728821 0.061240 -0.456215
v 7.690220 -0.191662 -0.470595
v 7.729586 -0.436110 -0.463391
v 7.768054 -0.436110 -0.459907
v 7.769845 0.061240 -0.452500
v 7.688589 0.061240 -0.467362
v 7.691860 -0.436110 -0.473844
v 7.855533 -0.191662 -0.571400
v 7.854765 -0.191662 -0.614602
v 7.859203 0.061240 -0.571400
v 7.854765 -0.191662 -0.528198
v 7.851845 -0.436110 -0.571400
v 7.851102 -0.436110 -0.613209
v 7.858411 0.061240 -0.615987
v 7.858411 0.061240 -0.526812
v 7.851102 -0.436110 -0.529590
v 7.727172 1.062840 -0.571414
v 7.727166 1.062639 -0.618305
v 7.681818 1.062840 -0.571456
v 7.727179 1.062639 -0.524522
v 7.771330 1.062840 -0.571400
v 7.771330 1.062639 -0.618291
v 7.681792 1.062640 -0.618347
v 7.681845 1.062640 -0.524564
v 7.771330 1.062639 -0.524508
v 7.864912 1.055606 -0.571400
v 7.864102 1.055587 -0.616771
v 7.863732 1.060957 -0.571400
v 7.864102 1.055587 -0.526028
v 7.865305 1.041803 -0.571400
v 7.864472 1.041803 -0.618291
v 7.862992 1.060879 -0.612212
v 7.862992 1.060879 -0.530587
v 7.864472 1.041803 -0.524508
v 7.579508 0.755351 -0.572284
v 7.598366 0.753633 -0.571674
v 7.580256 0.756428 -0.524696
v 7.552474 0.756807 -0.573769
v 7.580059 0.756428 -0.619870
v 7.600844 0.754552 -0.621373
v 7.601086 0.754551 -0.521965
v 7.552330 0.757933 -0.526907
v 7.552619 0.757933 -0.620631
v 7.849282 1.055616 -0.688737
v 7.833852 1.055625 -0.692536
v 7.849161 1.060996 -0.677340
v 7.857648 1.055587 -0.677340
v 7.849322 1.041803 -0.692536
v 7.833852 1.041803 -0.696443
v 7.833852 1.061035 -0.680813
v 7.857162 1.060879 -0.666919
v 7.857810 1.041803 -0.680813
v 7.844525 -0.930780 -0.571973
v 7.844704 -0.930813 -0.612628
v 7.844872 -0.904502 -0.572245
v 7.843544 -0.930770 -0.532463
v 7.844081 -0.956597 -0.572228
v 7.844082 -0.957495 -0.613505
v 7.844895 -0.903734 -0.613868
v 7.843938 -0.904758 -0.532313
v 7.843163 -0.956297 -0.532608
v 7.730376 -0.930770 -0.470812
v 7.766201 -0.930770 -0.467568
v 7.730335 -0.904758 -0.470425
v 7.695243 -0.930770 -0.480547
v 7.730416 -0.956297 -0.471186
v 7.766108 -0.956297 -0.467954
v 7.766298 -0.904758 -0.467168
v 7.695066 -0.904758 -0.480197
v 7.695413 -0.956297 -0.480884
v 7.730306 -0.869129 -1.542497
v 7.766439 -0.867132 -1.542510
v 7.730306 -0.869129 -1.927908
v 7.694932 -0.875117 -1.542458
v 7.730306 -0.869129 -1.207887
v 7.766439 -0.867132 -1.207906
v 7.766439 -0.867132 -1.927915
v 7.694932 -0.875117 -1.927889
v 7.694932 -0.875117 -1.207832
v 7.640626 -0.930780 -0.571972
v 7.648859 -0.930770 -0.532463
v 7.640706 -0.904502 -0.572245
v 7.639120 -0.930813 -0.612628
v 7.641460 -0.956597 -0.572228
v 7.649201 -0.956297 -0.532607
v 7.648503 -0.904758 -0.532313
v 7.640595 -0.903734 -0.613868
v 7.641344 -0.957495 -0.613505
v 6.297132 -0.928916 -1.411844
v 6.293480 -0.954112 -1.417181
v 6.300725 -0.928923 -1.414386
v 6.294413 -0.903707 -1.417157
v 6.289806 -0.928896 -1.405990
v 6.287352 -0.955467 -1.411114
v 6.296673 -0.953661 -1.419794
v 6.297595 -0.904185 -1.419792
v 6.288320 -0.902271 -1.411026
v 7.844229 -0.931011 -1.542098
v 7.843179 -0.954966 -1.541944
v 7.844228 -0.931011 -1.927710
v 7.843895 -0.907057 -1.542253
v 7.844229 -0.931011 -1.207313
v 7.843179 -0.954966 -1.207090
v 7.843179 -0.954966 -1.927634
v 7.843895 -0.907057 -1.927787
v 7.843895 -0.907057 -1.207535
v 7.643067 -0.931011 -1.542098
v 7.648604 -0.907057 -1.542252
v 7.643067 -0.931011 -1.927710
v 7.649125 -0.954966 -1.541943
v 7.643067 -0.931011 -1.207312
v 7.648604 -0.907057 -1.207535
v 7.648604 -0.907057 -1.927787
v 7.649125 -0.954966 -1.927634
v 7.649125 -0.954966 -1.207090
v 7.830132 -0.992894 -1.541699
v 7.817379 -0.994890 -1.541686
v 7.830132 -0.992894 -1.927512
v 7.837205 -0.986906 -1.541738
v 7.830132 -0.992894 -1.206738
v 7.817379 -0.994890 -1.206720
v 7.817378 -0.994890 -1.927506
v 7.837205 -0.986906 -1.927531
v 7.837205 -0.986906 -1.206794
v 6.214237 -0.928842 -1.353929
v 6.248345 -0.928854 -1.374556
v 6.214413 -0.902531 -1.354210
v 6.176450 -0.928839 -1.339898
v 6.213977 -0.954992 -1.354831
v 6.247808 -0.955970 -1.377140
v 6.248535 -0.901599 -1.376722
v 6.176518 -0.902842 -1.339524
v 6.176383 -0.954666 -1.340266
v 6.103483 -0.928842 -1.520694
v 6.075895 -0.928839 -1.491306
v 6.103810 -0.902531 -1.520746
v 6.135724 -0.928854 -1.544131
v 6.104214 -0.954992 -1.520105
v 6.076208 -0.954666 -1.491101
v 6.075576 -0.902842 -1.491515
v 6.137794 -0.901599 -1.543466
v 6.137897 -0.955970 -1.542634
v 6.077506 -0.928839 -1.383281
v 6.104461 -0.928839 -1.354428
v 6.077193 -0.902842 -1.383074
v 6.061366 -0.928839 -1.419317
v 6.077813 -0.954666 -1.383485
v 6.104665 -0.954666 -1.354741
v 6.104252 -0.902842 -1.354109
v 6.060991 -0.902842 -1.419248
v 6.061734 -0.954666 -1.419384
v 7.576788 -0.928886 -2.286402
v 7.580557 -0.904148 -2.281053
v 7.637847 -0.928884 -2.317722
v 7.580202 -0.953624 -2.281026
v 7.480937 -0.928888 -2.237237
v 7.484706 -0.904150 -2.231913
v 7.641616 -0.904146 -2.312356
v 7.641261 -0.953622 -2.312366
v 7.484351 -0.953626 -2.231829
v 6.245933 -0.866587 -1.495074
v 6.267464 -0.870555 -1.461597
v 6.247656 -0.867079 -1.496023
v 6.223427 -0.870555 -1.527904
v 6.244213 -0.865114 -1.493997
v 6.265432 -0.868616 -1.458163
v 6.269291 -0.871202 -1.463332
v 6.225915 -0.871202 -1.528644
v 6.219414 -0.868616 -1.527454
v 6.244333 -0.991182 -1.494012
v 6.222233 -0.987222 -1.526468
v 6.246060 -0.990767 -1.494965
v 6.265676 -0.987222 -1.461053
v 6.242603 -0.992425 -1.492928
v 6.218258 -0.988953 -1.525954
v 6.224708 -0.986645 -1.527230
v 6.267519 -0.986645 -1.462770
v 6.263602 -0.988953 -1.457679
v 6.189075 -0.928916 -1.574547
v 6.192918 -0.903707 -1.569980
v 6.192991 -0.928923 -1.576602
v 6.192578 -0.954112 -1.569111
v 6.180779 -0.928896 -1.570155
v 6.184844 -0.902271 -1.566832
v 6.196761 -0.904185 -1.571619
v 6.196405 -0.953661 -1.570770
v 6.184550 -0.955467 -1.565905
v 7.629857 -0.990730 -2.206048
v 7.608505 -0.986607 -2.238171
v 7.690916 -0.990728 -2.237424
v 7.651316 -0.986607 -2.173914
v 7.534006 -0.990733 -2.156794
v 7.512654 -0.986610 -2.188926
v 7.669564 -0.986605 -2.269541
v 7.712375 -0.986605 -2.205293
v 7.555465 -0.986610 -2.124655
v 7.631454 -0.867041 -2.205873
v 7.653088 -0.871164 -2.173655
v 7.692513 -0.867040 -2.237195
v 7.609712 -0.871164 -2.238104
v 7.535603 -0.867044 -2.156705
v 7.557238 -0.871167 -2.124453
v 7.714147 -0.871163 -2.204997
v 7.670771 -0.871163 -2.269409
v 7.513861 -0.871167 -2.188962
v 7.684522 -0.928886 -2.125520
v 7.680470 -0.953624 -2.130965
v 7.745581 -0.928884 -2.156898
v 7.681392 -0.904148 -2.130799
v 7.588671 -0.928888 -2.076262
v 7.584620 -0.953626 -2.081705
v 7.741529 -0.953622 -2.162345
v 7.742451 -0.904146 -2.162172
v 7.585541 -0.904150 -2.081550
v 6.092223 0.744662 -1.541304
v 6.056760 0.744776 -1.508369
v 6.087605 0.752959 -1.560803
v 6.136209 0.744776 -1.560576
v 6.093762 0.727151 -1.534804
v 6.059024 0.727151 -1.502352
v 6.049969 0.753414 -1.526423
v 6.133397 0.753414 -1.579597
v 6.137147 0.727151 -1.554236
v 6.061209 0.745081 -1.372063
v 6.095926 0.745054 -1.334023
v 6.061948 0.754636 -1.371368
v 6.040006 0.745055 -1.418287
v 6.060963 0.727151 -1.372295
v 6.093415 0.727151 -1.337557
v 6.103456 0.754532 -1.323420
v 6.035431 0.754532 -1.426109
v 6.041531 0.727151 -1.415680
v 6.257059 0.745081 -1.502125
v 6.223620 0.745054 -1.539673
v 6.259422 0.754636 -1.502483
v 6.279053 0.745055 -1.456168
v 6.256271 0.727151 -1.502005
v 6.223818 0.727151 -1.536743
v 6.223023 0.754532 -1.548462
v 6.289104 0.754532 -1.448813
v 6.275702 0.727151 -1.458620
v 6.230893 0.744662 -1.332358
v 6.265531 0.744776 -1.365736
v 6.253157 0.752959 -1.310944
v 6.186568 0.744776 -1.312769
v 6.223472 0.727151 -1.339496
v 6.258210 0.727151 -1.371948
v 6.287494 0.753414 -1.347097
v 6.206010 0.753414 -1.290883
v 6.180087 0.727151 -1.320064
v 7.849322 0.744133 -0.692536
v 7.833852 0.744133 -0.696443
v 7.849322 0.751566 -0.692536
v 7.857810 0.744133 -0.680813
v 7.849322 0.728238 -0.692536
v 7.833852 0.728238 -0.696443
v 7.833852 0.751566 -0.696443
v 7.857810 0.751566 -0.680813
v 7.857810 0.728238 -0.680813
v 7.621797 0.743759 -0.571412
v 7.628560 0.743848 -0.523816
v 7.618085 0.750074 -0.571450
v 7.628551 0.743848 -0.619006
v 7.623034 0.728238 -0.571399
v 7.630016 0.728238 -0.524508
v 7.624192 0.750426 -0.521741
v 7.624159 0.750427 -0.621150
v 7.630016 0.728238 -0.618291
v 7.865305 0.744133 -0.571400
v 7.864472 0.744133 -0.618291
v 7.865305 0.751566 -0.571400
v 7.864472 0.744133 -0.524508
v 7.865305 0.728238 -0.571400
v 7.864472 0.728238 -0.618291
v 7.864472 0.751566 -0.618291
v 7.864472 0.751566 -0.524508
v 7.864472 0.728238 -0.524508
v 7.727949 0.744119 -0.450089
v 7.771330 0.744133 -0.446356
v 7.727238 0.751512 -0.449565
v 7.684927 0.744078 -0.461288
v 7.728187 0.728238 -0.450264
v 7.771330 0.728238 -0.446356
v 7.771330 0.751566 -0.446356
v 7.682080 0.751349 -0.459191
v 7.685875 0.728238 -0.461986
v 6.988781 1.062844 -0.733053
v 6.974154 1.062648 -0.689486
v 7.106916 1.062844 -0.677114
v 7.003408 1.062648 -0.776620
v 6.864239 1.062844 -0.803158
v 6.845726 1.062648 -0.761303
v 7.095871 1.062648 -0.632297
v 7.117960 1.062648 -0.721932
v 6.882751 1.062648 -0.845013
v 6.408911 1.055794 -1.004730
v 6.406368 1.042286 -1.001927
v 6.540334 1.055794 -0.891426
v 6.416541 1.061081 -1.013137
v 6.290453 1.055794 -1.116267
v 6.287630 1.042286 -1.113709
v 6.538113 1.042286 -0.888365
v 6.546999 1.061081 -0.900608
v 6.298923 1.061081 -1.123941
v 6.487752 1.062844 -1.091608
v 6.457233 1.062648 -1.057978
v 6.609204 1.062844 -0.986312
v 6.518271 1.062648 -1.125238
v 6.377974 1.062844 -1.195564
v 6.344095 1.062648 -1.164868
v 6.582545 1.062648 -0.949582
v 6.635864 1.062648 -1.023042
v 6.411852 1.062648 -1.226259
v 6.488853 0.758721 -1.089551
v 6.518991 0.759813 -1.124682
v 6.609204 0.759017 -0.986312
v 6.456594 0.759813 -1.056815
v 6.382379 0.757833 -1.187335
v 6.414732 0.758847 -1.224036
v 6.635864 0.760135 -1.023042
v 6.582545 0.760135 -0.949582
v 6.341540 0.758847 -1.160216
v 7.392552 0.758906 -0.590243
v 7.395838 0.760025 -0.636826
v 7.460445 0.758574 -0.581012
v 7.389267 0.760025 -0.543659
v 7.310692 0.759017 -0.607296
v 7.316013 0.760135 -0.653547
v 7.462207 0.759694 -0.627762
v 7.458682 0.759694 -0.534262
v 7.305371 0.760135 -0.561044
v 6.988781 0.759017 -0.733053
v 7.003408 0.760135 -0.776620
v 7.106916 0.759017 -0.677114
v 6.974154 0.760135 -0.689486
v 6.864239 0.759017 -0.803158
v 6.882751 0.760135 -0.845013
v 7.117960 0.760135 -0.721932
v 7.095872 0.760135 -0.632297
v 6.845726 0.760135 -0.761303
v 6.950994 1.055794 -0.620505
v 6.949776 1.042286 -0.616874
v 7.078385 1.055794 -0.561336
v 6.954651 1.061081 -0.631396
v 6.816415 1.055794 -0.695032
v 6.814872 1.042286 -0.691544
v 7.077465 1.042286 -0.557601
v 7.081146 1.061081 -0.572541
v 6.821043 1.061081 -0.705495
v 7.026567 0.779900 -0.845601
v 7.027786 0.798941 -0.849231
v 7.135447 0.779900 -0.792893
v 7.022911 0.769080 -0.834709
v 6.912063 0.779899 -0.911284
v 6.913606 0.798941 -0.914772
v 7.136367 0.798941 -0.796628
v 7.132686 0.769080 -0.781688
v 6.907435 0.769080 -0.900820
v 7.582498 0.776571 -0.450994
v 7.582618 0.795870 -0.447263
v 7.552102 0.777842 -0.452709
v 7.582136 0.765515 -0.462185
v 7.609620 0.775226 -0.449839
v 7.610079 0.794718 -0.446637
v 7.552090 0.797021 -0.448804
v 7.552138 0.766944 -0.464424
v 7.608243 0.763792 -0.459444
v 7.384066 1.055792 -0.469903
v 7.383792 1.042279 -0.466021
v 7.455892 1.055784 -0.460241
v 7.384887 1.061080 -0.481548
v 7.296947 1.055794 -0.487813
v 7.296503 1.042286 -0.483958
v 7.455745 1.042256 -0.456345
v 7.456332 1.061078 -0.471929
v 7.298276 1.061081 -0.499376
v 7.401039 0.779797 -0.710583
v 7.401313 0.798845 -0.714465
v 7.464998 0.779488 -0.701782
v 7.400218 0.768973 -0.698937
v 7.324437 0.779899 -0.726779
v 7.324881 0.798941 -0.730633
v 7.465145 0.798557 -0.705678
v 7.464558 0.768653 -0.690094
v 7.323107 0.769080 -0.715215
v 7.392552 1.062844 -0.590243
v 7.389267 1.062648 -0.543659
v 7.460445 1.062844 -0.581012
v 7.395838 1.062648 -0.636826
v 7.310692 1.062844 -0.607296
v 7.305371 1.062648 -0.561044
v 7.458682 1.062648 -0.534262
v 7.462207 1.062648 -0.627761
v 7.316012 1.062648 -0.653547
v 7.582089 1.055710 -0.693401
v 7.582080 1.042045 -0.697308
v 7.552846 1.055741 -0.694830
v 7.582114 1.061058 -0.681680
v 7.609395 1.055678 -0.692813
v 7.609384 1.041954 -0.696721
v 7.552858 1.042135 -0.698735
v 7.552810 1.061066 -0.683114
v 7.609427 1.061049 -0.681091
v 7.582349 1.062842 -0.572285
v 7.582248 1.062643 -0.619169
v 7.552474 1.062843 -0.573769
v 7.582450 1.062643 -0.525402
v 7.609731 1.062841 -0.571679
v 7.609601 1.062642 -0.618570
v 7.552618 1.062645 -0.620631
v 7.552330 1.062645 -0.526907
v 7.609861 1.062642 -0.524788
v 5.968364 0.759017 -2.109978
v 5.921647 0.760135 -2.107861
v 5.956358 0.759017 -2.172049
v 6.015081 0.760135 -2.112095
v 5.983301 0.759017 -2.036660
v 5.936966 0.760135 -2.032953
v 5.909501 0.760135 -2.170810
v 6.003215 0.760135 -2.173288
v 6.029636 0.760135 -2.040368
v 6.041764 0.758721 -1.762751
v 5.998775 0.759813 -1.746595
v 6.020932 0.759017 -1.858650
v 6.085710 0.759813 -1.776638
v 6.061804 0.757833 -1.673192
v 6.020075 0.758847 -1.647763
v 5.976554 0.760135 -1.848550
v 6.065310 0.760135 -1.868751
v 6.107365 0.758847 -1.689543
v 6.154336 1.055794 -1.798099
v 6.157913 1.042286 -1.799308
v 6.135575 1.055794 -1.884743
v 6.143605 1.061081 -1.794473
v 6.175680 1.055794 -1.713330
v 6.179137 1.042286 -1.714898
v 6.139273 1.042286 -1.885585
v 6.124481 1.061081 -1.882218
v 6.165311 1.061081 -1.708625
v 5.932391 0.779853 -1.722872
v 5.928980 0.798941 -1.721953
v 5.906288 0.779900 -1.832557
v 5.942623 0.768893 -1.725629
v 5.960726 0.779712 -1.614932
v 5.957936 0.798941 -1.614522
v 5.902590 0.798941 -1.831715
v 5.917383 0.769080 -1.835082
v 5.969098 0.768332 -1.616159
v 6.060531 1.055794 -2.289635
v 6.064438 1.042286 -2.289669
v 6.059484 1.055794 -2.311790
v 6.048809 1.061081 -2.289532
v 6.063294 1.055794 -2.261490
v 6.067201 1.042286 -2.261535
v 6.063391 1.042286 -2.311821
v 6.047761 1.061081 -2.311698
v 6.051573 1.061081 -2.261354
v 5.847679 0.779900 -2.104509
v 5.843786 0.798941 -2.104332
v 5.835310 0.779900 -2.168848
v 5.859358 0.769080 -2.105038
v 5.863602 0.779899 -2.027083
v 5.859741 0.798941 -2.026774
v 5.831406 0.798941 -2.168744
v 5.847024 0.769080 -2.169158
v 5.875186 0.769080 -2.028010
v 6.089049 1.055794 -2.115448
v 6.092942 1.042286 -2.115624
v 6.077405 1.055794 -2.175251
v 6.077370 1.061081 -2.114918
v 6.103001 1.055794 -2.046238
v 6.106862 1.042286 -2.046547
v 6.081310 1.042286 -2.175354
v 6.065691 1.061081 -2.174941
v 6.091417 1.061081 -2.045311
v 5.968364 1.062844 -2.109978
v 6.015081 1.062648 -2.112095
v 5.956358 1.062844 -2.172049
v 5.921647 1.062648 -2.107861
v 5.983301 1.062844 -2.036660
v 6.029636 1.062648 -2.040368
v 6.003215 1.062648 -2.173288
v 5.909501 1.062648 -2.170810
v 5.936966 1.062648 -2.032953
v 5.939403 1.062844 -2.288568
v 5.986291 1.062648 -2.288981
v 5.938352 1.062844 -2.310836
v 5.892514 1.062648 -2.288155
v 5.942179 1.062844 -2.260086
v 5.989062 1.062648 -2.260629
v 5.985241 1.062648 -2.311205
v 5.891462 1.062648 -2.310466
v 5.895296 1.062648 -2.259543
v 5.939403 0.759017 -2.288568
v 5.892514 0.760135 -2.288155
v 5.938352 0.759017 -2.310836
v 5.986291 0.760135 -2.288981
v 5.942179 0.759017 -2.260086
v 5.895296 0.760135 -2.259543
v 5.891462 0.760135 -2.310466
v 5.985241 0.760135 -2.311205
v 5.989062 0.760135 -2.260629
v 5.818274 0.779900 -2.287501
v 5.814367 0.798941 -2.287467
v 5.817220 0.779900 -2.309881
v 5.829997 0.769080 -2.287605
v 5.821064 0.779899 -2.258682
v 5.817157 0.798941 -2.258637
v 5.813312 0.798941 -2.309850
v 5.828942 0.769080 -2.309973
v 5.832784 0.769080 -2.258818
v 6.223311 0.569870 -1.339738
v 6.257963 0.569870 -1.372110
v 6.223472 0.647318 -1.339496
v 6.180034 0.569870 -1.320354
v 6.222829 0.452960 -1.340464
v 6.257223 0.452960 -1.372595
v 6.258210 0.647318 -1.371948
v 6.180087 0.647318 -1.320064
v 6.179874 0.452960 -1.321225
v 6.256029 0.569870 -1.501844
v 6.223657 0.569870 -1.536496
v 6.256271 0.647318 -1.502005
v 6.275413 0.569870 -1.458567
v 6.255303 0.452960 -1.501362
v 6.223172 0.452960 -1.535756
v 6.223818 0.647318 -1.536743
v 6.275702 0.647318 -1.458620
v 6.274542 0.452960 -1.458407
v 6.061205 0.569870 -1.372455
v 6.093577 0.569870 -1.337804
v 6.060963 0.647318 -1.372295
v 6.041821 0.569870 -1.415733
v 6.061931 0.452960 -1.372938
v 6.094062 0.452960 -1.338544
v 6.093415 0.647318 -1.337557
v 6.041531 0.647318 -1.415680
v 6.042692 0.452960 -1.415893
v 6.093923 0.569870 -1.534562
v 6.059271 0.569870 -1.502190
v 6.093762 0.647318 -1.534804
v 6.137200 0.569870 -1.553946
v 6.094405 0.452960 -1.533836
v 6.060011 0.452960 -1.501705
v 6.059024 0.647318 -1.502352
v 6.137147 0.647318 -1.554236
v 6.137360 0.452960 -1.553075
v 6.223310 0.567631 -3.337024
v 6.222825 0.451017 -3.336292
v 6.180033 0.567631 -3.356407
v 6.223472 0.644621 -3.337267
v 6.257961 0.567631 -3.304652
v 6.257215 0.451017 -3.304164
v 6.179873 0.451017 -3.355530
v 6.180087 0.644621 -3.356699
v 6.258210 0.644621 -3.304815
v 6.256027 0.567631 -3.174920
v 6.255296 0.451017 -3.175406
v 6.275411 0.567631 -3.218197
v 6.256271 0.644621 -3.174758
v 6.223656 0.567631 -3.140269
v 6.223167 0.451017 -3.141015
v 6.274534 0.451017 -3.218358
v 6.275703 0.644621 -3.218144
v 6.223819 0.644621 -3.140021
v 6.061207 0.567631 -3.304307
v 6.061938 0.451017 -3.303821
v 6.041824 0.567631 -3.261030
v 6.060963 0.644621 -3.304469
v 6.093578 0.567631 -3.338958
v 6.094067 0.451017 -3.338212
v 6.042701 0.451017 -3.260869
v 6.041532 0.644621 -3.261084
v 6.093416 0.644621 -3.339207
v 6.093924 0.567631 -3.142204
v 6.094409 0.451017 -3.142935
v 6.137201 0.567631 -3.122820
v 6.093762 0.644621 -3.141960
v 6.059273 0.567631 -3.174575
v 6.060019 0.451017 -3.175063
v 6.137362 0.451017 -3.123697
v 6.137147 0.644621 -3.122528
v 6.059024 0.644621 -3.174412
v 7.728187 0.701702 -4.226500
v 7.728187 0.685068 -4.226500
v 7.685876 0.701702 -4.214777
v 7.728187 0.711431 -4.226500
v 7.771331 0.701702 -4.230407
v 7.771331 0.685068 -4.230407
v 7.685876 0.685068 -4.214777
v 7.685876 0.711431 -4.214777
v 7.771331 0.711431 -4.230407
v 7.865306 0.701702 -4.105364
v 7.865306 0.685068 -4.105364
v 7.864473 0.701702 -4.152255
v 7.865306 0.711431 -4.105364
v 7.864473 0.701702 -4.058472
v 7.864473 0.685068 -4.058473
v 7.864473 0.685068 -4.152255
v 7.864473 0.711431 -4.152255
v 7.864473 0.711431 -4.058472
v 7.623034 0.701702 -4.105364
v 7.623034 0.685068 -4.105364
v 7.630016 0.701702 -4.058473
v 7.623034 0.711431 -4.105364
v 7.630016 0.701702 -4.152255
v 7.630016 0.685068 -4.152255
v 7.630016 0.685068 -4.058473
v 7.630016 0.711431 -4.058473
v 7.630016 0.711431 -4.152255
v 7.849323 0.701702 -3.984228
v 7.849323 0.685068 -3.984228
v 7.857810 0.701702 -3.995950
v 7.849323 0.711431 -3.984228
v 7.833853 0.701702 -3.980320
v 7.833853 0.685068 -3.980320
v 7.857810 0.685068 -3.995950
v 7.857810 0.711431 -3.995951
v 7.833853 0.711431 -3.980320
v 7.839049 -1.700332 -4.105364
v 7.837524 -1.962800 -4.105364
v 7.838392 -1.700332 -4.142343
v 7.840578 -1.441800 -4.105364
v 7.838392 -1.700332 -4.068385
v 7.836878 -1.962800 -4.068960
v 7.836878 -1.962800 -4.141767
v 7.839911 -1.441800 -4.142920
v 7.839911 -1.441800 -4.067807
v 7.730916 -1.700332 -4.200893
v 7.731074 -1.962800 -4.199406
v 7.697548 -1.700332 -4.191648
v 7.730757 -1.441800 -4.202384
v 7.764939 -1.700332 -4.203975
v 7.764568 -1.962800 -4.202439
v 7.698226 -1.962800 -4.190305
v 7.696869 -1.441800 -4.192995
v 7.765312 -1.441800 -4.205514
v 7.826445 -1.700332 -4.009834
v 7.825116 -1.962800 -4.011321
v 7.833138 -1.700332 -4.019079
v 7.827777 -1.441800 -4.008343
v 7.814245 -1.700332 -4.006753
v 7.813106 -1.962800 -4.008287
v 7.831706 -1.962800 -4.020422
v 7.834575 -1.441800 -4.017732
v 7.815387 -1.441800 -4.005213
v 7.647990 -1.700332 -4.105364
v 7.649440 -1.962800 -4.105364
v 7.653497 -1.700332 -4.068385
v 7.646537 -1.441800 -4.105364
v 7.653497 -1.700332 -4.142343
v 7.654860 -1.962800 -4.141767
v 7.654860 -1.962800 -4.068960
v 7.652129 -1.441800 -4.067807
v 7.652129 -1.441800 -4.142920
v 7.845575 -0.844566 -4.105194
v 7.845197 -0.872151 -4.104686
v 7.844857 -0.844650 -4.144800
v 7.846549 -0.780266 -4.105364
v 7.844925 -0.844315 -4.065249
v 7.844702 -0.871144 -4.063377
v 7.844432 -0.872487 -4.144638
v 7.845841 -0.780266 -4.145174
v 7.845841 -0.780266 -4.065554
v 7.730239 -0.844650 -4.207241
v 7.730284 -0.872487 -4.206822
v 7.694655 -0.844650 -4.197381
v 7.730136 -0.780266 -4.208207
v 7.766523 -0.844650 -4.210527
v 7.766419 -0.872487 -4.210095
v 7.694846 -0.872487 -4.197004
v 7.694214 -0.780266 -4.198254
v 7.766765 -0.780266 -4.211524
v 7.832156 -0.842820 -4.003059
v 7.831903 -0.865165 -4.002193
v 7.839336 -0.843316 -4.012520
v 7.832979 -0.780266 -4.002521
v 7.819128 -0.842654 -3.999905
v 7.818877 -0.864502 -3.999451
v 7.839178 -0.867152 -4.010420
v 7.840185 -0.780266 -4.012473
v 7.819845 -0.780266 -3.999203
v 7.641672 -0.844566 -4.105194
v 7.641683 -0.872151 -4.104686
v 7.647148 -0.844315 -4.065249
v 7.640862 -0.780266 -4.105364
v 7.647676 -0.844650 -4.144800
v 7.648060 -0.872487 -4.144638
v 7.645945 -0.871145 -4.063377
v 7.646791 -0.780266 -4.065554
v 7.646791 -0.780266 -4.145174
v 7.830144 -0.993330 -3.968565
v 7.830181 -0.994636 -3.998296
v 7.837260 -0.987562 -3.969286
v 7.830132 -0.992894 -3.887904
v 7.817377 -0.995252 -3.968324
v 7.817372 -0.996338 -3.997244
v 7.837423 -0.989530 -4.001454
v 7.837205 -0.986906 -3.887818
v 7.817379 -0.994890 -3.887933
v 7.642806 -0.931030 -3.970329
v 7.642024 -0.931085 -4.008154
v 7.648615 -0.955441 -3.970423
v 7.643067 -0.931011 -3.887012
v 7.648071 -0.906655 -3.969699
v 7.646473 -0.905451 -4.006717
v 7.647082 -0.956867 -4.007446
v 7.649126 -0.954966 -3.887357
v 7.648604 -0.907057 -3.886666
v 7.844260 -0.931030 -3.970329
v 7.844353 -0.931085 -4.008154
v 7.843964 -0.906656 -3.969698
v 7.844229 -0.931011 -3.887012
v 7.843235 -0.955441 -3.970423
v 7.843400 -0.956867 -4.007446
v 7.844171 -0.905451 -4.006717
v 7.843895 -0.907057 -3.886666
v 7.843179 -0.954966 -3.887357
v 7.730173 -0.868913 -3.966684
v 7.729774 -0.868267 -3.996373
v 7.694400 -0.874650 -3.967591
v 7.730306 -0.869129 -3.886119
v 7.766440 -0.867001 -3.966381
v 7.766441 -0.866606 -3.995254
v 7.692801 -0.873248 -3.999730
v 7.694932 -0.875117 -3.886206
v 7.766439 -0.867132 -3.886090
v 7.830144 -0.993302 -0.709631
v 7.817377 -0.995223 -0.709875
v 7.830132 -0.992894 -0.790709
v 7.837260 -0.987538 -0.708897
v 7.830182 -0.994525 -0.679384
v 7.817372 -0.996222 -0.680447
v 7.817378 -0.994890 -0.790683
v 7.837205 -0.986906 -0.790788
v 7.837423 -0.989434 -0.676198
v 7.642806 -0.930992 -0.707804
v 7.648069 -0.906514 -0.708408
v 7.643067 -0.931011 -0.791523
v 7.648614 -0.955432 -0.707729
v 7.642022 -0.930934 -0.669481
v 7.646466 -0.904884 -0.670893
v 7.648604 -0.907057 -0.791839
v 7.649125 -0.954966 -0.791208
v 7.647082 -0.956829 -0.670185
v 7.844260 -0.930992 -0.707804
v 7.843235 -0.955432 -0.707729
v 7.844228 -0.931011 -0.791523
v 7.843966 -0.906513 -0.708408
v 7.844355 -0.930934 -0.669481
v 7.843401 -0.956829 -0.670186
v 7.843179 -0.954966 -0.791208
v 7.843895 -0.907057 -0.791839
v 7.844180 -0.904884 -0.670893
v 7.730172 -0.868490 -0.711397
v 7.766441 -0.866558 -0.711700
v 7.730306 -0.869129 -0.792338
v 7.694397 -0.874287 -0.710489
v 7.729771 -0.866574 -0.681255
v 7.766448 -0.864833 -0.682382
v 7.766439 -0.867132 -0.792364
v 7.694932 -0.875117 -0.792259
v 7.692792 -0.871795 -0.677873
v 7.839055 -1.699419 -0.571400
v 7.838398 -1.699419 -0.608381
v 7.840585 -1.440634 -0.571400
v 7.838398 -1.699419 -0.534418
v 7.837528 -1.962179 -0.571400
v 7.836881 -1.962179 -0.607805
v 7.839918 -1.440634 -0.608959
v 7.839918 -1.440634 -0.533841
v 7.836881 -1.962179 -0.534995
v 7.730915 -1.699419 -0.475865
v 7.764940 -1.699419 -0.472783
v 7.730756 -1.440634 -0.474372
v 7.697546 -1.699419 -0.485110
v 7.731073 -1.962179 -0.477354
v 7.764569 -1.962179 -0.474320
v 7.765313 -1.440634 -0.471242
v 7.696865 -1.440634 -0.483762
v 7.698225 -1.962179 -0.486455
v 7.826449 -1.699419 -0.666934
v 7.814249 -1.699419 -0.670016
v 7.827783 -1.440634 -0.668427
v 7.833143 -1.699419 -0.657689
v 7.825119 -1.962179 -0.665445
v 7.813108 -1.962179 -0.668479
v 7.815392 -1.440634 -0.671557
v 7.834581 -1.440634 -0.659037
v 7.831709 -1.962179 -0.656344
v 7.647985 -1.699419 -0.571400
v 7.653492 -1.699419 -0.534418
v 7.646530 -1.440634 -0.571400
v 7.653492 -1.699419 -0.608381
v 7.649436 -1.962179 -0.571400
v 7.654857 -1.962179 -0.534995
v 7.652123 -1.440634 -0.533841
v 7.652123 -1.440634 -0.608959
v 7.654857 -1.962179 -0.607805
v 7.845786 -0.830844 -0.571572
v 7.845133 -0.830652 -0.611606
v 7.846821 -0.762534 -0.571400
v 7.845067 -0.830908 -0.531884
v 7.845332 -0.863365 -0.572091
v 7.844832 -0.862598 -0.613489
v 7.846112 -0.762534 -0.611313
v 7.846112 -0.762534 -0.531486
v 7.844567 -0.863621 -0.532074
v 7.730217 -0.830908 -0.469317
v 7.766575 -0.830908 -0.466024
v 7.730107 -0.762534 -0.468290
v 7.694561 -0.830908 -0.479196
v 7.730269 -0.863621 -0.469808
v 7.766452 -0.863621 -0.466531
v 7.766831 -0.762534 -0.464964
v 7.694093 -0.762534 -0.478269
v 7.694785 -0.863621 -0.479639
v 7.832339 -0.829097 -0.673951
v 7.819286 -0.828912 -0.677113
v 7.833217 -0.762534 -0.674509
v 7.839533 -0.829654 -0.664464
v 7.832020 -0.856378 -0.674864
v 7.818979 -0.855636 -0.677619
v 7.820048 -0.762534 -0.677835
v 7.840442 -0.762534 -0.664531
v 7.839301 -0.858605 -0.666599
v 7.641471 -0.830844 -0.571572
v 7.647487 -0.830908 -0.531884
v 7.640603 -0.762534 -0.571400
v 7.646959 -0.830652 -0.611606
v 7.641554 -0.863365 -0.572091
v 7.647937 -0.863621 -0.532074
v 7.646546 -0.762534 -0.531486
v 7.646546 -0.762534 -0.611313
v 7.645827 -0.862598 -0.613489
v 6.241082 -0.837167 -3.184846
v 6.241539 -0.860601 -3.184543
v 6.258007 -0.837513 -3.221697
v 6.241599 -0.774127 -3.184503
v 6.213680 -0.837513 -3.154953
v 6.213992 -0.861987 -3.152816
v 6.260097 -0.861987 -3.222239
v 6.258111 -0.774127 -3.221370
v 6.214022 -0.774127 -3.154984
v 6.213413 -0.838797 -3.321853
v 6.213799 -0.867122 -3.321630
v 6.176689 -0.838881 -3.338168
v 6.213727 -0.774127 -3.322595
v 6.243269 -0.838544 -3.294660
v 6.245382 -0.866110 -3.294921
v 6.176613 -0.867460 -3.337753
v 6.176861 -0.774127 -3.339107
v 6.243246 -0.774127 -3.295019
v 6.104069 -0.838797 -3.157210
v 6.104424 -0.867122 -3.156940
v 6.140713 -0.838544 -3.140238
v 6.103507 -0.774127 -3.156632
v 6.074787 -0.838881 -3.184732
v 6.075140 -0.867460 -3.184963
v 6.141292 -0.866110 -3.138189
v 6.140373 -0.774127 -3.140120
v 6.073988 -0.774127 -3.184209
v 6.076419 -0.838881 -3.294204
v 6.076765 -0.867460 -3.293974
v 6.060063 -0.838881 -3.257685
v 6.075636 -0.774127 -3.294724
v 6.103735 -0.838881 -3.323444
v 6.103966 -0.867460 -3.323091
v 6.060477 -0.867460 -3.257609
v 6.059124 -0.774127 -3.257858
v 6.103212 -0.774127 -3.324243
v 6.235629 -1.700195 -3.188468
v 6.234430 -1.962712 -3.189264
v 6.250953 -1.700195 -3.222682
v 6.236831 -1.441624 -3.187669
v 6.210036 -1.700195 -3.161073
v 6.209236 -1.962712 -3.162295
v 6.249516 -1.962712 -3.222946
v 6.252395 -1.441624 -3.222418
v 6.210839 -1.441624 -3.159846
v 6.209763 -1.700195 -3.316625
v 6.208967 -1.962712 -3.315426
v 6.175549 -1.700195 -3.331950
v 6.210562 -1.441624 -3.317828
v 6.237158 -1.700195 -3.291033
v 6.235935 -1.962712 -3.290232
v 6.175285 -1.962712 -3.330512
v 6.175813 -1.441624 -3.333391
v 6.238384 -1.441624 -3.291836
v 6.107471 -1.700195 -3.162602
v 6.108267 -1.962712 -3.163801
v 6.141685 -1.700195 -3.147277
v 6.106672 -1.441624 -3.161399
v 6.080076 -1.700195 -3.188194
v 6.081299 -1.962712 -3.188995
v 6.141949 -1.962712 -3.148715
v 6.141421 -1.441624 -3.145836
v 6.078850 -1.441624 -3.187392
v 6.081605 -1.700195 -3.290760
v 6.082804 -1.962712 -3.289963
v 6.066281 -1.700195 -3.256545
v 6.080403 -1.441624 -3.291558
v 6.107198 -1.700195 -3.318155
v 6.107998 -1.962712 -3.316932
v 6.067719 -1.962712 -3.256282
v 6.064839 -1.441624 -3.256810
v 6.106395 -1.441624 -3.319381
v 6.305573 -0.928923 -3.259886
v 6.302886 -0.928923 -3.261267
v 6.302443 -0.904185 -3.254480
v 6.308974 -0.928923 -3.258138
v 6.301522 -0.953661 -3.254478
v 6.298834 -0.953661 -3.255859
v 6.299755 -0.904185 -3.255861
v 6.305844 -0.904185 -3.252733
v 6.304923 -0.953661 -3.252730
v 6.252505 -0.867078 -3.178253
v 6.249817 -0.867079 -3.179632
v 6.230763 -0.871202 -3.145634
v 6.255906 -0.867078 -3.176509
v 6.274140 -0.871201 -3.210943
v 6.271452 -0.871202 -3.212322
v 6.228076 -0.871202 -3.147012
v 6.234164 -0.871201 -3.143891
v 6.277540 -0.871201 -3.209197
v 6.250908 -0.990767 -3.179308
v 6.248220 -0.990767 -3.180689
v 6.272367 -0.986644 -3.211503
v 6.254309 -0.990767 -3.177560
v 6.229557 -0.986644 -3.147043
v 6.226869 -0.986644 -3.148423
v 6.269679 -0.986644 -3.212884
v 6.275768 -0.986644 -3.209755
v 6.232957 -0.986644 -3.145295
v 6.197840 -0.928923 -3.097675
v 6.195152 -0.928923 -3.099054
v 6.201253 -0.953661 -3.103505
v 6.201241 -0.928923 -3.095931
v 6.201609 -0.904185 -3.102659
v 6.198921 -0.904185 -3.104037
v 6.198565 -0.953661 -3.104885
v 6.204654 -0.953660 -3.101760
v 6.205009 -0.904185 -3.100916
v 6.235644 -1.696772 -1.488306
v 6.210047 -1.696772 -1.515707
v 6.236851 -1.437376 -1.489108
v 6.250972 -1.696772 -1.454085
v 6.234440 -1.960063 -1.487506
v 6.209242 -1.960063 -1.514478
v 6.210852 -1.437376 -1.516937
v 6.252419 -1.437376 -1.454350
v 6.249527 -1.960063 -1.453820
v 6.209773 -1.696772 -1.360123
v 6.237174 -1.696772 -1.385720
v 6.210575 -1.437376 -1.358916
v 6.175552 -1.696772 -1.344795
v 6.208973 -1.960063 -1.361327
v 6.235945 -1.960063 -1.386525
v 6.238405 -1.437376 -1.384915
v 6.175817 -1.437376 -1.343348
v 6.175287 -1.960063 -1.346239
v 6.107460 -1.696772 -1.514177
v 6.080060 -1.696772 -1.488580
v 6.106659 -1.437376 -1.515384
v 6.141682 -1.696772 -1.529505
v 6.108261 -1.960063 -1.512973
v 6.081288 -1.960063 -1.487775
v 6.078829 -1.437376 -1.489385
v 6.141417 -1.437376 -1.530951
v 6.141947 -1.960063 -1.528060
v 6.081590 -1.696772 -1.385993
v 6.107187 -1.696772 -1.358593
v 6.080383 -1.437376 -1.385192
v 6.066262 -1.696772 -1.420215
v 6.082794 -1.960063 -1.386793
v 6.107992 -1.960063 -1.359822
v 6.106381 -1.437376 -1.357362
v 6.064816 -1.437376 -1.419950
v 6.067707 -1.960063 -1.420480
v 6.241138 -0.832568 -1.491955
v 6.213717 -0.832928 -1.521867
v 6.241670 -0.768177 -1.492308
v 6.258073 -0.832928 -1.455079
v 6.241574 -0.857679 -1.492244
v 6.214015 -0.859119 -1.523982
v 6.214070 -0.768177 -1.521852
v 6.258197 -0.768177 -1.455410
v 6.260139 -0.859119 -1.454533
v 6.213449 -0.834192 -1.354855
v 6.243325 -0.833959 -1.382067
v 6.213776 -0.768177 -1.354097
v 6.176701 -0.834270 -1.338529
v 6.213823 -0.864174 -1.355098
v 6.245417 -0.863242 -1.381819
v 6.243320 -0.768177 -1.381697
v 6.176877 -0.768177 -1.337570
v 6.176620 -0.864484 -1.338967
v 6.104032 -0.834192 -1.519609
v 6.074730 -0.834270 -1.492069
v 6.103458 -0.768177 -1.520203
v 6.140700 -0.833959 -1.536592
v 6.104400 -0.864174 -1.519859
v 6.075103 -0.864485 -1.491825
v 6.073915 -0.768177 -1.492603
v 6.140357 -0.768177 -1.536730
v 6.141283 -0.863242 -1.538615
v 6.076363 -0.834270 -1.382522
v 6.103698 -0.834270 -1.353263
v 6.075563 -0.768177 -1.381991
v 6.059996 -0.834270 -1.419066
v 6.076729 -0.864484 -1.382765
v 6.103942 -0.864485 -1.353636
v 6.103164 -0.768177 -1.352447
v 6.059037 -0.768177 -1.418890
v 6.060434 -0.864484 -1.419146
v 6.312805 -0.928923 -1.420594
v 6.308753 -0.953660 -1.426002
v 6.317981 -0.928923 -1.423254
v 6.309674 -0.904185 -1.425999
v 6.307628 -0.928923 -1.417933
v 6.303576 -0.953661 -1.423342
v 6.313930 -0.953660 -1.428663
v 6.314851 -0.904185 -1.428659
v 6.304497 -0.904185 -1.423339
v 6.259736 -0.867078 -1.502220
v 6.281371 -0.871201 -1.469533
v 6.264913 -0.867078 -1.504875
v 6.237995 -0.871201 -1.534837
v 6.254559 -0.867078 -1.499564
v 6.276194 -0.871201 -1.466875
v 6.286548 -0.871201 -1.472190
v 6.243171 -0.871201 -1.537491
v 6.232818 -0.871201 -1.532182
v 6.258140 -0.990767 -1.501172
v 6.236787 -0.986644 -1.533436
v 6.263317 -0.990767 -1.503832
v 6.279598 -0.986644 -1.468977
v 6.252963 -0.990767 -1.498512
v 6.231610 -0.986644 -1.530777
v 6.241964 -0.986644 -1.536096
v 6.284775 -0.986644 -1.471637
v 6.274421 -0.986644 -1.466317
v 6.205071 -0.928923 -1.582798
v 6.208840 -0.904185 -1.577811
v 6.210248 -0.928923 -1.585453
v 6.208484 -0.953660 -1.576970
v 6.199894 -0.928923 -1.580142
v 6.203663 -0.904185 -1.575157
v 6.214017 -0.904185 -1.580466
v 6.213661 -0.953660 -1.579627
v 6.203307 -0.953661 -1.574313
v 6.232534 -2.428422 -1.486241
v 6.232835 -2.337169 -1.486441
v 6.247243 -2.428422 -1.453401
v 6.232434 -2.478444 -1.486174
v 6.207970 -2.428422 -1.512535
v 6.208171 -2.337169 -1.512842
v 6.247604 -2.337169 -1.453467
v 6.247123 -2.478444 -1.453379
v 6.207903 -2.478444 -1.512433
v 6.206098 -2.541213 -1.365656
v 6.201468 -2.552030 -1.372628
v 6.231491 -2.541066 -1.389415
v 6.207642 -2.525704 -1.363333
v 6.174351 -2.541066 -1.351467
v 6.172863 -2.551442 -1.359935
v 6.224262 -2.551442 -1.394070
v 6.233900 -2.525704 -1.387864
v 6.174846 -2.525704 -1.348644
v 6.087123 -2.541213 -1.389669
v 6.094095 -2.552030 -1.394299
v 6.110882 -2.541066 -1.364276
v 6.084800 -2.525704 -1.388125
v 6.072934 -2.541066 -1.421416
v 6.081402 -2.551442 -1.422903
v 6.115537 -2.551442 -1.371505
v 6.109331 -2.525704 -1.361867
v 6.070111 -2.525704 -1.420921
v 6.111136 -2.541213 -1.508643
v 6.115766 -2.552030 -1.501672
v 6.085743 -2.541066 -1.484885
v 6.109592 -2.525704 -1.510967
v 6.142883 -2.541066 -1.522833
v 6.144371 -2.551442 -1.514365
v 6.092972 -2.551442 -1.480230
v 6.083334 -2.525704 -1.486436
v 6.142388 -2.525704 -1.525656
v 6.232534 -2.432598 -3.190523
v 6.207970 -2.432598 -3.164229
v 6.232434 -2.483695 -3.190589
v 6.247242 -2.432598 -3.223362
v 6.232833 -2.340219 -3.190324
v 6.208170 -2.340219 -3.163924
v 6.207903 -2.483695 -3.164330
v 6.247123 -2.483695 -3.223384
v 6.247602 -2.340219 -3.223297
v 6.206098 -2.545308 -3.311107
v 6.174351 -2.545187 -3.325297
v 6.207642 -2.530956 -3.313431
v 6.231491 -2.545187 -3.287348
v 6.201468 -2.554757 -3.304135
v 6.172863 -2.554272 -3.316829
v 6.174846 -2.530956 -3.328120
v 6.233900 -2.530956 -3.288900
v 6.224262 -2.554272 -3.282693
v 6.087124 -2.545308 -3.287095
v 6.072934 -2.545187 -3.255347
v 6.084800 -2.530956 -3.288638
v 6.110882 -2.545187 -3.312487
v 6.094095 -2.554757 -3.282465
v 6.081402 -2.554272 -3.253860
v 6.070111 -2.530956 -3.255843
v 6.109331 -2.530956 -3.314897
v 6.115538 -2.554272 -3.305259
v 6.111136 -2.545308 -3.168120
v 6.142883 -2.545187 -3.153930
v 6.109592 -2.530956 -3.165796
v 6.085743 -2.545187 -3.191879
v 6.115766 -2.554757 -3.175092
v 6.144371 -2.554272 -3.162398
v 6.142388 -2.530956 -3.151108
v 6.083334 -2.530956 -3.190327
v 6.092972 -2.554272 -3.196534
v 7.835114 -2.432602 -4.105364
v 7.834483 -2.432602 -4.069870
v 7.834987 -2.483695 -4.105364
v 7.834483 -2.432602 -4.140857
v 7.835494 -2.340237 -4.105364
v 7.834861 -2.340237 -4.069727
v 7.834357 -2.483695 -4.069918
v 7.834357 -2.483695 -4.140809
v 7.834861 -2.340237 -4.141001
v 7.822875 -2.545369 -4.194059
v 7.811211 -2.545429 -4.196931
v 7.822905 -2.530956 -4.196931
v 7.829199 -2.545187 -4.185444
v 7.822783 -2.555000 -4.185444
v 7.811211 -2.555243 -4.188070
v 7.811211 -2.530956 -4.199885
v 7.829321 -2.530956 -4.188070
v 7.828832 -2.554272 -4.177567
v 7.654344 -2.545308 -4.105364
v 7.659475 -2.545187 -4.071067
v 7.651852 -2.530956 -4.105364
v 7.659475 -2.545187 -4.139660
v 7.661821 -2.554757 -4.105364
v 7.666513 -2.554272 -4.074513
v 7.657130 -2.530956 -4.069918
v 7.657130 -2.530956 -4.140809
v 7.666513 -2.554272 -4.136214
v 7.731594 -2.545369 -4.016668
v 7.763950 -2.545429 -4.013796
v 7.731338 -2.530956 -4.013796
v 7.700381 -2.545187 -4.025283
v 7.732364 -2.555000 -4.025283
v 7.763950 -2.555243 -4.022657
v 7.763950 -2.530956 -4.010842
v 7.699354 -2.530956 -4.022657
v 7.703460 -2.554272 -4.033160
v 7.835114 -2.432282 -0.571400
v 7.835495 -2.339933 -0.571400
v 7.834483 -2.432282 -0.535906
v 7.834987 -2.483320 -0.571400
v 7.834483 -2.432282 -0.606893
v 7.834862 -2.339933 -0.607037
v 7.834862 -2.339933 -0.535762
v 7.834357 -2.483320 -0.535954
v 7.834357 -2.483320 -0.606845
v 7.822875 -2.545077 -0.482704
v 7.822783 -2.554809 -0.491319
v 7.829199 -2.544893 -0.491319
v 7.822905 -2.530581 -0.479832
v 7.811211 -2.545139 -0.479832
v 7.811211 -2.555055 -0.488693
v 7.828831 -2.554070 -0.499196
v 7.829321 -2.530581 -0.488693
v 7.811211 -2.530581 -0.476878
v 7.654344 -2.545016 -0.571400
v 7.661821 -2.554563 -0.571400
v 7.659475 -2.544893 -0.537103
v 7.651852 -2.530581 -0.571400
v 7.659475 -2.544893 -0.605696
v 7.666512 -2.554070 -0.602250
v 7.666512 -2.554070 -0.540549
v 7.657129 -2.530581 -0.535954
v 7.657129 -2.530581 -0.606845
v 7.731594 -2.545077 -0.660095
v 7.732364 -2.554809 -0.651480
v 7.700380 -2.544893 -0.651480
v 7.731338 -2.530581 -0.662967
v 7.763950 -2.545139 -0.662967
v 7.763950 -2.555055 -0.654106
v 7.703459 -2.554070 -0.643604
v 7.699354 -2.530581 -0.654106
v 7.763950 -2.530581 -0.665921
v 7.822875 -2.545077 -0.660095
v 7.822783 -2.554809 -0.651480
v 7.811211 -2.545139 -0.662967
v 7.822905 -2.530581 -0.662967
v 7.829199 -2.544893 -0.651480
v 7.828831 -2.554070 -0.643604
v 7.811211 -2.555055 -0.654106
v 7.811211 -2.530581 -0.665921
v 7.829321 -2.530581 -0.654106
v 7.731594 -2.545077 -0.482704
v 7.732364 -2.554809 -0.491319
v 7.763950 -2.545139 -0.479832
v 7.731338 -2.530581 -0.479832
v 7.700380 -2.544893 -0.491319
v 7.703459 -2.554070 -0.499196
v 7.763950 -2.555055 -0.488693
v 7.763950 -2.530581 -0.476878
v 7.699354 -2.530581 -0.488693
v 7.822875 -2.545369 -4.016668
v 7.829199 -2.545187 -4.025283
v 7.822906 -2.530956 -4.013796
v 7.811211 -2.545429 -4.013796
v 7.822783 -2.555000 -4.025283
v 7.828832 -2.554272 -4.033160
v 7.829321 -2.530956 -4.022657
v 7.811211 -2.530956 -4.010842
v 7.811211 -2.555243 -4.022657
v 7.731594 -2.545369 -4.194059
v 7.700381 -2.545187 -4.185444
v 7.731338 -2.530956 -4.196931
v 7.763950 -2.545429 -4.196931
v 7.732364 -2.555000 -4.185444
v 7.703460 -2.554272 -4.177567
v 7.699354 -2.530956 -4.188070
v 7.763950 -2.530956 -4.199885
v 7.763950 -2.555243 -4.188070
v 7.730084 -0.829097 -0.673951
v 7.694032 -0.829654 -0.664463
v 7.730107 -0.762534 -0.674509
v 7.766582 -0.828912 -0.677113
v 7.729741 -0.856378 -0.674864
v 7.692667 -0.858605 -0.666599
v 7.694093 -0.762534 -0.664531
v 7.766831 -0.762534 -0.677835
v 7.766482 -0.855636 -0.677619
v 7.832300 -0.830908 -0.469317
v 7.839453 -0.830908 -0.479196
v 7.833217 -0.762534 -0.468290
v 7.819263 -0.830908 -0.466024
v 7.831861 -0.863621 -0.469808
v 7.838980 -0.863621 -0.479639
v 7.840442 -0.762534 -0.478269
v 7.820049 -0.762534 -0.464964
v 7.818887 -0.863621 -0.466530
v 7.730915 -1.699419 -0.666934
v 7.697546 -1.699419 -0.657689
v 7.730756 -1.440634 -0.668427
v 7.764940 -1.699419 -0.670016
v 7.731073 -1.962179 -0.665445
v 7.698224 -1.962179 -0.656344
v 7.696865 -1.440634 -0.659037
v 7.765313 -1.440634 -0.671557
v 7.764569 -1.962179 -0.668479
v 7.826449 -1.699419 -0.475865
v 7.833143 -1.699419 -0.485110
v 7.827783 -1.440634 -0.474372
v 7.814249 -1.699419 -0.472783
v 7.825119 -1.962179 -0.477354
v 7.831709 -1.962179 -0.486455
v 7.834582 -1.440634 -0.483762
v 7.815392 -1.440634 -0.471242
v 7.813108 -1.962179 -0.474320
v 7.831808 -0.868490 -0.711397
v 7.838881 -0.874287 -0.710489
v 7.831783 -0.869129 -0.792338
v 7.818853 -0.866558 -0.711700
v 7.831881 -0.866574 -0.681255
v 7.839106 -0.871795 -0.677873
v 7.838805 -0.875117 -0.792259
v 7.818847 -0.867132 -0.792364
v 7.818873 -0.864833 -0.682382
v 7.730320 -0.993302 -0.709631
v 7.695048 -0.987538 -0.708897
v 7.730448 -0.992894 -0.790709
v 7.765960 -0.995223 -0.709875
v 7.729938 -0.994525 -0.679384
v 7.693516 -0.989434 -0.676198
v 7.695559 -0.986906 -0.790788
v 7.765960 -0.994890 -0.790683
v 7.765959 -0.996222 -0.680447
v 7.831802 -0.868913 -3.966684
v 7.831859 -0.868267 -3.996373
v 7.818849 -0.867001 -3.966381
v 7.831783 -0.869129 -3.886119
v 7.838876 -0.874650 -3.967590
v 7.839085 -0.873248 -3.999730
v 7.818853 -0.866606 -3.995254
v 7.818847 -0.867132 -3.886090
v 7.838806 -0.875117 -3.886205
v 7.730321 -0.993330 -3.968565
v 7.729938 -0.994636 -3.998297
v 7.765960 -0.995252 -3.968324
v 7.730448 -0.992894 -3.887904
v 7.695048 -0.987562 -3.969286
v 7.693517 -0.989530 -4.001454
v 7.765959 -0.996338 -3.997244
v 7.765961 -0.994890 -3.887933
v 7.695559 -0.986906 -3.887818
v 7.730107 -0.842820 -4.003059
v 7.729754 -0.865165 -4.002193
v 7.766531 -0.842654 -3.999905
v 7.730136 -0.780266 -4.002521
v 7.694125 -0.843316 -4.012520
v 7.692724 -0.867152 -4.010420
v 7.766449 -0.864502 -3.999451
v 7.766765 -0.780266 -3.999203
v 7.694214 -0.780266 -4.012473
v 7.832116 -0.844650 -4.207240
v 7.831743 -0.872487 -4.206822
v 7.819105 -0.844650 -4.210527
v 7.832979 -0.780266 -4.208207
v 7.839254 -0.844650 -4.197381
v 7.838852 -0.872487 -4.197004
v 7.818786 -0.872487 -4.210095
v 7.819845 -0.780266 -4.211524
v 7.840185 -0.780266 -4.198254
v 7.730915 -1.700332 -4.009834
v 7.731074 -1.962800 -4.011321
v 7.764939 -1.700332 -4.006753
v 7.730757 -1.441800 -4.008343
v 7.697548 -1.700332 -4.019079
v 7.698226 -1.962800 -4.020422
v 7.764568 -1.962800 -4.008287
v 7.765311 -1.441800 -4.005213
v 7.696868 -1.441800 -4.017732
v 7.826445 -1.700332 -4.200893
v 7.825117 -1.962800 -4.199406
v 7.814245 -1.700332 -4.203975
v 7.827777 -1.441800 -4.202384
v 7.833138 -1.700332 -4.191648
v 7.831706 -1.962800 -4.190305
v 7.813107 -1.962800 -4.202439
v 7.815387 -1.441800 -4.205514
v 7.834576 -1.441800 -4.192995
v 7.728187 0.701702 -3.984228
v 7.728187 0.685068 -3.984228
v 7.771331 0.701702 -3.980320
v 7.728187 0.711431 -3.984228
v 7.685876 0.701701 -3.995951
v 7.685876 0.685068 -3.995951
v 7.771331 0.685068 -3.980320
v 7.771331 0.711431 -3.980320
v 7.685876 0.711430 -3.995951
v 7.849323 0.701702 -4.226500
v 7.849323 0.685068 -4.226500
v 7.833853 0.701702 -4.230407
v 7.849323 0.711431 -4.226500
v 7.857810 0.701701 -4.214777
v 7.857810 0.685068 -4.214777
v 7.833853 0.685068 -4.230407
v 7.833853 0.711431 -4.230407
v 7.857810 0.711430 -4.214777
v 7.849322 0.744133 -0.450264
v 7.857810 0.744133 -0.461986
v 7.849322 0.751566 -0.450264
v 7.833852 0.744133 -0.446356
v 7.849322 0.728238 -0.450264
v 7.857810 0.728238 -0.461986
v 7.857810 0.751566 -0.461987
v 7.833852 0.751566 -0.446356
v 7.833852 0.728238 -0.446356
v 7.727947 0.744119 -0.692713
v 7.684918 0.744078 -0.681521
v 7.727230 0.751512 -0.693244
v 7.771330 0.744133 -0.696443
v 7.728187 0.728238 -0.692536
v 7.685875 0.728238 -0.680813
v 7.682047 0.751349 -0.683644
v 7.771330 0.751566 -0.696443
v 7.771330 0.728238 -0.696443
v 7.730448 -0.992894 -1.541699
v 7.695559 -0.986906 -1.541738
v 7.730448 -0.992894 -1.927512
v 7.765961 -0.994890 -1.541686
v 7.730448 -0.992894 -1.206738
v 7.695559 -0.986906 -1.206794
v 7.695559 -0.986906 -1.927531
v 7.765961 -0.994890 -1.927506
v 7.765961 -0.994890 -1.206720
v 7.831783 -0.869129 -1.542497
v 7.838805 -0.875117 -1.542458
v 7.831783 -0.869129 -1.927908
v 7.818847 -0.867132 -1.542510
v 7.831783 -0.869128 -1.207887
v 7.838805 -0.875117 -1.207832
v 7.838805 -0.875117 -1.927889
v 7.818847 -0.867132 -1.927915
v 7.818847 -0.867132 -1.207906
v 7.830964 -0.930770 -0.470812
v 7.838012 -0.930770 -0.480547
v 7.831310 -0.904758 -0.470425
v 7.818118 -0.930770 -0.467568
v 7.830630 -0.956297 -0.471186
v 7.837651 -0.956297 -0.480884
v 7.838385 -0.904758 -0.480197
v 7.818414 -0.904758 -0.467168
v 7.817831 -0.956297 -0.467954
v 7.727156 1.055628 -0.692549
v 7.681751 1.055636 -0.692591
v 7.727157 1.061036 -0.680827
v 7.771330 1.055625 -0.692536
v 7.727155 1.041811 -0.696457
v 7.681749 1.041833 -0.696499
v 7.681758 1.061038 -0.680868
v 7.771330 1.061035 -0.680813
v 7.771330 1.041803 -0.696443
v 7.849242 1.062745 -0.571400
v 7.849161 1.062550 -0.616771
v 7.833852 1.062840 -0.571400
v 7.849161 1.062550 -0.526028
v 7.857487 1.062461 -0.571400
v 7.857162 1.062283 -0.612213
v 7.833852 1.062639 -0.618291
v 7.833852 1.062639 -0.524508
v 7.857162 1.062283 -0.530587
v 7.840807 -0.191662 -0.459795
v 7.848628 -0.191662 -0.470595
v 7.844006 0.061240 -0.456215
v 7.826554 -0.191662 -0.456195
v 7.837594 -0.436110 -0.463391
v 7.845162 -0.436110 -0.473844
v 7.852076 0.061240 -0.467362
v 7.829295 0.061240 -0.452500
v 7.823800 -0.436110 -0.459907
v 7.729202 -0.191662 -0.683005
v 7.690220 -0.191662 -0.672204
v 7.728821 0.061240 -0.686584
v 7.768951 -0.191662 -0.686605
v 7.729586 -0.436110 -0.679408
v 7.691860 -0.436110 -0.668956
v 7.688589 0.061240 -0.675437
v 7.769845 0.061240 -0.690300
v 7.768054 -0.436110 -0.682892
v 7.849282 1.055616 -0.454063
v 7.857648 1.055587 -0.465460
v 7.849161 1.060996 -0.465460
v 7.833852 1.055625 -0.450264
v 7.849322 1.041803 -0.450264
v 7.857810 1.041803 -0.461986
v 7.857162 1.060879 -0.475880
v 7.833852 1.061035 -0.461987
v 7.833852 1.041803 -0.446356
v 7.829962 -1.024833 -0.471934
v 7.836931 -1.024833 -0.481560
v 7.830173 -0.993562 -0.471697
v 7.817259 -1.024833 -0.468725
v 7.829582 -1.094689 -0.472359
v 7.836522 -1.094689 -0.481943
v 7.837160 -0.993562 -0.481345
v 7.817441 -0.993562 -0.468480
v 7.816934 -1.094689 -0.469164
v 7.730367 -1.026654 -0.671279
v 7.695240 -1.026130 -0.662054
v 7.729957 -1.000848 -0.672757
v 7.765914 -1.026829 -0.674354
v 7.730541 -1.094689 -0.670441
v 7.695948 -1.094689 -0.660856
v 7.693592 -0.998752 -0.664709
v 7.765951 -1.001547 -0.675439
v 7.765816 -1.094689 -0.673636
v 7.731324 -2.432282 -0.479708
v 7.731338 -2.483320 -0.479832
v 7.763981 -2.432282 -0.476750
v 7.731285 -2.339933 -0.479336
v 7.699298 -2.432282 -0.488582
v 7.699354 -2.483320 -0.488693
v 7.763950 -2.483320 -0.476878
v 7.764074 -2.339933 -0.476367
v 7.699128 -2.339933 -0.488246
v 7.823016 -2.432282 -0.663091
v 7.822905 -2.483320 -0.662967
v 7.811306 -2.432282 -0.666049
v 7.823348 -2.339933 -0.663463
v 7.829440 -2.432282 -0.654218
v 7.829321 -2.483320 -0.654106
v 7.811211 -2.483320 -0.665921
v 7.811590 -2.339933 -0.666433
v 7.829799 -2.339933 -0.654554
v 7.822844 -2.565850 -0.571400
v 7.829076 -2.564057 -0.571400
v 7.822783 -2.564620 -0.537103
v 7.811211 -2.566448 -0.571400
v 7.822783 -2.564620 -0.605696
v 7.828831 -2.562932 -0.602250
v 7.828831 -2.562932 -0.540549
v 7.811211 -2.565182 -0.535954
v 7.811211 -2.565182 -0.606845
v 7.849323 0.733720 -4.226500
v 7.849323 0.725582 -4.226500
v 7.833853 0.733720 -4.230407
v 7.849323 0.742384 -4.226500
v 7.857810 0.733720 -4.214777
v 7.857810 0.725582 -4.214777
v 7.833853 0.725582 -4.230407
v 7.833853 0.742384 -4.230407
v 7.857810 0.742384 -4.214777
v 7.727948 0.733725 -3.984051
v 7.728187 0.725582 -3.984228
v 7.771331 0.733720 -3.980320
v 7.727230 0.742408 -3.983520
v 7.684918 0.733743 -3.995243
v 7.685876 0.725582 -3.995951
v 7.771331 0.725582 -3.980320
v 7.771331 0.742384 -3.980320
v 7.682047 0.742478 -3.993119
v 7.730448 -0.992894 -3.136545
v 7.730448 -0.992894 -3.471876
v 7.765961 -0.994890 -3.136559
v 7.730448 -0.992894 -2.750361
v 7.695559 -0.986906 -3.136500
v 7.695559 -0.986906 -3.471812
v 7.765961 -0.994890 -3.471897
v 7.765961 -0.994890 -2.750369
v 7.695559 -0.986906 -2.750338
v 7.831783 -0.869129 -3.135621
v 7.831783 -0.869129 -3.470570
v 7.818847 -0.867132 -3.135606
v 7.831783 -0.869129 -2.749871
v 7.838805 -0.875117 -3.135666
v 7.838805 -0.875117 -3.470633
v 7.818847 -0.867132 -3.470548
v 7.818847 -0.867132 -2.749863
v 7.838805 -0.875117 -2.749895
v 7.830958 -0.931242 -4.205944
v 7.830629 -0.956414 -4.205576
v 7.818113 -0.931242 -4.209188
v 7.831286 -0.906531 -4.206312
v 7.838006 -0.931242 -4.196210
v 7.837651 -0.956414 -4.195878
v 7.817831 -0.956414 -4.208809
v 7.818394 -0.906531 -4.209568
v 7.838359 -0.906531 -4.196543
v 7.727156 1.049449 -3.984214
v 7.727155 1.033929 -3.980306
v 7.771331 1.049444 -3.984228
v 7.727158 1.057027 -3.995936
v 7.681752 1.049464 -3.984172
v 7.681749 1.033960 -3.980265
v 7.771331 1.033919 -3.980320
v 7.771331 1.057025 -3.995950
v 7.681758 1.057034 -3.995895
v 7.849242 1.062154 -4.105364
v 7.857487 1.061302 -4.105364
v 7.849161 1.061569 -4.150735
v 7.833853 1.062438 -4.105364
v 7.849161 1.061569 -4.059992
v 7.857163 1.060768 -4.064551
v 7.857163 1.060768 -4.146176
v 7.833853 1.061837 -4.152255
v 7.833853 1.061837 -4.058472
v 7.840623 -0.206213 -4.216763
v 7.837357 -0.453842 -4.213106
v 7.826396 -0.206213 -4.220356
v 7.843887 0.049142 -4.220415
v 7.848429 -0.206213 -4.205982
v 7.844906 -0.453842 -4.202680
v 7.823597 -0.453842 -4.216581
v 7.829194 0.049142 -4.224126
v 7.851948 0.049142 -4.209281
v 7.729224 -0.206213 -3.993965
v 7.729614 -0.453842 -3.997621
v 7.768900 -0.206213 -3.990371
v 7.728835 0.049142 -3.990312
v 7.690314 -0.206213 -4.004745
v 7.691981 -0.453842 -4.008048
v 7.767988 -0.453842 -3.994146
v 7.769812 0.049142 -3.986601
v 7.688649 0.049141 -4.001446
v 7.849282 1.049415 -4.222701
v 7.849323 1.033919 -4.226500
v 7.833853 1.049444 -4.226500
v 7.849161 1.056908 -4.211304
v 7.857649 1.049327 -4.211304
v 7.857810 1.033919 -4.214777
v 7.833853 1.033919 -4.230407
v 7.833853 1.057025 -4.214777
v 7.857163 1.056558 -4.200883
v 7.829957 -1.025737 -4.204824
v 7.829576 -1.095855 -4.204398
v 7.817255 -1.025737 -4.208033
v 7.830171 -0.994145 -4.205063
v 7.836926 -1.025737 -4.195199
v 7.836515 -1.095855 -4.194814
v 7.816929 -1.095855 -4.207592
v 7.817438 -0.994145 -4.208280
v 7.837157 -0.994145 -4.195415
v 7.730368 -1.027557 -4.005534
v 7.730542 -1.095855 -4.006330
v 7.765913 -1.027733 -4.002460
v 7.729957 -1.001426 -4.004187
v 7.695243 -1.027029 -4.014752
v 7.695951 -1.095855 -4.015913
v 7.765814 -1.095855 -4.003135
v 7.765950 -1.002130 -4.001513
v 7.693594 -0.999314 -4.012208
v 7.731324 -2.432602 -4.197055
v 7.699298 -2.432602 -4.188181
v 7.731285 -2.340237 -4.197426
v 7.763981 -2.432602 -4.200013
v 7.731338 -2.483695 -4.196931
v 7.699354 -2.483695 -4.188070
v 7.699129 -2.340237 -4.188517
v 7.764074 -2.340237 -4.200396
v 7.763950 -2.483695 -4.199885
v 7.823016 -2.432602 -4.013672
v 7.829441 -2.432602 -4.022546
v 7.823347 -2.340237 -4.013301
v 7.811306 -2.432602 -4.010715
v 7.822905 -2.483695 -4.013796
v 7.829321 -2.483695 -4.022657
v 7.829798 -2.340237 -4.022210
v 7.811590 -2.340237 -4.010331
v 7.811211 -2.483695 -4.010842
v 7.822844 -2.565878 -4.105364
v 7.822783 -2.564665 -4.071067
v 7.811211 -2.566467 -4.105364
v 7.822783 -2.564665 -4.139660
v 7.829076 -2.564111 -4.105364
v 7.828832 -2.563003 -4.074513
v 7.811211 -2.565220 -4.069918
v 7.811211 -2.565220 -4.140809
v 7.828832 -2.563003 -4.136214
v 7.849322 0.921547 -0.450264
v 7.857810 0.921548 -0.461986
v 7.849322 0.972897 -0.450264
v 7.833852 0.921547 -0.446356
v 7.849322 0.869254 -0.450264
v 7.857810 0.869255 -0.461986
v 7.857810 0.972897 -0.461987
v 7.833852 0.972897 -0.446356
v 7.833852 0.869254 -0.446356
v 7.727155 0.921598 -0.696457
v 7.681749 0.921749 -0.696499
v 7.727155 0.972929 -0.696457
v 7.771330 0.921547 -0.696443
v 7.727155 0.869323 -0.696457
v 7.681749 0.869530 -0.696499
v 7.681749 0.973025 -0.696499
v 7.771330 0.972897 -0.696443
v 7.771330 0.869254 -0.696443
v 5.818274 1.055794 -2.287501
v 5.829997 1.061081 -2.287605
v 5.817220 1.055794 -2.309881
v 5.814367 1.042286 -2.287467
v 5.821064 1.055794 -2.258682
v 5.832784 1.061081 -2.258818
v 5.828942 1.061081 -2.309973
v 5.813312 1.042286 -2.309850
v 5.817157 1.042286 -2.258637
v 6.092942 0.924763 -2.115624
v 6.092942 0.873658 -2.115624
v 6.081310 0.924763 -2.175354
v 6.092942 0.974946 -2.115624
v 6.106862 0.924763 -2.046547
v 6.106862 0.873658 -2.046547
v 6.081310 0.873658 -2.175354
v 6.081310 0.974946 -2.175354
v 6.106862 0.974946 -2.046547
v 5.847679 1.055794 -2.104509
v 5.859358 1.061081 -2.105038
v 5.835310 1.055794 -2.168848
v 5.843786 1.042286 -2.104332
v 5.863602 1.055794 -2.027083
v 5.875186 1.061081 -2.028010
v 5.847024 1.061081 -2.169158
v 5.831406 1.042286 -2.168744
v 5.859741 1.042286 -2.026774
v 6.064438 0.924763 -2.289669
v 6.064438 0.873658 -2.289669
v 6.063391 0.924763 -2.311821
v 6.064438 0.974946 -2.289669
v 6.067201 0.924763 -2.261535
v 6.067201 0.873658 -2.261535
v 6.063391 0.873658 -2.311821
v 6.063391 0.974946 -2.311821
v 6.067201 0.974946 -2.261535
v 5.932557 1.055794 -1.723162
v 5.943288 1.061081 -1.726788
v 5.906288 1.055794 -1.832557
v 5.928980 1.042286 -1.721953
v 5.961392 1.055794 -1.616091
v 5.971761 1.061081 -1.620796
v 5.917383 1.061081 -1.835082
v 5.902590 1.042286 -1.831715
v 5.957936 1.042286 -1.614522
v 6.157913 0.924763 -1.799308
v 6.157913 0.873658 -1.799308
v 6.139273 0.924763 -1.885585
v 6.157913 0.974946 -1.799308
v 6.179137 0.924763 -1.714898
v 6.179137 0.873658 -1.714898
v 6.139273 0.873658 -1.885585
v 6.139273 0.974946 -1.885585
v 6.179137 0.974946 -1.714898
v 7.582080 0.923155 -0.697308
v 7.582080 0.871456 -0.697308
v 7.552858 0.923758 -0.698735
v 7.582080 0.973921 -0.697308
v 7.609384 0.922552 -0.696721
v 7.609384 0.870631 -0.696721
v 7.552858 0.872282 -0.698735
v 7.552858 0.974305 -0.698735
v 7.609384 0.973537 -0.696721
v 7.401039 1.055791 -0.710583
v 7.400218 1.061080 -0.698937
v 7.464998 1.055784 -0.701782
v 7.401313 1.042279 -0.714465
v 7.324437 1.055794 -0.726779
v 7.323107 1.061081 -0.715216
v 7.464558 1.061078 -0.690094
v 7.465145 1.042256 -0.705678
v 7.324881 1.042286 -0.730633
v 7.383792 0.924713 -0.466021
v 7.383792 0.873590 -0.466021
v 7.455745 0.924562 -0.456345
v 7.383792 0.974914 -0.466021
v 7.296503 0.924763 -0.483958
v 7.296503 0.873658 -0.483958
v 7.455745 0.873383 -0.456345
v 7.455745 0.974818 -0.456345
v 7.296503 0.974946 -0.483958
v 7.582609 1.055710 -0.451170
v 7.582584 1.061058 -0.462891
v 7.552102 1.055741 -0.452709
v 7.582618 1.042045 -0.447263
v 7.610068 1.055678 -0.450545
v 7.610035 1.061049 -0.462268
v 7.552138 1.061066 -0.464424
v 7.552090 1.042135 -0.448804
v 7.610079 1.041954 -0.446637
v 7.026567 1.055794 -0.845601
v 7.022911 1.061081 -0.834709
v 7.135447 1.055794 -0.792893
v 7.027786 1.042286 -0.849231
v 6.912063 1.055794 -0.911284
v 6.907435 1.061081 -0.900820
v 7.132686 1.061081 -0.781688
v 7.136367 1.042286 -0.796628
v 6.913606 1.042286 -0.914772
v 6.949776 0.924763 -0.616874
v 6.949776 0.873658 -0.616874
v 7.077465 0.924763 -0.557601
v 6.949776 0.974946 -0.616874
v 6.814872 0.924763 -0.691544
v 6.814872 0.873658 -0.691544
v 7.077465 0.873658 -0.557601
v 7.077465 0.974946 -0.557601
v 6.814872 0.974946 -0.691544
v 6.406368 0.924763 -1.001927
v 6.406368 0.873658 -1.001927
v 6.538113 0.924763 -0.888365
v 6.406368 0.974946 -1.001927
v 6.287630 0.924763 -1.113709
v 6.287630 0.873658 -1.113709
v 6.538113 0.873658 -0.888365
v 6.538113 0.974946 -0.888365
v 6.287630 0.974946 -1.113709
v 7.849322 0.921547 -0.692536
v 7.833852 0.921548 -0.696443
v 7.849322 0.972897 -0.692536
v 7.857810 0.921547 -0.680813
v 7.849322 0.869254 -0.692536
v 7.833852 0.869255 -0.696443
v 7.833852 0.972897 -0.696443
v 7.857810 0.972897 -0.680813
v 7.857810 0.869254 -0.680813
v 7.865305 0.921547 -0.571400
v 7.864472 0.921548 -0.618291
v 7.865305 0.972897 -0.571400
v 7.864472 0.921547 -0.524508
v 7.865305 0.869254 -0.571400
v 7.864472 0.869255 -0.618291
v 7.864472 0.972897 -0.618291
v 7.864472 0.972897 -0.524508
v 7.864472 0.869254 -0.524508
v 7.727190 0.921598 -0.446370
v 7.771330 0.921548 -0.446356
v 7.727190 0.972929 -0.446370
v 7.681888 0.921749 -0.446412
v 7.727190 0.869323 -0.446370
v 7.771330 0.869255 -0.446356
v 7.771330 0.972897 -0.446356
v 7.681888 0.973025 -0.446412
v 7.681888 0.869529 -0.446412
v 6.061286 0.924763 -1.367586
v 6.114924 0.924763 -1.296286
v 6.061286 0.974946 -1.367586
v 6.021314 0.924763 -1.438114
v 6.061286 0.873658 -1.367586
v 6.114924 0.873658 -1.296286
v 6.114924 0.974946 -1.296286
v 6.021314 0.974946 -1.438114
v 6.021314 0.873658 -1.438114
v 6.268876 0.924763 -1.505312
v 6.232216 0.924763 -1.568876
v 6.268876 0.974946 -1.505312
v 6.317724 0.924763 -1.439714
v 6.268876 0.873658 -1.505312
v 6.232216 0.873658 -1.568876
v 6.232216 0.974946 -1.568876
v 6.317724 0.974946 -1.439714
v 6.317724 0.873658 -1.439714
v 6.566594 1.055794 -1.178486
v 6.558964 1.061081 -1.170079
v 6.678075 1.055794 -1.081199
v 6.569137 1.042286 -1.181289
v 6.465494 1.055794 -1.274861
v 6.457024 1.061081 -1.267187
v 6.671410 1.061081 -1.072016
v 6.680296 1.042286 -1.084260
v 6.468317 1.042286 -1.277419
v 6.268088 0.779604 -1.505018
v 6.230968 0.779578 -1.567789
v 6.268876 0.798941 -1.505312
v 6.315822 0.779578 -1.439626
v 6.265725 0.767897 -1.504137
v 6.227222 0.767793 -1.564529
v 6.232216 0.798941 -1.568876
v 6.317724 0.798941 -1.439714
v 6.310115 0.767793 -1.439360
v 6.061492 0.779604 -1.367942
v 6.114746 0.779578 -1.297910
v 6.061286 0.798941 -1.367586
v 6.022316 0.779578 -1.437917
v 6.062109 0.767897 -1.369013
v 6.114211 0.767793 -1.302784
v 6.114924 0.798941 -1.296286
v 6.021314 0.798941 -1.438114
v 6.025322 0.767793 -1.437326
v 7.727077 0.773314 -0.446682
v 7.771330 0.773239 -0.446356
v 7.727190 0.792895 -0.446370
v 7.681437 0.773542 -0.447660
v 7.726739 0.761937 -0.447618
v 7.771330 0.761939 -0.446356
v 7.771330 0.792799 -0.446356
v 7.681888 0.793183 -0.446412
v 7.680087 0.761931 -0.451404
v 7.865305 0.773239 -0.571400
v 7.864472 0.773239 -0.618291
v 7.865305 0.792799 -0.571400
v 7.864472 0.773239 -0.524508
v 7.865305 0.761939 -0.571400
v 7.864472 0.761939 -0.618291
v 7.864472 0.792799 -0.618291
v 7.864472 0.792799 -0.524508
v 7.864472 0.761939 -0.524508
v 7.849322 0.773239 -0.692536
v 7.833852 0.773239 -0.696443
v 7.849322 0.792799 -0.692536
v 7.857810 0.773239 -0.680813
v 7.849322 0.761939 -0.692536
v 7.833852 0.761939 -0.696443
v 7.833852 0.792799 -0.696443
v 7.857810 0.792799 -0.680813
v 7.857810 0.761939 -0.680813
v 6.408481 0.779853 -1.004846
v 6.414822 0.768893 -1.013602
v 6.540334 0.779899 -0.891425
v 6.406368 0.798941 -1.001927
v 6.288733 0.779712 -1.116731
v 6.292045 0.768332 -1.125799
v 6.546999 0.769080 -0.900608
v 6.538113 0.798941 -0.888365
v 6.287630 0.798941 -1.113709
v 6.950994 0.779899 -0.620504
v 6.954651 0.769080 -0.631396
v 7.078385 0.779899 -0.561336
v 6.949776 0.798941 -0.616874
v 6.816415 0.779900 -0.695032
v 6.821043 0.769080 -0.705495
v 7.081146 0.769080 -0.572541
v 7.077465 0.798941 -0.557601
v 6.814872 0.798941 -0.691544
v 7.384066 0.779797 -0.469903
v 7.384887 0.768973 -0.481548
v 7.455892 0.779488 -0.460241
v 7.383792 0.798845 -0.466021
v 7.296947 0.779900 -0.487813
v 7.298277 0.769080 -0.499376
v 7.456332 0.768653 -0.471929
v 7.455745 0.798557 -0.456345
v 7.296503 0.798941 -0.483958
v 7.581978 0.776571 -0.693576
v 7.581671 0.765515 -0.682381
v 7.552846 0.777842 -0.694830
v 7.582080 0.795870 -0.697308
v 7.608951 0.775226 -0.693514
v 7.607653 0.763792 -0.683894
v 7.552810 0.766944 -0.683114
v 7.552858 0.797021 -0.698735
v 7.609384 0.794718 -0.696721
v 6.154441 0.779853 -1.798068
v 6.144024 0.768893 -1.794349
v 6.135575 0.779899 -1.884743
v 6.157913 0.798941 -1.799308
v 6.176100 0.779712 -1.713205
v 6.166989 0.768332 -1.708127
v 6.124481 0.769080 -1.882218
v 6.139273 0.798941 -1.885585
v 6.179137 0.798941 -1.714898
v 6.060531 0.779899 -2.289635
v 6.048809 0.769080 -2.289532
v 6.059484 0.779899 -2.311790
v 6.064438 0.798941 -2.289669
v 6.063294 0.779900 -2.261490
v 6.051573 0.769080 -2.261354
v 6.047761 0.769080 -2.311698
v 6.063391 0.798941 -2.311821
v 6.067201 0.798941 -2.261535
v 6.089049 0.779899 -2.115448
v 6.077370 0.769080 -2.114918
v 6.077405 0.779899 -2.175251
v 6.092942 0.798941 -2.115624
v 6.103001 0.779900 -2.046238
v 6.091417 0.769080 -2.045311
v 6.065691 0.769080 -2.174941
v 6.081310 0.798941 -2.175354
v 6.106862 0.798941 -2.046547
v 7.727045 0.773314 -0.696144
v 7.681308 0.773542 -0.695246
v 7.727155 0.792895 -0.696457
v 7.771330 0.773239 -0.696443
v 7.726714 0.761937 -0.695204
v 7.679984 0.761931 -0.691487
v 7.681749 0.793183 -0.696499
v 7.771330 0.792799 -0.696443
v 7.771330 0.761939 -0.696443
v 7.849322 0.773239 -0.450264
v 7.857810 0.773239 -0.461986
v 7.849322 0.792799 -0.450264
v 7.833852 0.773239 -0.446356
v 7.849322 0.761939 -0.450264
v 7.857810 0.761939 -0.461986
v 7.857810 0.792799 -0.461987
v 7.833852 0.792799 -0.446356
v 7.833852 0.761939 -0.446356
v 5.814367 0.924763 -2.287467
v 5.814367 0.974946 -2.287467
v 5.813312 0.924763 -2.309850
v 5.814367 0.873658 -2.287467
v 5.817157 0.924763 -2.258637
v 5.817157 0.974946 -2.258637
v 5.813312 0.974946 -2.309850
v 5.813312 0.873658 -2.309850
v 5.817157 0.873658 -2.258637
v 5.843786 0.924763 -2.104332
v 5.843786 0.974946 -2.104332
v 5.831406 0.924763 -2.168744
v 5.843786 0.873658 -2.104332
v 5.859741 0.924763 -2.026774
v 5.859741 0.974946 -2.026774
v 5.831406 0.974946 -2.168744
v 5.831406 0.873658 -2.168744
v 5.859741 0.873658 -2.026774
v 5.928980 0.924763 -1.721953
v 5.928980 0.974946 -1.721953
v 5.902590 0.924763 -1.831715
v 5.928980 0.873658 -1.721953
v 5.957936 0.924763 -1.614522
v 5.957936 0.974946 -1.614522
v 5.902590 0.974946 -1.831715
v 5.902590 0.873658 -1.831715
v 5.957936 0.873658 -1.614522
v 7.401313 0.924713 -0.714465
v 7.401313 0.974914 -0.714465
v 7.465145 0.924562 -0.705678
v 7.401313 0.873590 -0.714465
v 7.324881 0.924763 -0.730633
v 7.324881 0.974946 -0.730633
v 7.465145 0.974818 -0.705678
v 7.465145 0.873383 -0.705678
v 7.324881 0.873658 -0.730633
v 7.582618 0.923155 -0.447263
v 7.582618 0.973921 -0.447263
v 7.552090 0.923758 -0.448804
v 7.582618 0.871456 -0.447263
v 7.610079 0.922552 -0.446637
v 7.610079 0.973537 -0.446637
v 7.552090 0.974305 -0.448804
v 7.552090 0.872282 -0.448804
v 7.610079 0.870631 -0.446637
v 7.027786 0.924763 -0.849231
v 7.027786 0.974946 -0.849231
v 7.136367 0.924763 -0.796628
v 7.027786 0.873658 -0.849231
v 6.913606 0.924763 -0.914772
v 6.913606 0.974946 -0.914772
v 7.136367 0.974946 -0.796628
v 7.136367 0.873658 -0.796628
v 6.913606 0.873658 -0.914772
v 6.569137 0.924763 -1.181289
v 6.569137 0.974946 -1.181289
v 6.680296 0.924763 -1.084260
v 6.569137 0.873658 -1.181289
v 6.468317 0.924763 -1.277419
v 6.468317 0.974946 -1.277419
v 6.680296 0.974946 -1.084260
v 6.680296 0.873658 -1.084260
v 6.468317 0.873658 -1.277419
v 7.849323 0.916381 -4.226500
v 7.849323 0.866598 -4.226500
v 7.833853 0.916382 -4.230407
v 7.849323 0.965554 -4.226500
v 7.857810 0.916381 -4.214777
v 7.857810 0.866598 -4.214777
v 7.833853 0.866598 -4.230407
v 7.833853 0.965554 -4.230407
v 7.857810 0.965554 -4.214777
v 7.727155 0.916433 -3.980306
v 7.727155 0.866668 -3.980306
v 7.771331 0.916382 -3.980320
v 7.727155 0.965589 -3.980306
v 7.681749 0.916590 -3.980265
v 7.681749 0.866877 -3.980265
v 7.771331 0.866598 -3.980320
v 7.771331 0.965554 -3.980320
v 7.681749 0.965693 -3.980265
v 5.818274 1.049753 -2.379522
v 5.821064 1.049753 -2.412178
v 5.814367 1.034581 -2.379556
v 5.817220 1.049753 -2.352714
v 5.829997 1.057162 -2.379418
v 5.832784 1.057162 -2.412042
v 5.817157 1.034581 -2.412223
v 5.813312 1.034581 -2.352745
v 5.828942 1.057162 -2.352622
v 6.092942 0.919714 -2.560844
v 6.106862 0.919714 -2.630217
v 6.092942 0.967770 -2.560844
v 6.081310 0.919714 -2.500229
v 6.092942 0.871062 -2.560844
v 6.106862 0.871062 -2.630217
v 6.106862 0.967770 -2.630217
v 6.081310 0.967769 -2.500229
v 6.081310 0.871062 -2.500229
v 5.847679 1.049753 -2.571960
v 5.863602 1.049753 -2.649681
v 5.843786 1.034581 -2.572136
v 5.835310 1.049753 -2.506735
v 5.859358 1.057162 -2.571430
v 5.875186 1.057162 -2.648754
v 5.859741 1.034581 -2.649990
v 5.831406 1.034581 -2.506839
v 5.847024 1.057162 -2.506425
v 6.064438 0.919714 -2.377354
v 6.067201 0.919714 -2.409325
v 6.064438 0.967770 -2.377354
v 6.063391 0.919714 -2.350775
v 6.064438 0.871062 -2.377354
v 6.067201 0.871062 -2.409325
v 6.067201 0.967770 -2.409325
v 6.063391 0.967770 -2.350775
v 6.063391 0.871062 -2.350775
v 5.932557 1.049753 -2.953602
v 5.961392 1.049753 -3.060673
v 5.928980 1.034581 -2.954810
v 5.906289 1.049753 -2.844206
v 5.943288 1.057162 -2.949975
v 5.971761 1.057162 -3.055968
v 5.957936 1.034581 -3.062241
v 5.902590 1.034581 -2.845048
v 5.917383 1.057162 -2.841681
v 6.157913 0.919714 -2.877455
v 6.179137 0.919714 -2.961865
v 6.157913 0.967770 -2.877455
v 6.139274 0.919714 -2.791178
v 6.157913 0.871062 -2.877455
v 6.179137 0.871062 -2.961865
v 6.179137 0.967770 -2.961865
v 6.139274 0.967769 -2.791178
v 6.139274 0.871062 -2.791178
v 7.582081 0.918048 -3.979455
v 7.609384 0.917423 -3.980042
v 7.582081 0.966662 -3.979455
v 7.552858 0.918673 -3.978028
v 7.582081 0.868830 -3.979455
v 7.609384 0.867993 -3.980042
v 7.609384 0.966247 -3.980042
v 7.552858 0.967077 -3.978028
v 7.552858 0.869668 -3.978028
v 7.401039 1.049748 -3.966181
v 7.324438 1.049753 -3.949985
v 7.401313 1.034571 -3.962299
v 7.464998 1.049734 -3.974982
v 7.400218 1.057160 -3.977827
v 7.323107 1.057162 -3.961548
v 7.324881 1.034581 -3.946131
v 7.465145 1.034539 -3.971086
v 7.464558 1.057153 -3.986669
v 7.383792 0.919662 -4.210743
v 7.296503 0.919714 -4.192805
v 7.383792 0.967735 -4.210743
v 7.455745 0.919506 -4.220418
v 7.383792 0.870992 -4.210743
v 7.296503 0.871062 -4.192805
v 7.296503 0.967770 -4.192805
v 7.455745 0.967631 -4.220418
v 7.455745 0.870783 -4.220418
v 7.582610 1.049599 -4.225593
v 7.610068 1.049541 -4.226218
v 7.582618 1.034250 -4.229500
v 7.552102 1.049656 -4.224054
v 7.582584 1.057093 -4.213872
v 7.610035 1.057068 -4.214496
v 7.610079 1.034126 -4.230126
v 7.552091 1.034374 -4.227960
v 7.552138 1.057119 -4.212339
v 7.026567 1.049753 -3.831163
v 6.912063 1.049753 -3.765479
v 7.027786 1.034581 -3.827532
v 7.135447 1.049753 -3.883871
v 7.022911 1.057162 -3.842054
v 6.907435 1.057162 -3.775943
v 6.913606 1.034581 -3.761992
v 7.136367 1.034581 -3.880136
v 7.132686 1.057162 -3.895075
v 6.949776 0.919714 -4.059890
v 6.814872 0.919714 -3.985220
v 6.949776 0.967770 -4.059890
v 7.077465 0.919714 -4.119162
v 6.949776 0.871062 -4.059890
v 6.814872 0.871062 -3.985220
v 6.814872 0.967770 -3.985220
v 7.077465 0.967769 -4.119162
v 7.077465 0.871062 -4.119162
v 6.406368 0.919714 -3.674836
v 6.287630 0.919714 -3.563055
v 6.406368 0.967770 -3.674836
v 6.538113 0.919714 -3.788399
v 6.406368 0.871062 -3.674836
v 6.287630 0.871062 -3.563055
v 6.287630 0.967770 -3.563055
v 6.538113 0.967769 -3.788399
v 6.538113 0.871062 -3.788399
v 7.849323 0.916381 -3.984228
v 7.849323 0.866598 -3.984228
v 7.857810 0.916382 -3.995950
v 7.849323 0.965554 -3.984228
v 7.833853 0.916381 -3.980320
v 7.833853 0.866598 -3.980320
v 7.857810 0.866598 -3.995950
v 7.857810 0.965554 -3.995951
v 7.833853 0.965554 -3.980320
v 7.865306 0.916381 -4.105364
v 7.865306 0.866598 -4.105364
v 7.864473 0.916382 -4.152255
v 7.865306 0.965554 -4.105364
v 7.864473 0.916381 -4.058472
v 7.864473 0.866598 -4.058473
v 7.864473 0.866598 -4.152255
v 7.864473 0.965554 -4.152255
v 7.864473 0.965554 -4.058472
v 7.727190 0.916433 -4.230393
v 7.727190 0.866668 -4.230393
v 7.681888 0.916590 -4.230351
v 7.727190 0.965589 -4.230393
v 7.771331 0.916381 -4.230407
v 7.771331 0.866598 -4.230407
v 7.681888 0.866877 -4.230351
v 7.681888 0.965693 -4.230351
v 7.771331 0.965554 -4.230407
v 6.061286 0.919714 -3.309178
v 6.061286 0.871062 -3.309178
v 6.021314 0.919714 -3.238649
v 6.061286 0.967770 -3.309178
v 6.114924 0.919714 -3.380478
v 6.114924 0.871062 -3.380478
v 6.021314 0.871062 -3.238649
v 6.021314 0.967770 -3.238649
v 6.114924 0.967769 -3.380478
v 6.268876 0.919714 -3.171452
v 6.268876 0.871062 -3.171452
v 6.317724 0.919714 -3.237050
v 6.268876 0.967770 -3.171452
v 6.232216 0.919714 -3.107888
v 6.232216 0.871062 -3.107888
v 6.317724 0.871062 -3.237050
v 6.317724 0.967770 -3.237050
v 6.232216 0.967769 -3.107888
v 6.566594 1.049753 -3.498278
v 6.465494 1.049753 -3.401903
v 6.569137 1.034581 -3.495475
v 6.678075 1.049753 -3.595565
v 6.558964 1.057162 -3.506685
v 6.457024 1.057162 -3.409577
v 6.468317 1.034581 -3.399345
v 6.680296 1.034581 -3.592504
v 6.671410 1.057162 -3.604747
v 6.268088 0.780368 -3.171746
v 6.265725 0.768301 -3.172627
v 6.315822 0.780346 -3.237138
v 6.268876 0.799480 -3.171452
v 6.230968 0.780345 -3.108975
v 6.227222 0.768209 -3.112235
v 6.310115 0.768209 -3.237404
v 6.317724 0.799480 -3.237050
v 6.232216 0.799479 -3.107888
v 6.061492 0.780368 -3.308821
v 6.062110 0.768301 -3.307750
v 6.022316 0.780346 -3.238846
v 6.061286 0.799480 -3.309178
v 6.114746 0.780345 -3.378853
v 6.114211 0.768209 -3.373979
v 6.025322 0.768209 -3.239437
v 6.021314 0.799480 -3.238649
v 6.114924 0.799479 -3.380478
v 7.727077 0.773716 -4.230081
v 7.726739 0.760828 -4.229145
v 7.681438 0.774001 -4.229103
v 7.727190 0.793447 -4.230393
v 7.771331 0.773621 -4.230407
v 7.771331 0.760752 -4.230407
v 7.680087 0.761054 -4.225359
v 7.681888 0.793734 -4.230351
v 7.771331 0.793351 -4.230407
v 7.865306 0.773621 -4.105364
v 7.865306 0.760752 -4.105364
v 7.864473 0.773621 -4.152255
v 7.865306 0.793351 -4.105364
v 7.864473 0.773621 -4.058472
v 7.864473 0.760752 -4.058473
v 7.864473 0.760752 -4.152255
v 7.864473 0.793351 -4.152255
v 7.864473 0.793351 -4.058472
v 7.849323 0.773621 -3.984228
v 7.849323 0.760752 -3.984228
v 7.857810 0.773621 -3.995950
v 7.849323 0.793351 -3.984228
v 7.833853 0.773621 -3.980320
v 7.833853 0.760752 -3.980320
v 7.857810 0.760752 -3.995950
v 7.857810 0.793351 -3.995951
v 7.833853 0.793351 -3.980320
v 6.408482 0.780675 -3.671918
v 6.288734 0.780514 -3.560032
v 6.406368 0.799480 -3.674836
v 6.540334 0.780729 -3.785338
v 6.414822 0.769526 -3.663162
v 6.292045 0.768883 -3.550965
v 6.287630 0.799480 -3.563055
v 6.538113 0.799479 -3.788399
v 6.546999 0.769741 -3.776155
v 6.950995 0.780729 -4.056259
v 6.816415 0.780729 -3.981732
v 6.949776 0.799480 -4.059890
v 7.078385 0.780729 -4.115427
v 6.954652 0.769741 -4.045367
v 6.821043 0.769741 -3.971268
v 6.814872 0.799480 -3.985220
v 7.077465 0.799479 -4.119162
v 7.081146 0.769741 -4.104223
v 7.384066 0.780626 -4.206861
v 7.296947 0.780729 -4.188951
v 7.383792 0.799384 -4.210743
v 7.455892 0.780318 -4.216522
v 7.384887 0.769634 -4.195215
v 7.298277 0.769741 -4.177388
v 7.296503 0.799480 -4.192805
v 7.455745 0.799096 -4.220418
v 7.456332 0.769314 -4.204835
v 7.581978 0.777371 -3.983187
v 7.608952 0.775913 -3.983249
v 7.582081 0.796415 -3.979455
v 7.552847 0.778677 -3.981934
v 7.581671 0.766028 -3.994382
v 7.607654 0.763843 -3.992869
v 7.609384 0.795266 -3.980042
v 7.552858 0.797564 -3.978028
v 7.552811 0.767610 -3.993649
v 6.154441 0.780675 -2.878695
v 6.176100 0.780514 -2.963558
v 6.157913 0.799480 -2.877455
v 6.135575 0.780729 -2.792020
v 6.144024 0.769526 -2.882415
v 6.166989 0.768883 -2.968637
v 6.179137 0.799480 -2.961865
v 6.139274 0.799479 -2.791178
v 6.124481 0.769741 -2.794545
v 6.060531 0.780729 -2.377388
v 6.063294 0.780729 -2.409370
v 6.064438 0.799480 -2.377354
v 6.059484 0.780729 -2.350805
v 6.048809 0.769741 -2.377491
v 6.051573 0.769741 -2.409506
v 6.067201 0.799480 -2.409325
v 6.063391 0.799479 -2.350775
v 6.047761 0.769741 -2.350898
v 6.089049 0.780729 -2.561021
v 6.103001 0.780729 -2.630526
v 6.092942 0.799480 -2.560844
v 6.077405 0.780729 -2.500332
v 6.077370 0.769741 -2.561550
v 6.091417 0.769741 -2.631452
v 6.106862 0.799480 -2.630217
v 6.081310 0.799479 -2.500229
v 6.065691 0.769741 -2.500642
v 7.727045 0.773716 -3.980619
v 7.726714 0.760828 -3.981559
v 7.771331 0.773621 -3.980320
v 7.727155 0.793447 -3.980306
v 7.681308 0.774001 -3.981517
v 7.679984 0.761054 -3.985276
v 7.771331 0.760752 -3.980320
v 7.771331 0.793351 -3.980320
v 7.681749 0.793734 -3.980265
v 7.849323 0.773621 -4.226500
v 7.849323 0.760752 -4.226500
v 7.833853 0.773621 -4.230407
v 7.849323 0.793351 -4.226500
v 7.857810 0.773621 -4.214777
v 7.857810 0.760752 -4.214777
v 7.833853 0.760752 -4.230407
v 7.833853 0.793351 -4.230407
v 7.857810 0.793351 -4.214777
v 5.814367 0.919714 -2.379556
v 5.817157 0.919714 -2.412223
v 5.814367 0.871062 -2.379556
v 5.813312 0.919714 -2.352745
v 5.814367 0.967770 -2.379556
v 5.817157 0.967769 -2.412223
v 5.817157 0.871062 -2.412223
v 5.813312 0.871062 -2.352745
v 5.813312 0.967770 -2.352745
v 5.843786 0.919714 -2.572136
v 5.859741 0.919714 -2.649989
v 5.843786 0.871062 -2.572136
v 5.831406 0.919714 -2.506839
v 5.843786 0.967770 -2.572136
v 5.859741 0.967769 -2.649989
v 5.859741 0.871062 -2.649990
v 5.831406 0.871062 -2.506839
v 5.831406 0.967770 -2.506839
v 5.928980 0.919714 -2.954810
v 5.957936 0.919714 -3.062241
v 5.928980 0.871062 -2.954810
v 5.902590 0.919714 -2.845048
v 5.928980 0.967770 -2.954810
v 5.957936 0.967769 -3.062241
v 5.957936 0.871062 -3.062241
v 5.902590 0.871062 -2.845048
v 5.902590 0.967770 -2.845048
v 7.401313 0.919662 -3.962299
v 7.324881 0.919714 -3.946131
v 7.401313 0.870992 -3.962299
v 7.465145 0.919506 -3.971086
v 7.401313 0.967735 -3.962299
v 7.324881 0.967769 -3.946131
v 7.324881 0.871062 -3.946131
v 7.465145 0.870784 -3.971086
v 7.465145 0.967631 -3.971086
v 7.582618 0.918048 -4.229500
v 7.610079 0.917423 -4.230126
v 7.582618 0.868830 -4.229500
v 7.552091 0.918673 -4.227960
v 7.582618 0.966662 -4.229500
v 7.610079 0.966246 -4.230126
v 7.610079 0.867993 -4.230126
v 7.552091 0.869668 -4.227960
v 7.552090 0.967077 -4.227960
v 7.027786 0.919714 -3.827532
v 6.913606 0.919714 -3.761992
v 7.027786 0.871062 -3.827532
v 7.136367 0.919714 -3.880136
v 7.027786 0.967770 -3.827532
v 6.913606 0.967769 -3.761992
v 6.913606 0.871062 -3.761992
v 7.136367 0.871062 -3.880136
v 7.136367 0.967770 -3.880136
v 6.569137 0.919714 -3.495475
v 6.468317 0.919714 -3.399345
v 6.569137 0.871062 -3.495475
v 6.680296 0.919714 -3.592504
v 6.569137 0.967770 -3.495475
v 6.468317 0.967769 -3.399345
v 6.468317 0.871062 -3.399345
v 6.680296 0.871062 -3.592504
v 6.680296 0.967770 -3.592504
v 6.973329 -0.928905 -1.760037
v 6.969277 -0.953643 -1.765464
v 7.223012 -0.928898 -1.888350
v 6.970199 -0.904167 -1.765382
v 6.729104 -0.928912 -1.634530
v 6.725052 -0.953649 -1.639950
v 7.218961 -0.953636 -1.893783
v 7.219882 -0.904160 -1.893672
v 6.725973 -0.904174 -1.639897
v 6.920260 -0.867061 -1.841051
v 6.941895 -0.871184 -1.808589
v 7.169944 -0.867054 -1.969132
v 6.898519 -0.871184 -1.873482
v 6.676035 -0.867067 -1.715770
v 6.697670 -0.871190 -1.683225
v 7.191579 -0.871177 -1.936755
v 7.148202 -0.871177 -2.001492
v 6.654294 -0.871190 -1.748270
v 6.918664 -0.990749 -1.840592
v 6.897312 -0.986626 -1.872788
v 7.168347 -0.990743 -1.968895
v 6.940123 -0.986626 -1.808426
v 6.674438 -0.990756 -1.715093
v 6.653087 -0.986633 -1.747314
v 7.146995 -0.986620 -2.001065
v 7.189806 -0.986620 -1.936740
v 6.695897 -0.986633 -1.682917
v 6.865595 -0.928905 -1.921605
v 6.869364 -0.904167 -1.916444
v 7.115279 -0.928898 -2.049677
v 6.869009 -0.953643 -1.915995
v 6.621370 -0.928912 -1.796333
v 6.625139 -0.904174 -1.791236
v 7.119048 -0.904160 -2.044450
v 7.118692 -0.953636 -2.044149
v 6.624783 -0.953649 -1.790642
v 6.985696 -0.928905 -2.910371
v 6.738671 -0.928911 -3.037317
v 6.982565 -0.904167 -2.905027
v 7.236891 -0.928898 -2.781281
v 6.981644 -0.953642 -2.904944
v 6.734620 -0.953649 -3.031897
v 6.735540 -0.904173 -3.031951
v 7.233760 -0.904160 -2.775961
v 7.232839 -0.953635 -2.775848
v 6.932627 -0.867060 -2.829369
v 6.685603 -0.867067 -2.956086
v 6.910886 -0.871183 -2.796942
v 7.183822 -0.867053 -2.700512
v 6.954262 -0.871183 -2.861826
v 6.707237 -0.871190 -2.988627
v 6.663861 -0.871190 -2.923589
v 7.162081 -0.871176 -2.668156
v 7.205457 -0.871176 -2.732884
v 6.931031 -0.990749 -2.829817
v 6.684006 -0.990756 -2.956754
v 6.952489 -0.986626 -2.861982
v 7.182226 -0.990742 -2.700737
v 6.909678 -0.986626 -2.797622
v 6.662654 -0.986633 -2.924534
v 6.705465 -0.986633 -2.988930
v 7.203685 -0.986619 -2.732891
v 7.160874 -0.986619 -2.668568
v 6.877962 -0.928905 -2.748815
v 6.630938 -0.928911 -2.875523
v 6.881375 -0.953642 -2.754421
v 7.129157 -0.928898 -2.619968
v 6.881731 -0.904167 -2.753979
v 6.634706 -0.904173 -2.880622
v 6.634351 -0.953649 -2.881211
v 7.132570 -0.953636 -2.625491
v 7.132926 -0.904160 -2.625199
v 6.238569 -0.928922 -1.599980
v 6.242338 -0.904184 -1.594985
v 6.299375 -0.928920 -1.631169
v 6.241982 -0.953660 -1.594163
v 6.217150 -0.928922 -1.588993
v 6.220919 -0.904184 -1.584004
v 6.303144 -0.904183 -1.626158
v 6.302788 -0.953658 -1.625373
v 6.220563 -0.953660 -1.583170
v 6.291638 -0.990766 -1.518385
v 6.270286 -0.986643 -1.550646
v 6.352443 -0.990765 -1.549631
v 6.313097 -0.986643 -1.486192
v 6.270219 -0.990767 -1.507379
v 6.248867 -0.986644 -1.539642
v 6.331091 -0.986642 -1.581886
v 6.373902 -0.986642 -1.517441
v 6.291677 -0.986644 -1.475185
v 6.293234 -0.867077 -1.519403
v 6.314869 -0.871200 -1.486728
v 6.354040 -0.867076 -1.550595
v 6.271493 -0.871200 -1.552011
v 6.271815 -0.867078 -1.508416
v 6.293450 -0.871201 -1.475733
v 6.375675 -0.871199 -1.517940
v 6.332298 -0.871199 -1.583185
v 6.250074 -0.871201 -1.541029
v 6.346303 -0.928922 -1.437809
v 6.342251 -0.953660 -1.443218
v 6.407108 -0.928920 -1.469056
v 6.343173 -0.904184 -1.443211
v 6.324884 -0.928922 -1.426801
v 6.320832 -0.953660 -1.432210
v 6.403057 -0.953658 -1.474467
v 6.403978 -0.904182 -1.474453
v 6.321754 -0.904185 -1.432205
v 6.235202 -0.928922 -3.078511
v 6.210051 -0.928923 -3.091412
v 6.238616 -0.953660 -3.084328
v 6.300551 -0.928920 -3.044991
v 6.238971 -0.904184 -3.083505
v 6.213820 -0.904185 -3.096399
v 6.213464 -0.953660 -3.097238
v 6.303964 -0.953658 -3.050787
v 6.304320 -0.904182 -3.050002
v 6.288271 -0.990766 -3.160109
v 6.263119 -0.990767 -3.173033
v 6.309730 -0.986643 -3.192302
v 6.353620 -0.990764 -3.126528
v 6.266919 -0.986643 -3.127847
v 6.241767 -0.986644 -3.140769
v 6.284578 -0.986644 -3.205227
v 6.375078 -0.986642 -3.158719
v 6.332267 -0.986642 -3.094274
v 6.289867 -0.867077 -3.159088
v 6.264716 -0.867078 -3.171990
v 6.268126 -0.871200 -3.126479
v 6.355216 -0.867076 -3.125565
v 6.311502 -0.871200 -3.191764
v 6.286350 -0.871201 -3.204675
v 6.242974 -0.871201 -3.139374
v 6.333475 -0.871199 -3.092975
v 6.376851 -0.871199 -3.158220
v 6.342936 -0.928922 -3.240685
v 6.317784 -0.928923 -3.253611
v 6.339805 -0.904184 -3.235283
v 6.408285 -0.928920 -3.207103
v 6.338884 -0.953660 -3.235276
v 6.313733 -0.953660 -3.248202
v 6.314654 -0.904185 -3.248206
v 6.405154 -0.904182 -3.201706
v 6.404233 -0.953658 -3.201692
v 7.728219 0.572494 -0.692238
v 7.686011 0.572494 -0.680544
v 7.728187 0.650179 -0.692536
v 7.771256 0.572494 -0.696136
v 7.728313 0.455307 -0.691345
v 7.686418 0.455307 -0.679738
v 7.685875 0.650179 -0.680813
v 7.771330 0.650179 -0.696443
v 7.771033 0.455307 -0.695215
v 7.849057 0.572494 -0.450561
v 7.857523 0.572494 -0.462255
v 7.849322 0.650179 -0.450264
v 7.833624 0.572494 -0.446663
v 7.848259 0.455307 -0.451454
v 7.856664 0.455307 -0.463062
v 7.857810 0.650179 -0.461987
v 7.833852 0.650179 -0.446356
v 7.832941 0.455307 -0.447585
v 7.728219 0.572494 -0.450561
v 7.771256 0.572494 -0.446663
v 7.728187 0.650179 -0.450264
v 7.686011 0.572494 -0.462255
v 7.728313 0.455307 -0.451454
v 7.771033 0.455307 -0.447585
v 7.771330 0.650179 -0.446356
v 7.685875 0.650179 -0.461986
v 7.686418 0.455307 -0.463062
v 7.865000 0.572494 -0.571400
v 7.864169 0.572494 -0.618176
v 7.865305 0.650179 -0.571400
v 7.864169 0.572494 -0.524623
v 7.864085 0.455307 -0.571400
v 7.863260 0.455307 -0.617830
v 7.864472 0.650179 -0.618291
v 7.864472 0.650179 -0.524508
v 7.863260 0.455307 -0.524969
v 7.623323 0.572494 -0.571400
v 7.630289 0.572494 -0.524623
v 7.623034 0.650179 -0.571399
v 7.630289 0.572494 -0.618176
v 7.624194 0.455307 -0.571400
v 7.631107 0.455307 -0.524969
v 7.630016 0.650179 -0.524508
v 7.630016 0.650179 -0.618291
v 7.631107 0.455307 -0.617830
v 7.849057 0.572494 -0.692238
v 7.833625 0.572494 -0.696136
v 7.849322 0.650179 -0.692536
v 7.857524 0.572494 -0.680544
v 7.848259 0.455307 -0.691345
v 7.832941 0.455307 -0.695215
v 7.833852 0.650179 -0.696443
v 7.857810 0.650179 -0.680813
v 7.856664 0.455307 -0.679738
v 7.849051 0.546453 -4.226195
v 7.848236 0.437370 -4.225283
v 7.833620 0.546453 -4.230093
v 7.849323 0.615682 -4.226500
v 7.857517 0.546453 -4.214502
v 7.856638 0.437370 -4.213677
v 7.832921 0.437370 -4.229151
v 7.833853 0.615682 -4.230407
v 7.857810 0.615682 -4.214777
v 7.728220 0.546453 -3.984532
v 7.728316 0.437370 -3.985445
v 7.771255 0.546453 -3.980634
v 7.728187 0.615682 -3.984228
v 7.686014 0.546453 -3.996225
v 7.686430 0.437370 -3.997050
v 7.771027 0.437370 -3.981576
v 7.771331 0.615682 -3.980320
v 7.685876 0.615682 -3.995951
v 7.849051 0.546453 -3.984532
v 7.848236 0.437370 -3.985445
v 7.857517 0.546453 -3.996225
v 7.849323 0.615682 -3.984228
v 7.833620 0.546453 -3.980634
v 7.832921 0.437370 -3.981576
v 7.856638 0.437370 -3.997050
v 7.857810 0.615682 -3.995951
v 7.833853 0.615682 -3.980320
v 7.623330 0.546453 -4.105364
v 7.624220 0.437370 -4.105364
v 7.630295 0.546453 -4.058590
v 7.623034 0.615682 -4.105364
v 7.630295 0.546453 -4.152137
v 7.631132 0.437370 -4.151784
v 7.631132 0.437370 -4.058943
v 7.630016 0.615682 -4.058473
v 7.630016 0.615682 -4.152255
v 7.864994 0.546453 -4.105364
v 7.864058 0.437370 -4.105364
v 7.864163 0.546453 -4.152137
v 7.865306 0.615682 -4.105364
v 7.864163 0.546453 -4.058590
v 7.863234 0.437370 -4.058943
v 7.863234 0.437370 -4.151784
v 7.864473 0.615682 -4.152255
v 7.864473 0.615682 -4.058472
v 7.728220 0.546453 -4.226195
v 7.728316 0.437370 -4.225283
v 7.686014 0.546453 -4.214502
v 7.728187 0.615682 -4.226500
v 7.771255 0.546453 -4.230093
v 7.771027 0.437370 -4.229151
v 7.686430 0.437370 -4.213677
v 7.685876 0.615682 -4.214777
v 7.771331 0.615682 -4.230407
v 6.151082 -2.559711 -3.176656
v 6.124981 -2.560595 -3.188967
v 6.103510 -2.559711 -3.208249
v 6.189981 -2.559711 -3.184507
v 6.209264 -2.560595 -3.205977
v 6.221575 -2.559711 -3.232078
v 6.176798 -2.483695 -3.149529
v 6.176823 -2.432598 -3.149408
v 6.176897 -2.340219 -3.149043
v 6.095659 -2.559711 -3.247149
v 6.107970 -2.560595 -3.273250
v 6.127253 -2.559711 -3.294720
v 6.068533 -2.483695 -3.221432
v 6.068411 -2.432598 -3.221408
v 6.068046 -2.340219 -3.221334
v 6.166152 -2.559711 -3.302571
v 6.192253 -2.560595 -3.290261
v 6.213724 -2.559711 -3.270978
v 6.140436 -2.483695 -3.329698
v 6.140411 -2.432598 -3.329819
v 6.140337 -2.340219 -3.330185
v 6.248701 -2.483695 -3.257795
v 6.248823 -2.432598 -3.257820
v 6.249188 -2.340219 -3.257893
v 6.142169 -2.189333 -3.149911
v 6.108930 -2.189333 -3.164799
v 6.082316 -2.189333 -3.189661
v 6.208570 -2.189333 -3.163313
v 6.233432 -2.189333 -3.189927
v 6.248319 -2.189333 -3.223165
v 6.068915 -2.189333 -3.256062
v 6.083802 -2.189333 -3.289301
v 6.108665 -2.189333 -3.315914
v 6.175066 -2.189333 -3.329316
v 6.208304 -2.189333 -3.314429
v 6.234918 -2.189333 -3.289566
v 6.140967 -0.979691 -3.136901
v 6.105140 -0.978311 -3.157535
v 6.076475 -0.977851 -3.185837
v 6.214546 -0.993091 -3.151924
v 6.241052 -0.995779 -3.184866
v 6.261135 -0.993091 -3.222073
v 6.062047 -0.977851 -3.257322
v 6.078074 -0.977851 -3.293105
v 6.104840 -0.977851 -3.321756
v 6.176325 -0.977851 -3.336184
v 6.213529 -0.978311 -3.320739
v 6.246444 -0.979691 -3.295720
v 6.061186 -1.095679 -3.219949
v 6.060766 -1.025535 -3.219865
v 6.060528 -0.993796 -3.219817
v 6.139353 -1.441624 -3.335063
v 6.139649 -1.700195 -3.333596
v 6.139944 -1.962712 -3.332133
v 6.178281 -1.095679 -3.142183
v 6.178602 -1.026253 -3.140567
v 6.179357 -0.996667 -3.136743
v 6.254067 -1.441624 -3.258878
v 6.252600 -1.700195 -3.258582
v 6.251136 -1.962712 -3.258286
v 6.137683 0.283597 -3.125451
v 6.095381 0.283597 -3.144397
v 6.061510 0.283597 -3.176040
v 6.222191 0.283597 -3.142507
v 6.253833 0.283597 -3.176378
v 6.272780 0.283597 -3.218680
v 6.044455 0.283597 -3.260548
v 6.063401 0.283597 -3.302850
v 6.095043 0.283597 -3.336720
v 6.179551 0.283597 -3.353776
v 6.221853 0.283597 -3.334830
v 6.255724 0.283597 -3.303187
v 6.052545 -0.448747 -3.218205
v 6.048967 -0.201744 -3.217483
v 6.045394 0.054191 -3.216762
v 6.138564 -0.903437 -3.338972
v 6.138639 -0.929094 -3.338596
v 6.138715 -0.955091 -3.338222
v 6.180025 -0.448747 -3.133542
v 6.180748 -0.201744 -3.129963
v 6.181468 0.054191 -3.126390
v 6.274594 -0.901506 -3.278252
v 6.274842 -0.929026 -3.282386
v 6.273666 -0.956753 -3.278039
v 6.136550 1.061864 -3.077411
v 6.096282 1.062452 -3.099792
v 6.056014 1.061864 -3.122174
v 6.199263 1.060101 -3.128320
v 6.236440 1.060101 -3.192971
v 6.286036 1.060101 -3.259460
v 6.054267 1.060101 -3.218218
v 6.093722 1.060101 -3.287658
v 6.146612 1.060101 -3.358067
v 6.249120 1.061864 -3.414767
v 6.285590 1.062452 -3.386448
v 6.322060 1.061864 -3.358129
v 6.188336 1.034581 -3.461965
v 6.191375 1.049753 -3.459605
v 6.200493 1.057162 -3.452525
v 6.277791 0.644621 -3.263666
v 6.277493 0.567631 -3.263606
v 6.276600 0.451017 -3.263426
v 6.182670 0.644621 -3.120440
v 6.182610 0.567631 -3.120738
v 6.182429 0.451017 -3.121630
v 5.988900 1.034581 -3.159476
v 5.992255 1.049753 -3.157611
v 6.002322 1.057162 -3.152015
v 7.763950 -2.561478 -4.040380
v 7.732877 -2.561037 -4.042472
v 7.705512 -2.559711 -4.048749
v 7.831577 -2.559711 -4.076810
v 7.832023 -2.560595 -4.105364
v 7.831577 -2.559711 -4.133917
v 7.832469 -2.483695 -4.040380
v 7.832592 -2.432602 -4.040292
v 7.832963 -2.340237 -4.040029
v 7.680441 -2.559711 -4.076810
v 7.676702 -2.560595 -4.105364
v 7.680441 -2.559711 -4.133917
v 7.672964 -2.483695 -4.040380
v 7.672872 -2.432602 -4.040292
v 7.672596 -2.340237 -4.040029
v 7.811211 -2.561478 -4.170347
v 7.822721 -2.561037 -4.168255
v 7.828587 -2.559711 -4.161978
v 7.672964 -2.483695 -4.170347
v 7.672872 -2.432602 -4.170435
v 7.672596 -2.340237 -4.170698
v 7.832469 -2.483695 -4.170347
v 7.832592 -2.432602 -4.170435
v 7.832963 -2.340237 -4.170698
v 7.764259 -2.189377 -4.009565
v 7.731205 -2.189377 -4.012558
v 7.698790 -2.189377 -4.021540
v 7.835618 -2.189377 -4.069439
v 7.836256 -2.189377 -4.105364
v 7.835618 -2.189377 -4.141288
v 7.655995 -2.189377 -4.069439
v 7.650646 -2.189377 -4.105364
v 7.655995 -2.189377 -4.141288
v 7.812159 -2.189377 -4.201162
v 7.824011 -2.189377 -4.198169
v 7.830513 -2.189377 -4.189188
v 7.765955 -0.998510 -3.999903
v 7.729687 -0.997205 -4.001903
v 7.692515 -0.993288 -4.007902
v 7.843359 -0.980313 -4.062605
v 7.843659 -0.978989 -4.104342
v 7.842844 -0.978548 -4.144035
v 7.644949 -0.980313 -4.062605
v 7.642595 -0.978989 -4.104342
v 7.649488 -0.978548 -4.144035
v 7.817592 -0.978548 -4.208487
v 7.830350 -0.978548 -4.205264
v 7.837350 -0.978548 -4.195596
v 7.667408 -1.095855 -4.035081
v 7.666319 -1.026427 -4.033761
v 7.663825 -0.996908 -4.030537
v 7.668907 -1.441800 -4.174217
v 7.670016 -1.700332 -4.173159
v 7.671123 -1.962800 -4.172103
v 7.839920 -1.095855 -4.035081
v 7.840427 -1.026427 -4.033761
v 7.840911 -0.996908 -4.030537
v 7.837911 -1.441800 -4.174217
v 7.836422 -1.700332 -4.173159
v 7.834939 -1.962800 -4.172103
v 7.770572 0.275807 -3.983460
v 7.728511 0.275807 -3.987270
v 7.687263 0.275807 -3.998698
v 7.861374 0.275807 -4.059650
v 7.862186 0.275807 -4.105364
v 7.861374 0.275807 -4.151077
v 7.632806 0.275807 -4.059650
v 7.625998 0.275807 -4.105364
v 7.632806 0.275807 -4.151077
v 7.831523 0.275807 -4.227267
v 7.846605 0.275807 -4.223457
v 7.854879 0.275807 -4.212029
v 7.660929 -0.453842 -4.028902
v 7.658208 -0.206213 -4.026306
v 7.655491 0.049141 -4.023714
v 7.665984 -0.906531 -4.177004
v 7.666258 -0.931242 -4.176743
v 7.666532 -0.956414 -4.176482
v 7.848609 -0.453842 -4.028901
v 7.852258 -0.206213 -4.026306
v 7.855903 0.049142 -4.023714
v 7.841829 -0.906531 -4.177004
v 7.841463 -0.931242 -4.176743
v 7.841095 -0.956414 -4.176482
v 7.771331 1.060033 -4.019396
v 7.727160 1.060034 -4.019382
v 7.681771 1.060037 -4.019341
v 7.860795 1.059180 -4.067590
v 7.861384 1.059607 -4.105364
v 7.860795 1.059180 -4.143137
v 7.640756 1.061841 -4.058333
v 7.640821 1.062441 -4.105224
v 7.640886 1.061841 -4.152115
v 7.833853 1.060033 -4.191331
v 7.849080 1.059820 -4.188563
v 7.856839 1.059180 -4.180260
v 7.640995 1.034022 -4.230267
v 7.640989 1.049493 -4.226359
v 7.640973 1.057047 -4.214636
v 7.861975 0.615682 -4.191331
v 7.861671 0.546453 -4.191115
v 7.860760 0.437370 -4.190468
v 7.861975 0.615682 -4.019396
v 7.861671 0.546453 -4.019612
v 7.860760 0.437370 -4.020260
v 7.640647 1.034022 -3.980181
v 7.640653 1.049493 -3.984089
v 7.640669 1.057047 -3.995811
v 7.644627 -0.957998 -4.028437
v 7.640778 -0.931151 -4.029730
v 7.643943 -0.904582 -4.027804
v 7.664575 -0.780266 -4.178349
v 7.665293 -0.844650 -4.177663
v 7.665604 -0.872487 -4.177367
v 7.843682 -0.957998 -4.028437
v 7.844501 -0.931151 -4.029730
v 7.844485 -0.904583 -4.027804
v 7.843720 -0.780266 -4.178349
v 7.842756 -0.844650 -4.177663
v 7.842340 -0.872487 -4.177367
v 7.844229 -0.885779 -4.144561
v 7.845069 -0.885276 -4.104313
v 7.844807 -0.883766 -4.061965
v 7.818633 -0.885779 -4.209889
v 7.831564 -0.885779 -4.206623
v 7.838660 -0.885779 -4.196824
v 7.766444 -0.865817 -3.997885
v 7.729502 -0.867060 -3.999954
v 7.691716 -0.870790 -4.006161
v 7.643621 -0.883766 -4.061966
v 7.641251 -0.885276 -4.104313
v 7.648242 -0.885779 -4.144561
v 7.765961 -0.994890 -2.338845
v 7.730448 -0.992894 -2.338844
v 7.695559 -0.986906 -2.338842
v 7.649125 -0.954966 -2.338832
v 7.643067 -0.931011 -2.338825
v 7.648604 -0.907057 -2.338817
v 7.843179 -0.954966 -2.338832
v 7.844229 -0.931011 -2.338825
v 7.843895 -0.907057 -2.338817
v 7.766439 -0.867132 -2.338804
v 7.730306 -0.869129 -2.338805
v 7.694932 -0.875117 -2.338807
v 7.665854 -0.887095 -3.470759
v 7.665854 -0.887095 -3.135756
v 7.665854 -0.887095 -2.749943
v 7.842110 -0.887095 -3.886378
v 7.842214 -0.886476 -3.968722
v 7.842525 -0.884621 -4.003715
v 7.840816 -0.974928 -3.887645
v 7.840899 -0.975686 -3.970052
v 7.841146 -0.977960 -4.005057
v 7.666662 -0.974928 -3.471686
v 7.666662 -0.974928 -3.136411
v 7.666662 -0.974928 -2.750290
v 6.060009 -0.955091 -3.219712
v 6.059634 -0.929094 -3.219636
v 6.059259 -0.903437 -3.219560
v 6.138178 -0.774127 -3.340881
v 6.138371 -0.838881 -3.339925
v 6.138457 -0.867460 -3.339503
v 6.167822 -0.956753 -3.118667
v 6.164271 -0.929026 -3.115897
v 6.167985 -0.901506 -3.117729
v 6.259884 -0.774127 -3.260052
v 6.260165 -0.838118 -3.260103
v 6.263451 -0.864405 -3.260749
v 6.263023 -0.866276 -3.221654
v 6.242676 -0.863680 -3.183787
v 6.215665 -0.866276 -3.150346
v 6.176575 -0.881700 -3.337547
v 6.214321 -0.881194 -3.321877
v 6.247748 -0.879675 -3.296486
v 6.140767 -0.879675 -3.135402
v 6.104398 -0.881194 -3.156364
v 6.075315 -0.881700 -3.185078
v 6.060684 -0.881700 -3.257571
v 6.076937 -0.881700 -3.293860
v 6.104081 -0.881700 -3.322916
v 6.224926 -0.986644 -3.149422
v 6.246278 -0.990767 -3.181687
v 6.267736 -0.986644 -3.213882
v 6.297812 -0.904185 -3.256859
v 6.300942 -0.928923 -3.262266
v 6.296891 -0.953661 -3.256858
v 6.196622 -0.953661 -3.105882
v 6.193209 -0.928923 -3.100050
v 6.196978 -0.904185 -3.105033
v 6.269509 -0.871202 -3.213320
v 6.247874 -0.867079 -3.180629
v 6.226133 -0.871202 -3.148009
v 6.280864 -0.880891 -3.248895
v 6.284485 -0.882901 -3.243298
v 6.286210 -0.883570 -3.241167
v 6.284615 -0.974276 -3.241305
v 6.282873 -0.975049 -3.243405
v 6.279201 -0.977367 -3.248906
v 6.197476 -0.880891 -3.123336
v 6.204066 -0.882901 -3.122211
v 6.206781 -0.883570 -3.121570
v 6.206034 -0.974276 -3.122985
v 6.203342 -0.975049 -3.123655
v 6.196821 -0.977367 -3.124866
v 7.713227 -0.986604 -2.384790
v 7.734580 -0.990727 -2.416902
v 7.756038 -0.986604 -2.449031
v 7.786114 -0.904145 -2.492157
v 7.789245 -0.928883 -2.497427
v 7.785193 -0.953621 -2.491978
v 7.684924 -0.953621 -2.341986
v 7.681511 -0.928883 -2.336645
v 7.685280 -0.904145 -2.342022
v 7.757811 -0.871161 -2.449353
v 7.736176 -0.867038 -2.417170
v 7.714435 -0.871161 -2.384969
v 7.506900 -0.974241 -2.454898
v 7.599519 -0.974238 -2.407332
v 7.656436 -0.974237 -2.378101
v 6.215978 -0.883570 -3.116856
v 6.212578 -0.883570 -3.118598
v 6.209890 -0.883570 -3.119976
v 7.585480 -0.974241 -2.572764
v 7.678100 -0.974238 -2.525165
v 7.735017 -0.974236 -2.495914
v 6.295407 -0.883570 -3.236443
v 6.292006 -0.883570 -3.238189
v 6.289319 -0.883570 -3.239570
v 6.134565 0.724454 -3.358787
v 6.139323 0.742907 -3.365029
v 6.153597 0.752953 -3.383753
v 6.382844 0.799480 -3.310931
v 6.379670 0.780365 -3.311413
v 6.370148 0.768286 -3.312860
v 6.203664 0.799480 -3.040109
v 6.201344 0.780365 -3.041891
v 6.194385 0.768286 -3.047235
v 6.039444 0.724454 -3.215561
v 6.036972 0.742907 -3.210798
v 6.029554 0.752953 -3.196507
v 6.125014 0.756324 -3.057000
v 6.078077 0.755426 -3.074863
v 6.037968 0.756324 -3.107970
v 6.029854 0.760173 -3.242635
v 6.062481 0.760311 -3.306448
v 6.111166 0.760173 -3.365571
v 6.301058 0.760173 -3.235218
v 6.262574 0.760311 -3.173628
v 6.223676 0.760173 -3.118425
v 6.252855 0.756324 -3.433138
v 6.300304 0.755426 -3.410998
v 6.333946 0.756324 -3.372858
v 7.650964 0.725582 -4.191331
v 7.649414 0.733693 -4.192378
v 7.644764 0.742277 -4.195518
v 7.861975 0.793351 -4.191331
v 7.861975 0.773621 -4.191331
v 7.861975 0.760752 -4.191331
v 7.861975 0.793351 -4.019396
v 7.861975 0.773621 -4.019396
v 7.861975 0.760752 -4.019396
v 7.650964 0.725582 -4.019396
v 7.649401 0.733693 -4.018332
v 7.644713 0.742278 -4.015142
v 7.771331 0.751441 -3.980320
v 7.726622 0.751489 -3.982676
v 7.679617 0.751633 -3.989743
v 7.615402 0.748416 -4.054128
v 7.610681 0.747453 -4.105231
v 7.615504 0.748416 -4.156350
v 7.864473 0.751441 -4.152255
v 7.865306 0.751441 -4.105364
v 7.864473 0.751441 -4.058472
v 7.833853 0.751441 -4.230407
v 7.849323 0.751441 -4.226500
v 7.857810 0.751441 -4.214777
v 6.714040 1.061864 -3.828825
v 6.736608 1.062452 -3.789223
v 6.759175 1.061864 -3.749620
v 6.676427 1.034581 -3.894830
v 6.678308 1.049753 -3.891530
v 6.683949 1.057162 -3.881629
v 6.796788 0.799480 -3.683615
v 6.794908 0.780729 -3.686915
v 6.789266 0.769741 -3.696816
v 6.714040 0.760267 -3.828825
v 6.736608 0.759083 -3.789223
v 6.759175 0.760267 -3.749620
v 6.438999 0.762364 -3.420123
v 6.543433 0.763456 -3.522300
v 6.658080 0.763820 -3.623113
v 6.658080 1.060101 -3.623113
v 6.543704 1.060101 -3.523500
v 6.440085 1.060101 -3.424925
v 6.315862 1.060101 -3.537475
v 6.431801 1.060101 -3.646811
v 6.560329 1.060101 -3.757790
v 6.560329 0.763820 -3.757790
v 6.429492 0.763456 -3.646521
v 6.306626 0.762364 -3.536315
v 7.207428 1.061864 -4.087217
v 7.215326 1.062452 -4.041531
v 7.223224 1.061864 -3.995846
v 7.194265 1.034581 -4.163360
v 7.194923 1.049753 -4.159553
v 7.196898 1.057162 -4.148131
v 7.236386 0.799480 -3.919703
v 7.235728 0.780729 -3.923510
v 7.233754 0.769741 -3.934931
v 7.207428 0.760267 -4.087217
v 7.215326 0.759083 -4.041531
v 7.223224 0.760267 -3.995846
v 6.898179 1.060101 -3.796871
v 7.015597 1.060101 -3.863838
v 7.127164 1.060101 -3.917484
v 7.086668 1.060101 -4.081814
v 6.961965 1.060101 -4.023583
v 6.830299 1.060101 -3.950340
v 6.830299 0.763820 -3.950340
v 6.961965 0.763820 -4.023583
v 7.086668 0.763820 -4.081814
v 7.127164 0.763820 -3.917484
v 7.015597 0.763820 -3.863838
v 6.898179 0.763820 -3.796871
v 7.513182 1.061860 -4.147042
v 7.513906 1.062450 -4.100223
v 7.514631 1.061860 -4.053402
v 7.511973 1.034477 -4.225075
v 7.512033 1.049705 -4.221174
v 7.512215 1.057140 -4.209469
v 7.515840 0.798522 -3.975369
v 7.515779 0.779703 -3.979271
v 7.515598 0.768676 -3.990976
v 7.513182 0.759167 -4.147042
v 7.513906 0.757978 -4.100223
v 7.514631 0.759167 -4.053402
v 7.300937 0.763820 -4.154262
v 7.386530 0.763711 -4.171924
v 7.457213 0.763385 -4.181460
v 7.463676 0.763385 -4.010044
v 7.398576 0.763711 -4.001119
v 7.320447 0.763820 -3.984674
v 7.300937 1.060101 -4.154262
v 7.386530 1.060100 -4.171924
v 7.457213 1.060097 -4.181460
v 7.463676 1.060097 -4.010044
v 7.398575 1.060100 -4.001119
v 7.320447 1.060101 -3.984674
v 7.605536 0.756952 -4.195286
v 7.581426 0.759819 -4.191489
v 7.552210 0.761645 -4.188908
v 7.609970 1.060054 -4.191051
v 7.582534 1.060067 -4.190431
v 7.552210 1.060080 -4.188908
v 7.605086 0.756952 -4.014913
v 7.581063 0.759819 -4.017474
v 7.552739 0.761645 -4.017080
v 7.609493 1.060054 -4.019118
v 7.582165 1.060067 -4.018525
v 7.552739 1.060080 -4.017080
v 6.046505 1.061864 -2.717797
v 6.000911 1.062452 -2.724076
v 5.955316 1.061864 -2.730355
v 5.879324 1.034581 -2.740820
v 5.883124 1.049753 -2.740296
v 5.894523 1.057162 -2.738727
v 6.122497 0.799480 -2.707333
v 6.118697 0.780729 -2.707856
v 6.107298 0.769741 -2.709425
v 6.046505 0.760267 -2.717797
v 6.000911 0.759083 -2.724076
v 5.955316 0.760267 -2.730355
v 5.992498 1.060101 -3.046557
v 5.964751 1.060101 -2.942724
v 5.939572 1.060101 -2.836631
v 6.102292 1.060101 -2.799596
v 6.122142 1.060101 -2.889542
v 6.144574 1.060101 -2.977549
v 6.146009 0.762364 -2.976668
v 6.122501 0.763456 -2.889322
v 6.102292 0.763820 -2.799596
v 5.939572 0.763820 -2.836631
v 5.963482 0.763456 -2.944056
v 5.987423 0.762364 -3.051885
v 5.994417 1.061864 -2.450725
v 5.947543 1.062452 -2.451530
v 5.900670 1.061864 -2.452334
v 5.822547 1.034581 -2.453675
v 5.826453 1.049753 -2.453608
v 5.838171 1.057162 -2.453407
v 6.072539 0.799480 -2.449385
v 6.068633 0.780729 -2.449452
v 6.056914 0.769741 -2.449653
v 5.994417 0.760267 -2.450725
v 5.947543 0.759083 -2.451530
v 5.900670 0.760267 -2.452334
v 6.068249 0.763820 -2.633306
v 6.054011 0.763820 -2.562608
v 6.042263 0.763820 -2.501262
v 5.870453 0.763820 -2.505806
v 5.882716 0.763820 -2.570372
v 5.898354 0.763820 -2.646900
v 5.870453 1.060101 -2.505806
v 5.882716 1.060101 -2.570372
v 5.898354 1.060101 -2.646900
v 6.068249 1.060101 -2.633306
v 6.054011 1.060101 -2.562608
v 6.042263 1.060101 -2.501262
v 5.985054 1.061864 -2.327507
v 5.938164 1.062452 -2.327877
v 5.891273 1.061864 -2.328246
v 5.813124 1.034581 -2.328862
v 5.817031 1.049753 -2.328831
v 5.828754 1.057162 -2.328739
v 6.063203 0.799480 -2.326892
v 6.059296 0.780729 -2.326922
v 6.047573 0.769741 -2.327015
v 5.985054 0.760267 -2.327507
v 5.938164 0.759083 -2.327877
v 5.891273 0.760267 -2.328246
v 6.028131 1.060101 -2.409778
v 6.025364 1.060101 -2.377698
v 6.024316 1.060101 -2.351082
v 6.024316 0.763820 -2.351082
v 6.025364 0.763820 -2.377698
v 6.028131 0.763820 -2.409778
v 5.856226 1.060101 -2.411770
v 5.853441 1.060101 -2.379212
v 5.852387 1.060101 -2.352437
v 5.852387 0.763820 -2.352437
v 5.853441 0.763820 -2.379212
v 5.856226 0.763820 -2.411770
v 6.151082 -2.558027 -1.500108
v 6.124981 -2.559096 -1.487797
v 6.103510 -2.558027 -1.468514
v 6.189981 -2.558027 -1.492257
v 6.209264 -2.559096 -1.470786
v 6.221575 -2.558027 -1.444686
v 6.176798 -2.478444 -1.527234
v 6.176823 -2.428422 -1.527356
v 6.176897 -2.337169 -1.527723
v 6.095659 -2.558027 -1.429614
v 6.107970 -2.559096 -1.403514
v 6.127253 -2.558027 -1.382043
v 6.068533 -2.478444 -1.455331
v 6.068411 -2.428422 -1.455356
v 6.068044 -2.337169 -1.455430
v 6.166152 -2.558027 -1.374192
v 6.192253 -2.559096 -1.386503
v 6.213724 -2.558027 -1.405786
v 6.140436 -2.478444 -1.347066
v 6.140411 -2.428422 -1.346944
v 6.140337 -2.337169 -1.346576
v 6.248701 -2.478444 -1.418968
v 6.248823 -2.428422 -1.418944
v 6.249190 -2.337169 -1.418870
v 6.142167 -2.186958 -1.526858
v 6.108927 -2.186958 -1.511970
v 6.082311 -2.186958 -1.487106
v 6.208573 -2.186958 -1.513456
v 6.233437 -2.186958 -1.486840
v 6.248325 -2.186958 -1.453600
v 6.068909 -2.186958 -1.420700
v 6.083797 -2.186958 -1.387460
v 6.108661 -2.186958 -1.360844
v 6.175066 -2.186958 -1.347442
v 6.208307 -2.186958 -1.362330
v 6.234923 -2.186958 -1.387194
v 6.140966 -0.978744 -1.539868
v 6.105137 -0.977278 -1.519233
v 6.076469 -0.976789 -1.490930
v 6.214550 -0.992144 -1.524844
v 6.241056 -0.994774 -1.491901
v 6.261140 -0.992144 -1.454692
v 6.062041 -0.976789 -1.419441
v 6.078069 -0.976789 -1.383655
v 6.104836 -0.976789 -1.355003
v 6.176326 -0.976789 -1.340574
v 6.213532 -0.977278 -1.356020
v 6.246448 -0.978744 -1.381041
v 6.061162 -1.091431 -1.456819
v 6.060747 -1.022242 -1.456903
v 6.060516 -0.991671 -1.456949
v 6.139348 -1.437376 -1.341676
v 6.139645 -1.696772 -1.343149
v 6.139942 -1.960063 -1.344619
v 6.178286 -1.091431 -1.534605
v 6.178606 -1.022989 -1.536215
v 6.179359 -0.994657 -1.540032
v 6.254091 -1.437376 -1.417881
v 6.252618 -1.696772 -1.418178
v 6.251148 -1.960063 -1.418475
v 6.137679 0.285759 -1.551334
v 6.095369 0.285759 -1.532384
v 6.061492 0.285759 -1.500736
v 6.222203 0.285759 -1.534275
v 6.253851 0.285759 -1.500398
v 6.272801 0.285759 -1.458088
v 6.044433 0.285759 -1.416212
v 6.063383 0.285759 -1.373902
v 6.095031 0.285759 -1.340025
v 6.179555 0.285759 -1.322966
v 6.221865 0.285759 -1.341916
v 6.255742 0.285759 -1.373564
v 6.052457 -0.442796 -1.458576
v 6.048899 -0.197064 -1.459294
v 6.045350 0.057436 -1.460010
v 6.138562 -0.902842 -1.337783
v 6.138639 -0.928839 -1.338164
v 6.138715 -0.954666 -1.338539
v 6.180043 -0.442796 -1.543310
v 6.180761 -0.197064 -1.546868
v 6.181478 0.057436 -1.550417
v 6.274599 -0.901146 -1.398510
v 6.274844 -0.928872 -1.394377
v 6.273667 -0.956496 -1.398724
v 6.136550 1.062648 -1.599352
v 6.096282 1.062844 -1.576971
v 6.056014 1.062648 -1.554590
v 6.199263 1.062060 -1.548444
v 6.236440 1.062060 -1.483792
v 6.286036 1.062060 -1.417303
v 6.054267 1.062060 -1.458545
v 6.093722 1.062060 -1.389105
v 6.146612 1.062060 -1.318696
v 6.249120 1.062648 -1.261997
v 6.285590 1.062844 -1.290316
v 6.322060 1.062648 -1.318635
v 6.188336 1.042286 -1.214799
v 6.191375 1.055794 -1.217159
v 6.200493 1.061081 -1.224239
v 6.277790 0.647318 -1.413098
v 6.277495 0.569870 -1.413157
v 6.276609 0.452960 -1.413336
v 6.182669 0.647318 -1.556323
v 6.182610 0.569870 -1.556028
v 6.182431 0.452960 -1.555142
v 5.988900 1.042286 -1.517288
v 5.992255 1.055794 -1.519153
v 6.002322 1.061081 -1.524748
v 7.763950 -2.561384 -0.636383
v 7.732877 -2.560936 -0.634291
v 7.705512 -2.559591 -0.628014
v 7.831577 -2.559591 -0.599953
v 7.832023 -2.560488 -0.571400
v 7.831577 -2.559591 -0.542846
v 7.832469 -2.483320 -0.636383
v 7.832592 -2.432282 -0.636471
v 7.832963 -2.339933 -0.636735
v 7.680441 -2.559591 -0.599953
v 7.676702 -2.560488 -0.571400
v 7.680441 -2.559591 -0.542846
v 7.672964 -2.483320 -0.636383
v 7.672872 -2.432282 -0.636471
v 7.672595 -2.339933 -0.636735
v 7.811211 -2.561384 -0.506416
v 7.822721 -2.560936 -0.508508
v 7.828587 -2.559591 -0.514785
v 7.672964 -2.483320 -0.506416
v 7.672872 -2.432282 -0.506328
v 7.672595 -2.339933 -0.506065
v 7.832469 -2.483320 -0.506416
v 7.832592 -2.432282 -0.506328
v 7.832963 -2.339933 -0.506065
v 7.764259 -2.188992 -0.667200
v 7.731205 -2.188992 -0.664206
v 7.698789 -2.188992 -0.655225
v 7.835619 -2.188992 -0.607325
v 7.836257 -2.188992 -0.571400
v 7.835619 -2.188992 -0.535475
v 7.655993 -2.188992 -0.607325
v 7.650644 -2.188992 -0.571400
v 7.655993 -2.188992 -0.535475
v 7.812160 -2.188992 -0.475599
v 7.824012 -2.188992 -0.478593
v 7.830515 -2.188992 -0.487574
v 7.765956 -0.998219 -0.677325
v 7.729687 -0.996921 -0.675312
v 7.692514 -0.993028 -0.669274
v 7.843360 -0.980053 -0.614269
v 7.843661 -0.978705 -0.572449
v 7.842846 -0.978256 -0.532728
v 7.644948 -0.980053 -0.614269
v 7.642593 -0.978705 -0.572449
v 7.649487 -0.978256 -0.532728
v 7.817593 -0.978256 -0.468275
v 7.830352 -0.978256 -0.471498
v 7.837352 -0.978256 -0.481166
v 7.667403 -1.094689 -0.641687
v 7.666315 -1.025531 -0.643034
v 7.663822 -0.996356 -0.646340
v 7.668901 -1.440634 -0.502542
v 7.670012 -1.699419 -0.503601
v 7.671120 -1.962179 -0.504657
v 7.839926 -1.094689 -0.641687
v 7.840432 -1.025532 -0.643035
v 7.840914 -0.996356 -0.646340
v 7.837917 -1.440634 -0.502542
v 7.836427 -1.699419 -0.503601
v 7.834942 -1.962179 -0.504657
v 7.770587 0.288322 -0.693372
v 7.728504 0.288322 -0.689560
v 7.687232 0.288322 -0.678125
v 7.861442 0.288322 -0.617139
v 7.862254 0.288322 -0.571400
v 7.861442 0.288322 -0.525660
v 7.632745 0.288322 -0.617139
v 7.625934 0.288322 -0.571400
v 7.632745 0.288322 -0.525660
v 7.831573 0.288322 -0.449428
v 7.846664 0.288322 -0.453239
v 7.854943 0.288322 -0.464674
v 7.660731 -0.436110 -0.648051
v 7.658055 -0.191662 -0.650603
v 7.655392 0.061240 -0.653144
v 7.665964 -0.904758 -0.499740
v 7.666253 -0.930770 -0.500015
v 7.666531 -0.956297 -0.500280
v 7.848875 -0.436110 -0.648051
v 7.852464 -0.191662 -0.650603
v 7.856035 0.061240 -0.653144
v 7.841856 -0.904758 -0.499740
v 7.841469 -0.930770 -0.500015
v 7.841096 -0.956297 -0.500281
v 7.771330 1.062037 -0.657367
v 7.727160 1.062038 -0.657381
v 7.681771 1.062039 -0.657423
v 7.860795 1.061754 -0.609173
v 7.861384 1.061896 -0.571400
v 7.860795 1.061754 -0.533626
v 7.640756 1.062640 -0.618430
v 7.640821 1.062840 -0.571539
v 7.640886 1.062640 -0.524648
v 7.833852 1.062037 -0.485432
v 7.849080 1.061966 -0.488200
v 7.856839 1.061754 -0.496504
v 7.640995 1.041879 -0.446497
v 7.640989 1.055652 -0.450404
v 7.640973 1.061042 -0.462127
v 7.861974 0.650179 -0.485432
v 7.861677 0.572494 -0.485643
v 7.860786 0.455307 -0.486277
v 7.861974 0.650179 -0.657367
v 7.861677 0.572494 -0.657156
v 7.860786 0.455307 -0.656522
v 7.640647 1.041879 -0.696582
v 7.640653 1.055652 -0.692675
v 7.640669 1.061042 -0.680952
v 7.644626 -0.957927 -0.648728
v 7.640773 -0.930865 -0.647455
v 7.643929 -0.903510 -0.649358
v 7.664376 -0.762534 -0.498225
v 7.665140 -0.830908 -0.498954
v 7.665505 -0.863621 -0.499302
v 7.843682 -0.957927 -0.648728
v 7.844505 -0.930865 -0.647455
v 7.844501 -0.903510 -0.649358
v 7.843986 -0.762534 -0.498225
v 7.842962 -0.830908 -0.498954
v 7.842472 -0.863621 -0.499302
v 7.844296 -0.881347 -0.532177
v 7.845136 -0.880963 -0.572475
v 7.844867 -0.879811 -0.614922
v 7.818683 -0.881347 -0.466805
v 7.831624 -0.881347 -0.470074
v 7.838723 -0.881347 -0.479879
v 7.766461 -0.861384 -0.679370
v 7.729496 -0.862747 -0.677286
v 7.691691 -0.866836 -0.671036
v 7.643566 -0.879811 -0.614922
v 7.641187 -0.880963 -0.572475
v 7.648181 -0.881347 -0.532177
v 7.665854 -0.887095 -1.207720
v 7.665854 -0.887095 -1.542381
v 7.665854 -0.887095 -1.927851
v 7.842110 -0.887095 -0.792102
v 7.842217 -0.886208 -0.709363
v 7.842541 -0.883547 -0.673874
v 7.840815 -0.974928 -0.790946
v 7.840898 -0.975669 -0.708116
v 7.841147 -0.977890 -0.672570
v 7.666662 -0.974928 -1.206905
v 7.666662 -0.974928 -1.541815
v 7.666662 -0.974928 -1.927570
v 6.060006 -0.954666 -1.457052
v 6.059631 -0.928839 -1.457128
v 6.059250 -0.902842 -1.457205
v 6.138161 -0.768177 -1.335795
v 6.138358 -0.834270 -1.336771
v 6.138448 -0.864484 -1.337216
v 6.167822 -0.956496 -1.558098
v 6.164271 -0.928872 -1.560869
v 6.167986 -0.901146 -1.559040
v 6.259972 -0.768177 -1.416694
v 6.260232 -0.833546 -1.416647
v 6.263492 -0.861590 -1.416006
v 6.263042 -0.864949 -1.455114
v 6.242693 -0.862273 -1.492988
v 6.215677 -0.864949 -1.526433
v 6.176579 -0.880212 -1.339195
v 6.214332 -0.879746 -1.354868
v 6.247763 -0.878348 -1.380266
v 6.140762 -0.878348 -1.541380
v 6.104385 -0.879746 -1.520417
v 6.075297 -0.880212 -1.491698
v 6.060662 -0.880212 -1.419188
v 6.076919 -0.880212 -1.382892
v 6.104069 -0.880212 -1.353830
v 6.227296 -0.986644 -1.528560
v 6.248649 -0.990767 -1.496295
v 6.270107 -0.986644 -1.464100
v 6.300183 -0.904185 -1.421122
v 6.303314 -0.928923 -1.415716
v 6.299262 -0.953661 -1.421125
v 6.198993 -0.953661 -1.572098
v 6.195580 -0.928923 -1.577929
v 6.199349 -0.904185 -1.572946
v 6.271880 -0.871202 -1.464661
v 6.250245 -0.867079 -1.497351
v 6.228504 -0.871202 -1.529971
v 6.280870 -0.880531 -1.427868
v 6.284723 -0.882811 -1.433587
v 6.287158 -0.883570 -1.436084
v 6.285563 -0.974276 -1.435946
v 6.283110 -0.974984 -1.433480
v 6.279202 -0.977110 -1.427858
v 6.197478 -0.880531 -1.553433
v 6.204304 -0.882811 -1.554676
v 6.207729 -0.883570 -1.555680
v 6.206983 -0.974276 -1.554266
v 6.203579 -0.974984 -1.553231
v 6.196822 -0.977110 -1.551899
v 7.713227 -0.986604 -2.291973
v 7.734580 -0.990727 -2.259862
v 7.756038 -0.986604 -2.227732
v 7.786114 -0.904145 -2.184607
v 7.789245 -0.928883 -2.179337
v 7.785193 -0.953621 -2.184785
v 7.684924 -0.953621 -2.334777
v 7.681511 -0.928883 -2.340119
v 7.685280 -0.904145 -2.334741
v 7.757811 -0.871161 -2.227410
v 7.736176 -0.867038 -2.259593
v 7.714435 -0.871161 -2.291795
v 7.494929 -0.974241 -2.215717
v 7.590779 -0.974238 -2.264943
v 7.651839 -0.974237 -2.296301
v 6.224986 -0.883570 -1.564525
v 6.219809 -0.883570 -1.561871
v 6.214632 -0.883570 -1.559218
v 7.573509 -0.974241 -2.097847
v 7.669360 -0.974238 -2.147107
v 7.730419 -0.974236 -2.178486
v 6.304414 -0.883570 -1.444947
v 6.299237 -0.883570 -1.442288
v 6.294061 -0.883570 -1.439629
v 6.134564 0.727151 -1.317977
v 6.139323 0.744959 -1.311735
v 6.153597 0.754149 -1.293010
v 6.382844 0.798941 -1.365833
v 6.379670 0.779586 -1.365350
v 6.370148 0.767823 -1.363904
v 6.203664 0.798941 -1.636655
v 6.201344 0.779586 -1.634873
v 6.194385 0.767823 -1.629528
v 6.039443 0.727151 -1.461202
v 6.036972 0.744959 -1.465966
v 6.029554 0.754148 -1.480257
v 6.125014 0.756845 -1.619764
v 6.078077 0.756024 -1.601901
v 6.037968 0.756845 -1.568793
v 6.029854 0.760480 -1.434128
v 6.062481 0.760636 -1.370316
v 6.111166 0.760480 -1.311193
v 6.301058 0.760480 -1.441546
v 6.262574 0.760636 -1.503136
v 6.223676 0.760480 -1.558339
v 6.252855 0.756845 -1.243626
v 6.300304 0.756024 -1.265765
v 6.333946 0.756845 -1.303906
v 7.650963 0.728238 -0.485432
v 7.649414 0.743994 -0.484386
v 7.644763 0.751010 -0.481246
v 7.861974 0.792799 -0.485432
v 7.861974 0.773239 -0.485432
v 7.861974 0.761939 -0.485432
v 7.861974 0.792799 -0.657367
v 7.861974 0.773239 -0.657367
v 7.861974 0.761939 -0.657367
v 7.650963 0.728238 -0.657367
v 7.649401 0.743994 -0.658431
v 7.644713 0.751010 -0.661621
v 7.771330 0.755761 -0.696443
v 7.726622 0.755692 -0.694088
v 7.679617 0.755487 -0.687021
v 7.615402 0.752490 -0.622636
v 7.610681 0.751819 -0.571532
v 7.615504 0.752490 -0.520413
v 7.864472 0.755761 -0.524508
v 7.865305 0.755761 -0.571400
v 7.864472 0.755761 -0.618291
v 7.833852 0.755761 -0.446356
v 7.849322 0.755761 -0.450264
v 7.857810 0.755761 -0.461986
v 6.714040 1.062648 -0.847938
v 6.736608 1.062844 -0.887541
v 6.759175 1.062648 -0.927144
v 6.676426 1.042286 -0.781933
v 6.678307 1.055794 -0.785233
v 6.683949 1.061081 -0.795134
v 6.796788 0.798941 -0.993148
v 6.794908 0.779900 -0.989848
v 6.789266 0.769080 -0.979947
v 6.714039 0.760135 -0.847938
v 6.736608 0.759017 -0.887541
v 6.759175 0.760135 -0.927144
v 6.438999 0.762233 -1.256641
v 6.543433 0.763175 -1.154464
v 6.658080 0.763489 -1.053651
v 6.658080 1.062060 -1.053651
v 6.543704 1.062060 -1.153263
v 6.440084 1.062060 -1.251839
v 6.315862 1.062060 -1.139289
v 6.431800 1.062060 -1.029952
v 6.560329 1.062060 -0.918973
v 6.560329 0.763489 -0.918973
v 6.429492 0.763175 -1.030242
v 6.306626 0.762233 -1.140448
v 7.207428 1.062648 -0.589547
v 7.215325 1.062844 -0.635232
v 7.223223 1.062648 -0.680918
v 7.194264 1.042286 -0.513404
v 7.194923 1.055794 -0.517211
v 7.196898 1.061081 -0.528632
v 7.236386 0.798941 -0.757061
v 7.235728 0.779900 -0.753254
v 7.233754 0.769080 -0.741832
v 7.207428 0.760135 -0.589547
v 7.215325 0.759017 -0.635232
v 7.223223 0.760135 -0.680918
v 6.898179 1.062060 -0.879893
v 7.015597 1.062060 -0.812926
v 7.127164 1.062060 -0.759280
v 7.086668 1.062060 -0.594949
v 6.961965 1.062060 -0.653180
v 6.830299 1.062060 -0.726423
v 6.830299 0.763489 -0.726423
v 6.961965 0.763489 -0.653180
v 7.086668 0.763489 -0.594949
v 7.127164 0.763489 -0.759280
v 7.015597 0.763489 -0.812926
v 6.898179 0.763489 -0.879893
v 7.513181 1.062647 -0.529721
v 7.513906 1.062843 -0.576541
v 7.514631 1.062647 -0.623361
v 7.511973 1.042211 -0.451688
v 7.512033 1.055768 -0.455590
v 7.512215 1.061073 -0.467295
v 7.515840 0.797981 -0.701394
v 7.515779 0.778871 -0.697493
v 7.515598 0.768012 -0.685788
v 7.513181 0.759034 -0.529721
v 7.513906 0.757912 -0.576541
v 7.514631 0.759034 -0.623361
v 7.300937 0.763489 -0.522501
v 7.386530 0.763380 -0.504840
v 7.457213 0.763054 -0.495304
v 7.463676 0.763054 -0.666720
v 7.398575 0.763380 -0.675645
v 7.320446 0.763489 -0.692090
v 7.300937 1.062060 -0.522501
v 7.386530 1.062060 -0.504840
v 7.457213 1.062059 -0.495304
v 7.463676 1.062059 -0.666720
v 7.398575 1.062060 -0.675645
v 7.320446 1.062060 -0.692090
v 7.605536 0.757780 -0.481477
v 7.581425 0.759776 -0.485274
v 7.552210 0.761312 -0.487855
v 7.609970 1.062045 -0.485713
v 7.582534 1.062049 -0.486333
v 7.552210 1.062053 -0.487855
v 7.605086 0.757780 -0.661851
v 7.581063 0.759776 -0.659290
v 7.552738 0.761312 -0.659683
v 7.609492 1.062045 -0.657646
v 7.582164 1.062049 -0.658238
v 7.552738 1.062053 -0.659683
v 6.046505 1.062648 -1.958966
v 6.000910 1.062844 -1.952688
v 5.955316 1.062648 -1.946409
v 5.879324 1.042286 -1.935944
v 5.883124 1.055794 -1.936467
v 5.894523 1.061081 -1.938037
v 6.122497 0.798941 -1.969431
v 6.118697 0.779900 -1.968908
v 6.107298 0.769080 -1.967338
v 6.046505 0.760135 -1.958966
v 6.000910 0.759017 -1.952688
v 5.955316 0.760135 -1.946409
v 5.992498 1.062060 -1.630206
v 5.964751 1.062060 -1.734040
v 5.939572 1.062060 -1.840132
v 6.102292 1.062060 -1.877168
v 6.122142 1.062060 -1.787221
v 6.144574 1.062060 -1.699214
v 6.146009 0.762233 -1.700095
v 6.122501 0.763175 -1.787441
v 6.102292 0.763489 -1.877168
v 5.939572 0.763489 -1.840133
v 5.963482 0.763175 -1.732708
v 5.987423 0.762233 -1.624879
v 5.994417 1.062648 -2.223087
v 5.947543 1.062844 -2.222282
v 5.900670 1.062648 -2.221478
v 5.822547 1.042286 -2.220137
v 5.826453 1.055794 -2.220204
v 5.838171 1.061081 -2.220405
v 6.072539 0.798941 -2.224427
v 6.068633 0.779900 -2.224360
v 6.056914 0.769080 -2.224159
v 5.994417 0.760135 -2.223087
v 5.947543 0.759017 -2.222282
v 5.900670 0.760135 -2.221478
v 6.068249 0.763489 -2.043458
v 6.054011 0.763489 -2.113860
v 6.042263 0.763489 -2.174321
v 5.870453 0.763489 -2.169777
v 5.882716 0.763489 -2.106097
v 5.898354 0.763489 -2.029864
v 5.870453 1.062060 -2.169777
v 5.882716 1.062060 -2.106097
v 5.898354 1.062060 -2.029864
v 6.068249 1.062060 -2.043458
v 6.054011 1.062060 -2.113860
v 6.042263 1.062060 -2.174321
v 5.985054 1.062648 -2.330365
v 5.938164 1.062844 -2.329996
v 5.891273 1.062648 -2.329626
v 5.813124 1.042286 -2.329010
v 5.817031 1.055794 -2.329041
v 5.828754 1.061081 -2.329134
v 6.063203 0.798941 -2.330981
v 6.059296 0.779899 -2.330950
v 6.047573 0.769080 -2.330858
v 5.985054 0.760135 -2.330365
v 5.938164 0.759017 -2.329996
v 5.891273 0.760135 -2.329626
v 6.028131 1.062060 -2.261082
v 6.025364 1.062060 -2.289325
v 6.024316 1.062060 -2.311513
v 6.024316 0.763489 -2.311513
v 6.025364 0.763489 -2.289325
v 6.028131 0.763489 -2.261082
v 5.856226 1.062060 -2.259090
v 5.853441 1.062060 -2.287811
v 5.852387 1.062060 -2.310158
v 5.852387 0.763489 -2.310158
v 5.853441 0.763489 -2.287811
v 5.856226 0.763489 -2.259090
v 6.301863 0.754149 -1.394626
v 6.283809 0.744959 -1.408480
v 6.277790 0.727151 -1.413098
v 6.180738 0.754148 -1.577313
v 6.182187 0.744959 -1.561571
v 6.182669 0.727151 -1.556323
v 6.134803 0.452960 -1.319158
v 6.134624 0.569870 -1.318272
v 6.134564 0.647318 -1.317977
v 6.040625 0.452960 -1.460964
v 6.039739 0.569870 -1.461143
v 6.039443 0.647318 -1.461202
v 6.258210 0.696135 -1.371948
v 6.223472 0.696135 -1.339496
v 6.180087 0.696135 -1.320064
v 6.223818 0.696135 -1.536743
v 6.256271 0.696135 -1.502005
v 6.275702 0.696135 -1.458620
v 6.093415 0.696135 -1.337557
v 6.060963 0.696135 -1.372295
v 6.041531 0.696135 -1.415680
v 6.059024 0.696135 -1.502352
v 6.093762 0.696135 -1.534804
v 6.137147 0.696135 -1.554236
v 6.301863 0.752953 -3.282138
v 6.283809 0.742907 -3.268284
v 6.277791 0.724454 -3.263666
v 6.180738 0.752953 -3.099451
v 6.182187 0.742907 -3.115193
v 6.182670 0.724454 -3.120440
v 6.134805 0.451017 -3.357597
v 6.134624 0.567631 -3.358490
v 6.134565 0.644621 -3.358787
v 6.040634 0.451017 -3.215801
v 6.039742 0.567631 -3.215621
v 6.039444 0.644621 -3.215561
v 6.180087 0.693168 -3.356699
v 6.223472 0.693168 -3.337267
v 6.258210 0.693168 -3.304815
v 6.275703 0.693168 -3.218144
v 6.256271 0.693168 -3.174758
v 6.223819 0.693168 -3.140021
v 6.041532 0.693168 -3.261084
v 6.060963 0.693168 -3.304469
v 6.093416 0.693168 -3.339207
v 6.137147 0.693168 -3.122528
v 6.093762 0.693168 -3.141960
v 6.059024 0.693168 -3.174412
v 7.861975 0.742384 -4.191331
v 7.861975 0.733720 -4.191331
v 7.861975 0.725582 -4.191331
v 7.861975 0.742384 -4.019396
v 7.861975 0.733720 -4.019396
v 7.861975 0.725582 -4.019396
v 7.650964 0.685068 -4.191331
v 7.650964 0.701702 -4.191331
v 7.650964 0.711431 -4.191331
v 7.650964 0.685068 -4.019396
v 7.650964 0.701701 -4.019396
v 7.650964 0.711431 -4.019396
v 7.833853 0.718107 -4.230407
v 7.849323 0.718107 -4.226500
v 7.857810 0.718107 -4.214777
v 7.864473 0.718107 -4.152255
v 7.865306 0.718107 -4.105364
v 7.864473 0.718107 -4.058472
v 7.630016 0.718107 -4.058473
v 7.623034 0.718107 -4.105364
v 7.630016 0.718107 -4.152255
v 7.771331 0.718107 -3.980320
v 7.728187 0.718107 -3.984228
v 7.685876 0.718107 -3.995951
v 7.671123 -1.962800 -4.038624
v 7.670016 -1.700332 -4.037569
v 7.668907 -1.441800 -4.036510
v 7.666914 -0.994145 -4.176118
v 7.667091 -1.025737 -4.175949
v 7.667408 -1.095855 -4.175646
v 7.834939 -1.962800 -4.038624
v 7.836422 -1.700332 -4.037569
v 7.837910 -1.441800 -4.036510
v 7.840584 -0.994145 -4.176118
v 7.840345 -1.025737 -4.175949
v 7.839920 -1.095855 -4.175646
v 7.841185 -1.227033 -4.143404
v 7.841860 -1.227033 -4.105364
v 7.841184 -1.227033 -4.067323
v 7.816344 -1.227033 -4.206804
v 7.828894 -1.227033 -4.203634
v 7.835780 -1.227033 -4.194124
v 7.765624 -1.227033 -4.003923
v 7.730623 -1.227033 -4.007093
v 7.696299 -1.227033 -4.016603
v 7.650983 -1.227033 -4.067324
v 7.645319 -1.227033 -4.105364
v 7.650983 -1.227033 -4.143404
v 7.662431 -0.869475 -4.029144
v 7.664500 -0.843897 -4.032010
v 7.664575 -0.780266 -4.032378
v 7.842759 -0.869475 -4.029144
v 7.842861 -0.843897 -4.032010
v 7.843720 -0.780266 -4.032378
v 7.655491 0.049141 -4.187013
v 7.658208 -0.206213 -4.184421
v 7.660929 -0.453842 -4.181826
v 7.855903 0.049142 -4.187013
v 7.852258 -0.206213 -4.184421
v 7.848609 -0.453842 -4.181826
v 7.847721 -0.657331 -4.145888
v 7.848441 -0.657331 -4.105364
v 7.847721 -0.657331 -4.064839
v 7.821258 -0.657331 -4.213429
v 7.834628 -0.657331 -4.210052
v 7.841963 -0.657331 -4.199921
v 7.767225 -0.657331 -3.997298
v 7.729939 -0.657331 -4.000675
v 7.693374 -0.657331 -4.010807
v 7.645099 -0.657331 -4.064839
v 7.639064 -0.657331 -4.105364
v 7.645099 -0.657331 -4.145888
v 7.662657 -0.884620 -4.003716
v 7.665054 -0.886476 -3.968723
v 7.665854 -0.887095 -3.886379
v 7.842110 -0.887095 -2.749942
v 7.842110 -0.887095 -3.135755
v 7.842110 -0.887095 -3.470759
v 7.840815 -0.974928 -2.750290
v 7.840815 -0.974928 -3.136411
v 7.840815 -0.974928 -3.471686
v 7.663598 -0.977960 -4.005058
v 7.665896 -0.975686 -3.970052
v 7.666662 -0.974928 -3.887645
v 7.765961 -0.994890 -3.730861
v 7.730448 -0.992894 -3.730835
v 7.695559 -0.986906 -3.730758
v 7.649126 -0.954966 -3.730344
v 7.643067 -0.931011 -3.730033
v 7.648604 -0.907057 -3.729722
v 7.843895 -0.907057 -3.729722
v 7.844229 -0.931011 -3.730033
v 7.843179 -0.954966 -3.730343
v 7.818847 -0.867132 -3.729205
v 7.831783 -0.869129 -3.729231
v 7.838806 -0.875117 -3.729308
v 7.662645 -0.883548 -0.673873
v 7.665051 -0.886208 -0.709363
v 7.665854 -0.887095 -0.792101
v 7.842110 -0.887095 -1.927851
v 7.842110 -0.887094 -1.542381
v 7.842110 -0.887095 -1.207721
v 7.840815 -0.974928 -1.927570
v 7.840815 -0.974928 -1.541815
v 7.840815 -0.974928 -1.206905
v 7.663597 -0.977890 -0.672570
v 7.665895 -0.975669 -0.708116
v 7.666661 -0.974928 -0.790946
v 7.817378 -0.994890 -0.947941
v 7.830132 -0.992894 -0.947964
v 7.837205 -0.986906 -0.948033
v 7.648604 -0.907057 -0.948957
v 7.643067 -0.931011 -0.948679
v 7.649125 -0.954966 -0.948402
v 7.843179 -0.954966 -0.948403
v 7.844228 -0.931011 -0.948680
v 7.843895 -0.907057 -0.948957
v 7.766439 -0.867132 -0.949419
v 7.730306 -0.869129 -0.949396
v 7.694932 -0.875117 -0.949326
v 7.671120 -1.962179 -0.638142
v 7.670012 -1.699419 -0.639198
v 7.668901 -1.440634 -0.640258
v 7.666911 -0.993562 -0.500643
v 7.667087 -1.024833 -0.500811
v 7.667403 -1.094689 -0.501112
v 7.834941 -1.962179 -0.638142
v 7.836427 -1.699419 -0.639199
v 7.837917 -1.440634 -0.640258
v 7.840587 -0.993562 -0.500643
v 7.840350 -1.024833 -0.500811
v 7.839926 -1.094689 -0.501112
v 7.841192 -1.225750 -0.609443
v 7.841867 -1.225750 -0.571400
v 7.841192 -1.225750 -0.533357
v 7.765625 -1.225750 -0.469951
v 7.730622 -1.225750 -0.473122
v 7.696295 -1.225750 -0.482632
v 7.816350 -1.225750 -0.672848
v 7.828900 -1.225750 -0.669678
v 7.835787 -1.225750 -0.660167
v 7.650976 -1.225750 -0.533357
v 7.645311 -1.225750 -0.571400
v 7.650976 -1.225750 -0.609443
v 7.662337 -0.861088 -0.647811
v 7.664348 -0.830275 -0.644924
v 7.664376 -0.762534 -0.644574
v 7.842884 -0.861088 -0.647811
v 7.843065 -0.830275 -0.644924
v 7.843986 -0.762534 -0.644574
v 7.655392 0.061240 -0.489656
v 7.658055 -0.191662 -0.492196
v 7.660731 -0.436110 -0.494749
v 7.856035 0.061240 -0.489656
v 7.852464 -0.191662 -0.492196
v 7.848875 -0.436110 -0.494749
v 7.848019 -0.637826 -0.612038
v 7.848741 -0.637826 -0.571400
v 7.848019 -0.637825 -0.530762
v 7.767298 -0.637826 -0.463032
v 7.729908 -0.637826 -0.466419
v 7.693240 -0.637825 -0.476578
v 7.821482 -0.637826 -0.679767
v 7.834889 -0.637826 -0.676381
v 7.842245 -0.637825 -0.666221
v 7.644830 -0.637826 -0.530762
v 7.638779 -0.637826 -0.571400
v 7.644830 -0.637825 -0.612037
v 6.058728 -0.867460 -3.219453
v 6.058306 -0.838881 -3.219368
v 6.057350 -0.774127 -3.219175
v 6.179796 -0.864405 -3.134789
v 6.179117 -0.838118 -3.138068
v 6.179056 -0.774127 -3.138346
v 6.135766 0.054191 -3.352837
v 6.136487 -0.201744 -3.349264
v 6.137209 -0.448747 -3.345685
v 6.271840 0.054191 -3.262465
v 6.268267 -0.201744 -3.261744
v 6.264689 -0.448747 -3.261022
v 6.259892 -0.651361 -3.221043
v 6.243084 -0.651361 -3.183517
v 6.215014 -0.651361 -3.153470
v 6.177188 -0.651361 -3.340888
v 6.214714 -0.651361 -3.324080
v 6.244761 -0.651361 -3.296010
v 6.140047 -0.651361 -3.138339
v 6.102520 -0.651361 -3.155147
v 6.072473 -0.651361 -3.183217
v 6.057343 -0.651361 -3.258184
v 6.074150 -0.651361 -3.295711
v 6.102220 -0.651361 -3.325758
v 6.066098 -1.962712 -3.220941
v 6.064635 -1.700195 -3.220645
v 6.063167 -1.441624 -3.220349
v 6.138820 -0.993796 -3.337702
v 6.138868 -1.025535 -3.337465
v 6.138953 -1.095679 -3.337044
v 6.177290 -1.962712 -3.147094
v 6.177585 -1.700195 -3.145631
v 6.177881 -1.441624 -3.144164
v 6.261479 -0.996667 -3.260396
v 6.257661 -1.026253 -3.259609
v 6.256048 -1.095679 -3.259278
v 6.253603 -1.226839 -3.222196
v 6.237839 -1.226839 -3.187000
v 6.211512 -1.226839 -3.158818
v 6.176034 -1.226839 -3.334599
v 6.211231 -1.226839 -3.318835
v 6.239412 -1.226839 -3.292509
v 6.141200 -1.226839 -3.144628
v 6.106003 -1.226839 -3.160392
v 6.077822 -1.226839 -3.186719
v 6.063631 -1.226839 -3.257031
v 6.079395 -1.226839 -3.292228
v 6.105722 -1.226839 -3.320409
v 6.209143 -0.974275 -3.121388
v 6.211831 -0.974275 -3.120008
v 6.215232 -0.974275 -3.118261
v 6.315289 -0.883567 -3.065953
v 6.249940 -0.883569 -3.099448
v 6.224788 -0.883570 -3.112340
v 6.287724 -0.974276 -3.239708
v 6.290412 -0.974275 -3.238326
v 6.293812 -0.974275 -3.236578
v 6.394717 -0.883567 -3.185435
v 6.329369 -0.883569 -3.218999
v 6.304217 -0.883570 -3.231918
v 6.309925 -0.904185 -3.250636
v 6.313055 -0.928923 -3.256041
v 6.309003 -0.953660 -3.250633
v 6.238245 -0.871201 -3.141798
v 6.259986 -0.867078 -3.174416
v 6.281621 -0.871201 -3.207102
v 6.279849 -0.986644 -3.207658
v 6.258390 -0.990767 -3.175463
v 6.237038 -0.986644 -3.143199
v 6.208735 -0.953660 -3.099665
v 6.205321 -0.928923 -3.093837
v 6.209091 -0.904185 -3.098824
v 6.066086 -1.960063 -1.455825
v 6.064616 -1.696772 -1.456122
v 6.063143 -1.437376 -1.456419
v 6.138817 -0.991671 -1.339049
v 6.138864 -1.022242 -1.339280
v 6.138948 -1.091431 -1.339695
v 6.177292 -1.960063 -1.529681
v 6.177589 -1.696772 -1.531151
v 6.177886 -1.437376 -1.532624
v 6.261490 -0.994657 -1.416365
v 6.257680 -1.022989 -1.417151
v 6.256072 -1.091431 -1.417481
v 6.211526 -1.222165 -1.517967
v 6.237861 -1.222165 -1.489779
v 6.253629 -1.222165 -1.454572
v 6.239434 -1.222165 -1.384240
v 6.211246 -1.222165 -1.357906
v 6.176039 -1.222165 -1.342138
v 6.077799 -1.222165 -1.490060
v 6.105989 -1.222165 -1.516394
v 6.141195 -1.222165 -1.532162
v 6.105707 -1.222165 -1.356332
v 6.079373 -1.222165 -1.384521
v 6.063604 -1.222165 -1.419728
v 6.058683 -0.864484 -1.457319
v 6.058238 -0.834270 -1.457409
v 6.057261 -0.768177 -1.457606
v 6.179804 -0.861590 -1.542016
v 6.179131 -0.833546 -1.538763
v 6.179073 -0.768177 -1.538505
v 6.135756 0.057436 -1.323883
v 6.136473 -0.197064 -1.327432
v 6.137191 -0.442796 -1.330990
v 6.271884 0.057436 -1.414289
v 6.268335 -0.197064 -1.415006
v 6.264777 -0.442796 -1.415724
v 6.215066 -0.644816 -1.523375
v 6.243163 -0.644816 -1.493300
v 6.259986 -0.644816 -1.455738
v 6.244842 -0.644816 -1.380700
v 6.214767 -0.644816 -1.352604
v 6.177205 -0.644816 -1.335781
v 6.072392 -0.644816 -1.493600
v 6.102467 -0.644816 -1.521696
v 6.140029 -0.644816 -1.538519
v 6.102167 -0.644816 -1.350925
v 6.074071 -0.644816 -1.381000
v 6.057248 -0.644816 -1.418562
v 6.213885 -0.974275 -1.557811
v 6.219062 -0.974275 -1.560469
v 6.224239 -0.974275 -1.563128
v 6.314113 -0.883568 -1.610208
v 6.253307 -0.883569 -1.579041
v 6.231888 -0.883570 -1.568063
v 6.292466 -0.974275 -1.439493
v 6.297643 -0.974275 -1.442153
v 6.302820 -0.974275 -1.444814
v 6.393541 -0.883567 -1.490725
v 6.332736 -0.883569 -1.459494
v 6.311317 -0.883570 -1.448493
v 6.318244 -0.953660 -1.430880
v 6.322296 -0.928922 -1.425471
v 6.319165 -0.904185 -1.430876
v 6.290862 -0.871201 -1.474405
v 6.269227 -0.867078 -1.507088
v 6.247486 -0.871201 -1.539702
v 6.246278 -0.986644 -1.538312
v 6.267631 -0.990767 -1.506049
v 6.289089 -0.986644 -1.473854
v 6.218331 -0.904185 -1.582677
v 6.214562 -0.928922 -1.587666
v 6.217975 -0.953660 -1.581841
v 6.174457 -2.550855 -1.515632
v 6.176213 -2.540919 -1.524333
v 6.176798 -2.525704 -1.527234
v 6.080135 -2.550855 -1.452990
v 6.071434 -2.540919 -1.454746
v 6.068533 -2.525704 -1.455331
v 6.142777 -2.550855 -1.358668
v 6.141021 -2.540919 -1.349966
v 6.140436 -2.525704 -1.347066
v 6.237099 -2.550855 -1.421310
v 6.245800 -2.540919 -1.419554
v 6.248701 -2.525704 -1.418968
v 6.247123 -2.504962 -1.453379
v 6.232434 -2.504962 -1.486174
v 6.207903 -2.504962 -1.512433
v 6.233900 -2.504962 -1.387864
v 6.207642 -2.504962 -1.363333
v 6.174846 -2.504962 -1.348644
v 6.109331 -2.504962 -1.361867
v 6.084800 -2.504962 -1.388125
v 6.070111 -2.504962 -1.420921
v 6.083334 -2.504962 -1.486436
v 6.109592 -2.504962 -1.510967
v 6.142388 -2.504962 -1.525656
v 6.174457 -2.553787 -3.161131
v 6.176213 -2.545065 -3.152430
v 6.176798 -2.530956 -3.149529
v 6.080135 -2.553787 -3.223774
v 6.071434 -2.545065 -3.222018
v 6.068533 -2.530956 -3.221432
v 6.142777 -2.553787 -3.318096
v 6.141021 -2.545065 -3.326797
v 6.140436 -2.530956 -3.329698
v 6.237099 -2.553787 -3.255454
v 6.245800 -2.545065 -3.257210
v 6.248701 -2.530956 -3.257795
v 6.207903 -2.510739 -3.164330
v 6.232434 -2.510739 -3.190589
v 6.247123 -2.510739 -3.223384
v 6.174846 -2.510739 -3.328120
v 6.207642 -2.510739 -3.313431
v 6.233900 -2.510739 -3.288900
v 6.070111 -2.510739 -3.255843
v 6.084800 -2.510739 -3.288638
v 6.109331 -2.510739 -3.314897
v 6.142388 -2.510739 -3.151108
v 6.109592 -2.510739 -3.165796
v 6.083334 -2.510739 -3.190327
v 7.831577 -2.553787 -4.048749
v 7.832246 -2.545066 -4.042472
v 7.832469 -2.530956 -4.040380
v 7.680441 -2.553787 -4.048749
v 7.674833 -2.545066 -4.042472
v 7.672964 -2.530956 -4.040380
v 7.680441 -2.553787 -4.161978
v 7.674833 -2.545066 -4.168255
v 7.672964 -2.530956 -4.170347
v 7.831577 -2.553787 -4.161978
v 7.832246 -2.545066 -4.168255
v 7.832469 -2.530956 -4.170347
v 7.834357 -2.510739 -4.069918
v 7.834987 -2.510739 -4.105364
v 7.834357 -2.510739 -4.140809
v 7.811211 -2.510739 -4.199885
v 7.822905 -2.510739 -4.196931
v 7.829321 -2.510739 -4.188070
v 7.657130 -2.510739 -4.069918
v 7.651852 -2.510739 -4.105364
v 7.657130 -2.510739 -4.140809
v 7.763950 -2.510739 -4.010842
v 7.731338 -2.510739 -4.013796
v 7.699354 -2.510739 -4.022657
v 7.831577 -2.553578 -0.628014
v 7.832245 -2.544769 -0.634291
v 7.832469 -2.530581 -0.636383
v 7.680441 -2.553578 -0.628014
v 7.674833 -2.544769 -0.634291
v 7.672964 -2.530581 -0.636383
v 7.680441 -2.553578 -0.514785
v 7.674833 -2.544769 -0.508508
v 7.672964 -2.530581 -0.506416
v 7.831577 -2.553578 -0.514785
v 7.832245 -2.544769 -0.508508
v 7.832469 -2.530581 -0.506416
v 7.834357 -2.510326 -0.535954
v 7.834987 -2.510326 -0.571400
v 7.834357 -2.510326 -0.606845
v 7.763950 -2.510326 -0.476878
v 7.731338 -2.510326 -0.479832
v 7.699354 -2.510326 -0.488693
v 7.657129 -2.510326 -0.535954
v 7.651852 -2.510326 -0.571400
v 7.657129 -2.510326 -0.606845
v 7.811211 -2.510326 -0.665921
v 7.822905 -2.510326 -0.662967
v 7.829321 -2.510326 -0.654106
v 7.828587 -2.559711 -4.048749
v 7.822721 -2.561037 -4.042472
v 7.811211 -2.561478 -4.040380
v 7.705512 -2.559711 -4.161978
v 7.732877 -2.561037 -4.168255
v 7.763950 -2.561478 -4.170347
v 7.830513 -2.189377 -4.021540
v 7.824011 -2.189377 -4.012558
v 7.812159 -2.189377 -4.009565
v 7.698791 -2.189377 -4.189188
v 7.731206 -2.189377 -4.198169
v 7.764259 -2.189377 -4.201162
v 7.837508 -0.993288 -4.007902
v 7.830194 -0.997205 -4.001903
v 7.817362 -0.998510 -3.999903
v 7.695556 -0.978548 -4.195596
v 7.730450 -0.978548 -4.205264
v 7.766030 -0.978548 -4.208487
v 7.854879 0.275807 -3.998698
v 7.846605 0.275807 -3.987270
v 7.831523 0.275807 -3.983460
v 7.687263 0.275807 -4.212029
v 7.728511 0.275807 -4.223457
v 7.770572 0.275807 -4.227267
v 7.856839 1.059180 -4.030468
v 7.849080 1.059820 -4.022164
v 7.833853 1.060033 -4.019396
v 7.681867 1.060037 -4.191275
v 7.727184 1.060034 -4.191317
v 7.771331 1.060033 -4.191331
v 7.694936 -0.885779 -4.196824
v 7.730305 -0.885779 -4.206623
v 7.766370 -0.885779 -4.209889
v 7.839248 -0.870790 -4.006161
v 7.831907 -0.867060 -3.999954
v 7.818862 -0.865817 -3.997885
v 7.837205 -0.986906 -2.338842
v 7.830132 -0.992894 -2.338844
v 7.817378 -0.994890 -2.338845
v 7.838805 -0.875117 -2.338807
v 7.831783 -0.869129 -2.338805
v 7.818847 -0.867132 -2.338804
v 7.857810 0.751441 -3.995950
v 7.849323 0.751441 -3.984228
v 7.833853 0.751441 -3.980320
v 7.679685 0.751633 -4.220917
v 7.726639 0.751489 -4.228034
v 7.771331 0.751441 -4.230407
v 7.828587 -2.559591 -0.628014
v 7.822721 -2.560936 -0.634291
v 7.811211 -2.561384 -0.636383
v 7.705512 -2.559591 -0.514785
v 7.732877 -2.560936 -0.508508
v 7.763950 -2.561384 -0.506416
v 7.830515 -2.188992 -0.655225
v 7.824012 -2.188992 -0.664206
v 7.812160 -2.188992 -0.667200
v 7.698790 -2.188992 -0.487574
v 7.731205 -2.188992 -0.478593
v 7.764259 -2.188992 -0.475599
v 7.837510 -0.993028 -0.669274
v 7.830195 -0.996921 -0.675312
v 7.817363 -0.998219 -0.677325
v 7.695555 -0.978256 -0.481166
v 7.730450 -0.978256 -0.471498
v 7.766031 -0.978256 -0.468275
v 7.854943 0.288322 -0.678125
v 7.846664 0.288322 -0.689560
v 7.831573 0.288322 -0.693372
v 7.687232 0.288322 -0.464674
v 7.728504 0.288322 -0.453239
v 7.770588 0.288322 -0.449428
v 7.856839 1.061754 -0.646296
v 7.849080 1.061967 -0.654599
v 7.833852 1.062037 -0.657367
v 7.681867 1.062039 -0.485488
v 7.727184 1.062038 -0.485446
v 7.771330 1.062037 -0.485432
v 7.694906 -0.881347 -0.479879
v 7.730298 -0.881347 -0.470074
v 7.766386 -0.881347 -0.466805
v 7.839305 -0.866836 -0.671036
v 7.831964 -0.862747 -0.677286
v 7.818913 -0.861384 -0.679370
v 7.857810 0.755761 -0.680813
v 7.849322 0.755761 -0.692536
v 7.833852 0.755761 -0.696443
v 7.679684 0.755487 -0.455846
v 7.726639 0.755692 -0.448729
v 7.771330 0.755761 -0.446356
v 7.685876 0.718107 -4.214777
v 7.728187 0.718107 -4.226500
v 7.771331 0.718107 -4.230407
v 7.857810 0.718107 -3.995950
v 7.849323 0.718107 -3.984228
v 7.833853 0.718107 -3.980320
v 7.696299 -1.227033 -4.194124
v 7.730623 -1.227033 -4.203634
v 7.765624 -1.227033 -4.206804
v 7.835780 -1.227033 -4.016603
v 7.828894 -1.227033 -4.007092
v 7.816344 -1.227033 -4.003923
v 7.693374 -0.657331 -4.199921
v 7.729939 -0.657331 -4.210052
v 7.767225 -0.657331 -4.213429
v 7.841963 -0.657331 -4.010807
v 7.834628 -0.657331 -4.000675
v 7.821258 -0.657331 -3.997298
v 7.837205 -0.986906 -3.730757
v 7.830132 -0.992894 -3.730835
v 7.817379 -0.994890 -3.730861
v 7.694932 -0.875117 -3.729309
v 7.730306 -0.869129 -3.729231
v 7.766439 -0.867132 -3.729205
v 7.695559 -0.986906 -0.948033
v 7.730448 -0.992894 -0.947964
v 7.765960 -0.994890 -0.947941
v 7.838805 -0.875117 -0.949326
v 7.831783 -0.869129 -0.949396
v 7.818847 -0.867132 -0.949419
v 7.835787 -1.225750 -0.482632
v 7.828900 -1.225750 -0.473122
v 7.816350 -1.225750 -0.469951
v 7.696295 -1.225750 -0.660167
v 7.730622 -1.225750 -0.669678
v 7.765625 -1.225750 -0.672848
v 7.842245 -0.637825 -0.476578
v 7.834889 -0.637826 -0.466419
v 7.821482 -0.637826 -0.463032
v 7.693240 -0.637825 -0.666221
v 7.729908 -0.637826 -0.676381
v 7.767298 -0.637826 -0.679767
v 7.699354 -2.510739 -4.188070
v 7.731338 -2.510739 -4.196931
v 7.763950 -2.510739 -4.199885
v 7.829321 -2.510739 -4.022657
v 7.822905 -2.510739 -4.013796
v 7.811211 -2.510739 -4.010842
v 7.829321 -2.510326 -0.488693
v 7.822905 -2.510326 -0.479832
v 7.811211 -2.510326 -0.476878
v 7.699354 -2.510326 -0.654106
v 7.731338 -2.510326 -0.662967
v 7.763950 -2.510326 -0.665921
v 7.792229 -2.555055 -0.654106
v 7.792229 -2.545139 -0.662967
v 7.792229 -2.530581 -0.665921
v 7.792229 -2.555055 -0.488693
v 7.792229 -2.545139 -0.479832
v 7.792229 -2.530581 -0.476878
v 7.792229 -2.530956 -4.010842
v 7.792229 -2.545429 -4.013796
v 7.792229 -2.555243 -4.022657
v 7.792229 -2.530956 -4.199885
v 7.792229 -2.545429 -4.196931
v 7.792229 -2.555243 -4.188070
v 7.798675 -0.762534 -0.677835
v 7.798118 -0.828912 -0.677113
v 7.797894 -0.855636 -0.677619
v 7.798675 -0.762534 -0.464964
v 7.798101 -0.830908 -0.466024
v 7.797827 -0.863621 -0.466530
v 7.795278 -1.440634 -0.671557
v 7.794445 -1.699419 -0.670016
v 7.793613 -1.962179 -0.668479
v 7.795279 -1.440634 -0.471242
v 7.794445 -1.699419 -0.472783
v 7.793613 -1.962179 -0.474320
v 7.797798 -0.867132 -0.792364
v 7.797802 -0.866557 -0.711700
v 7.797817 -0.864833 -0.682382
v 7.796727 -0.994890 -0.790683
v 7.796726 -0.995223 -0.709875
v 7.796723 -0.996222 -0.680447
v 7.797802 -0.866606 -3.995254
v 7.797799 -0.867001 -3.966381
v 7.797798 -0.867132 -3.886090
v 7.796722 -0.996338 -3.997244
v 7.796726 -0.995252 -3.968324
v 7.796727 -0.994890 -3.887933
v 7.797820 -0.864502 -3.999451
v 7.798003 -0.842654 -3.999905
v 7.798526 -0.780266 -3.999203
v 7.797753 -0.872487 -4.210095
v 7.797987 -0.844650 -4.210527
v 7.798526 -0.780266 -4.211524
v 7.793612 -1.962800 -4.008287
v 7.794442 -1.700332 -4.006753
v 7.795275 -1.441800 -4.005213
v 7.793612 -1.962800 -4.202439
v 7.794442 -1.700332 -4.203975
v 7.795275 -1.441800 -4.205514
v 7.808742 0.685068 -3.980320
v 7.808742 0.701702 -3.980320
v 7.808742 0.711431 -3.980320
v 7.808742 0.685068 -4.230407
v 7.808742 0.701702 -4.230407
v 7.808742 0.711431 -4.230407
v 7.808741 0.650179 -0.446356
v 7.808575 0.572494 -0.446663
v 7.808076 0.455307 -0.447585
v 7.808741 0.650179 -0.696443
v 7.808575 0.572494 -0.696136
v 7.808076 0.455307 -0.695215
v 7.796727 -0.994890 -1.927506
v 7.796727 -0.994890 -1.541686
v 7.796727 -0.994890 -1.206720
v 7.797798 -0.867132 -1.927915
v 7.797798 -0.867132 -1.542510
v 7.797798 -0.867132 -1.207906
v 7.797482 -0.904758 -0.467168
v 7.797266 -0.930770 -0.467568
v 7.797057 -0.956297 -0.467954
v 7.808741 0.792799 -0.696443
v 7.808741 0.773239 -0.696443
v 7.808741 0.761939 -0.696443
v 7.808741 1.062639 -0.618291
v 7.808741 1.062840 -0.571400
v 7.808741 1.062639 -0.524508
v 7.805418 0.061240 -0.452500
v 7.803419 -0.191662 -0.456194
v 7.801410 -0.436110 -0.459907
v 7.805418 0.061240 -0.690300
v 7.803419 -0.191662 -0.686605
v 7.801410 -0.436110 -0.682892
v 7.808741 0.792799 -0.446356
v 7.808741 0.773239 -0.446356
v 7.808741 0.761939 -0.446356
v 7.796772 -0.993562 -0.468480
v 7.796640 -1.024833 -0.468725
v 7.796403 -1.094689 -0.469164
v 7.796705 -1.001547 -0.675439
v 7.796623 -1.026829 -0.674354
v 7.796402 -1.094689 -0.673636
v 7.792229 -2.483320 -0.476878
v 7.792298 -2.432282 -0.476750
v 7.792506 -2.339933 -0.476367
v 7.792229 -2.483320 -0.665921
v 7.792298 -2.432282 -0.666049
v 7.792506 -2.339933 -0.666433
v 7.792229 -2.565182 -0.535954
v 7.792229 -2.566448 -0.571400
v 7.792229 -2.565182 -0.606845
v 7.808742 0.725582 -4.230407
v 7.808742 0.733720 -4.230407
v 7.808742 0.742384 -4.230407
v 7.808742 0.725582 -3.980320
v 7.808742 0.733720 -3.980320
v 7.808742 0.742384 -3.980320
v 7.796727 -0.994890 -3.471897
v 7.796727 -0.994890 -3.136559
v 7.796727 -0.994890 -2.750369
v 7.797798 -0.867132 -3.470548
v 7.797798 -0.867132 -3.135606
v 7.797798 -0.867132 -2.749863
v 7.797057 -0.956414 -4.208809
v 7.797263 -0.931242 -4.209188
v 7.797468 -0.906531 -4.209568
v 7.808742 1.033919 -3.980320
v 7.808742 1.049444 -3.984228
v 7.808742 1.057025 -3.995950
v 7.808742 1.061837 -4.152255
v 7.808742 1.062438 -4.105364
v 7.808742 1.061837 -4.058472
v 7.801262 -0.453842 -4.216581
v 7.803304 -0.206213 -4.220356
v 7.805344 0.049141 -4.224126
v 7.801262 -0.453842 -3.994146
v 7.803304 -0.206213 -3.990371
v 7.805344 0.049141 -3.986601
v 7.808742 1.033919 -4.230407
v 7.808742 1.049444 -4.226500
v 7.808742 1.057025 -4.214777
v 7.796399 -1.095855 -4.207592
v 7.796638 -1.025737 -4.208033
v 7.796771 -0.994145 -4.208280
v 7.796399 -1.095855 -4.003135
v 7.796620 -1.027733 -4.002460
v 7.796703 -1.002130 -4.001513
v 7.792506 -2.340237 -4.200396
v 7.792298 -2.432602 -4.200013
v 7.792229 -2.483695 -4.199885
v 7.792506 -2.340237 -4.010331
v 7.792298 -2.432602 -4.010715
v 7.792229 -2.483695 -4.010842
v 7.792229 -2.565220 -4.069918
v 7.792229 -2.566467 -4.105364
v 7.792229 -2.565220 -4.140809
v 6.188336 0.873658 -1.214799
v 6.188336 0.924763 -1.214799
v 6.188336 0.974946 -1.214799
v 5.988900 0.873658 -1.517288
v 5.988900 0.924763 -1.517288
v 5.988900 0.974946 -1.517288
v 7.640995 0.869942 -0.446497
v 7.640995 0.922050 -0.446497
v 7.640995 0.973217 -0.446497
v 7.640647 0.869943 -0.696582
v 7.640647 0.922050 -0.696582
v 7.640647 0.973217 -0.696582
v 6.370687 1.061081 -1.356393
v 6.379805 1.055794 -1.363473
v 6.382844 1.042286 -1.365833
v 6.190241 1.061081 -1.629194
v 6.200308 1.055794 -1.634789
v 6.203664 1.042286 -1.636654
v 7.860795 1.060801 -0.496504
v 7.861679 1.055567 -0.488200
v 7.861974 1.041803 -0.485432
v 7.860795 1.060801 -0.646296
v 7.861679 1.055567 -0.654599
v 7.861974 1.041803 -0.657367
v 6.676426 0.873658 -0.781933
v 6.676426 0.924763 -0.781933
v 6.676426 0.974946 -0.781933
v 6.789266 1.061081 -0.979947
v 6.794908 1.055794 -0.989848
v 6.796788 1.042286 -0.993148
v 7.194265 0.873658 -0.513404
v 7.194264 0.924763 -0.513404
v 7.194264 0.974946 -0.513404
v 7.233754 1.061081 -0.741832
v 7.235728 1.055794 -0.753254
v 7.236386 1.042286 -0.757061
v 7.511973 0.872970 -0.451688
v 7.511973 0.924261 -0.451688
v 7.511973 0.974626 -0.451688
v 7.515598 1.061073 -0.685787
v 7.515779 1.055768 -0.697493
v 7.515840 1.042211 -0.701394
v 5.879324 0.873658 -1.935944
v 5.879324 0.924763 -1.935944
v 5.879324 0.974946 -1.935944
v 6.107298 1.061081 -1.967338
v 6.118697 1.055794 -1.968908
v 6.122497 1.042286 -1.969431
v 5.822547 0.873658 -2.220137
v 5.822547 0.924763 -2.220137
v 5.822547 0.974946 -2.220137
v 6.056914 1.061081 -2.224159
v 6.068633 1.055794 -2.224360
v 6.072539 1.042286 -2.224427
v 5.813124 0.873658 -2.329010
v 5.813124 0.924763 -2.329010
v 5.813124 0.974946 -2.329010
v 6.047573 1.061081 -2.330858
v 6.059296 1.055794 -2.330950
v 6.063203 1.042286 -2.330981
v 7.808741 1.061035 -0.680813
v 7.808741 1.055625 -0.692536
v 7.808741 1.041803 -0.696443
v 7.808741 1.061035 -0.461986
v 7.808741 1.055625 -0.450264
v 7.808741 1.041803 -0.446356
v 7.857810 1.015562 -0.461986
v 7.849322 1.015562 -0.450264
v 7.833852 1.015562 -0.446356
v 7.681749 1.015630 -0.696499
v 7.727155 1.015579 -0.696457
v 7.771330 1.015562 -0.696443
v 5.813312 1.016642 -2.309850
v 5.814367 1.016642 -2.287467
v 5.817157 1.016642 -2.258637
v 6.081310 1.016642 -2.175354
v 6.092942 1.016642 -2.115624
v 6.106862 1.016642 -2.046547
v 5.831406 1.016642 -2.168744
v 5.843786 1.016642 -2.104332
v 5.859741 1.016642 -2.026774
v 6.063391 1.016642 -2.311821
v 6.064438 1.016642 -2.289669
v 6.067201 1.016642 -2.261535
v 5.902590 1.016642 -1.831715
v 5.928980 1.016642 -1.721953
v 5.957936 1.016642 -1.614522
v 6.139273 1.016642 -1.885585
v 6.157913 1.016642 -1.799308
v 6.179137 1.016642 -1.714898
v 7.552858 1.016304 -0.698735
v 7.582080 1.016102 -0.697308
v 7.609384 1.015900 -0.696721
v 7.465145 1.016574 -0.705678
v 7.401313 1.016625 -0.714465
v 7.324881 1.016642 -0.730633
v 7.455745 1.016574 -0.456345
v 7.383792 1.016625 -0.466021
v 7.296503 1.016642 -0.483958
v 7.552090 1.016304 -0.448804
v 7.582618 1.016102 -0.447263
v 7.610079 1.015900 -0.446637
v 7.136367 1.016642 -0.796628
v 7.027786 1.016642 -0.849231
v 6.913606 1.016642 -0.914772
v 7.077465 1.016642 -0.557601
v 6.949776 1.016642 -0.616874
v 6.814872 1.016642 -0.691544
v 6.538113 1.016642 -0.888365
v 6.406368 1.016642 -1.001927
v 6.287630 1.016642 -1.113709
v 7.833852 1.015562 -0.696443
v 7.849322 1.015562 -0.692536
v 7.857810 1.015562 -0.680813
v 7.864472 1.015562 -0.618291
v 7.865305 1.015562 -0.571400
v 7.864472 1.015562 -0.524508
v 7.771330 1.015562 -0.446356
v 7.727190 1.015579 -0.446370
v 7.681888 1.015630 -0.446412
v 6.114924 1.016642 -1.296286
v 6.061286 1.016642 -1.367586
v 6.021314 1.016642 -1.438114
v 6.232216 1.016642 -1.568876
v 6.268876 1.016642 -1.505312
v 6.317724 1.016642 -1.439714
v 6.680296 1.016642 -1.084260
v 6.569137 1.016642 -1.181289
v 6.468317 1.016642 -1.277419
v 6.382844 0.974946 -1.365833
v 6.382844 0.924763 -1.365833
v 6.382844 0.873658 -1.365833
v 6.203664 0.974946 -1.636655
v 6.203664 0.924763 -1.636655
v 6.203664 0.873658 -1.636655
v 7.861974 0.972897 -0.485432
v 7.861974 0.921547 -0.485432
v 7.861974 0.869254 -0.485432
v 7.861974 0.972897 -0.657367
v 7.861974 0.921547 -0.657367
v 7.861974 0.869254 -0.657367
v 6.796788 0.974946 -0.993148
v 6.796788 0.924763 -0.993149
v 6.796788 0.873658 -0.993148
v 7.236386 0.974946 -0.757061
v 7.236386 0.924763 -0.757061
v 7.236386 0.873658 -0.757061
v 7.515840 0.974626 -0.701394
v 7.515840 0.924261 -0.701394
v 7.515840 0.872970 -0.701394
v 6.122497 0.974946 -1.969431
v 6.122497 0.924763 -1.969431
v 6.122497 0.873658 -1.969431
v 6.072539 0.974946 -2.224427
v 6.072539 0.924763 -2.224427
v 6.072539 0.873658 -2.224427
v 6.063203 0.974946 -2.330981
v 6.063203 0.924763 -2.330981
v 6.063203 0.873658 -2.330981
v 7.808741 0.972897 -0.696443
v 7.808741 0.921547 -0.696443
v 7.808741 0.869254 -0.696443
v 7.808741 0.972897 -0.446356
v 7.808741 0.921547 -0.446356
v 7.808741 0.869254 -0.446356
v 6.188548 0.767823 -1.225945
v 6.188389 0.779586 -1.217585
v 6.188336 0.798941 -1.214799
v 5.996701 0.767823 -1.516712
v 5.990850 0.779586 -1.517144
v 5.988900 0.798941 -1.517288
v 7.638284 0.762391 -0.455938
v 7.640317 0.774114 -0.448857
v 7.640995 0.793759 -0.446497
v 7.638008 0.762391 -0.687111
v 7.639987 0.774114 -0.694214
v 7.640647 0.793759 -0.696582
v 6.683949 0.769080 -0.795134
v 6.678307 0.779900 -0.785233
v 6.676426 0.798941 -0.781933
v 7.196898 0.769080 -0.528632
v 7.194923 0.779900 -0.517211
v 7.194265 0.798941 -0.513404
v 7.512215 0.768012 -0.467295
v 7.512033 0.778871 -0.455590
v 7.511973 0.797981 -0.451688
v 5.894523 0.769080 -1.938037
v 5.883124 0.779900 -1.936467
v 5.879324 0.798941 -1.935944
v 5.838171 0.769080 -2.220405
v 5.826453 0.779900 -2.220204
v 5.822547 0.798941 -2.220137
v 5.828754 0.769080 -2.329134
v 5.817031 0.779899 -2.329041
v 5.813124 0.798941 -2.329010
v 6.232216 0.829196 -1.568876
v 6.268876 0.829196 -1.505312
v 6.317724 0.829196 -1.439714
v 6.114924 0.829196 -1.296286
v 6.061286 0.829196 -1.367586
v 6.021314 0.829196 -1.438114
v 7.771330 0.823758 -0.446356
v 7.727190 0.823843 -0.446370
v 7.681888 0.824098 -0.446412
v 7.864472 0.823758 -0.618291
v 7.865305 0.823758 -0.571400
v 7.864472 0.823758 -0.524508
v 7.833852 0.823758 -0.696443
v 7.849322 0.823758 -0.692536
v 7.857810 0.823758 -0.680813
v 6.538113 0.829196 -0.888365
v 6.406368 0.829196 -1.001927
v 6.287630 0.829196 -1.113709
v 7.077465 0.829196 -0.557601
v 6.949776 0.829196 -0.616874
v 6.814872 0.829196 -0.691544
v 7.455745 0.828856 -0.456345
v 7.383792 0.829111 -0.466021
v 7.296503 0.829196 -0.483958
v 7.552858 0.827497 -0.698735
v 7.582080 0.826477 -0.697308
v 7.609384 0.825457 -0.696721
v 6.139273 0.829196 -1.885585
v 6.157913 0.829196 -1.799308
v 6.179137 0.829196 -1.714898
v 6.063391 0.829196 -2.311821
v 6.064438 0.829196 -2.289669
v 6.067201 0.829196 -2.261535
v 6.081310 0.829196 -2.175354
v 6.092942 0.829196 -2.115624
v 6.106862 0.829196 -2.046547
v 7.681749 0.824098 -0.696499
v 7.727155 0.823843 -0.696457
v 7.771330 0.823758 -0.696443
v 7.857810 0.823758 -0.461986
v 7.849322 0.823758 -0.450264
v 7.833852 0.823758 -0.446356
v 5.813312 0.829196 -2.309850
v 5.814367 0.829196 -2.287467
v 5.817157 0.829196 -2.258637
v 5.831406 0.829196 -2.168744
v 5.843786 0.829196 -2.104332
v 5.859741 0.829196 -2.026774
v 5.902590 0.829196 -1.831715
v 5.928980 0.829196 -1.721953
v 5.957936 0.829196 -1.614522
v 7.465145 0.828856 -0.705678
v 7.401313 0.829111 -0.714465
v 7.324881 0.829196 -0.730633
v 7.552090 0.827497 -0.448804
v 7.582618 0.826477 -0.447263
v 7.610079 0.825457 -0.446637
v 7.136367 0.829196 -0.796628
v 7.027786 0.829196 -0.849231
v 6.913606 0.829196 -0.914772
v 6.680296 0.829196 -1.084260
v 6.569137 0.829196 -1.181289
v 6.468317 0.829196 -1.277419
v 6.188336 0.871062 -3.461965
v 6.188336 0.919714 -3.461965
v 6.188336 0.967769 -3.461965
v 5.988900 0.871062 -3.159476
v 5.988900 0.919714 -3.159476
v 5.988900 0.967769 -3.159476
v 7.640995 0.867296 -4.230267
v 7.640995 0.916902 -4.230267
v 7.640995 0.965900 -4.230267
v 7.640647 0.867296 -3.980181
v 7.640647 0.916902 -3.980181
v 7.640647 0.965900 -3.980181
v 6.370687 1.057162 -3.320371
v 6.379805 1.049753 -3.313291
v 6.382844 1.034581 -3.310931
v 6.190241 1.057162 -3.047569
v 6.200308 1.049753 -3.041974
v 6.203664 1.034581 -3.040109
v 7.860795 1.056324 -4.180260
v 7.861680 1.049269 -4.188563
v 7.861975 1.033919 -4.191331
v 7.860795 1.056324 -4.030468
v 7.861680 1.049269 -4.022164
v 7.861975 1.033919 -4.019396
v 6.676427 0.871062 -3.894830
v 6.676427 0.919714 -3.894830
v 6.676427 0.967769 -3.894830
v 6.789266 1.057162 -3.696816
v 6.794908 1.049753 -3.686915
v 6.796788 1.034581 -3.683615
v 7.194265 0.871062 -4.163360
v 7.194265 0.919714 -4.163360
v 7.194265 0.967769 -4.163360
v 7.233754 1.057162 -3.934931
v 7.235728 1.049753 -3.923510
v 7.236386 1.034581 -3.919703
v 7.511973 0.870365 -4.225075
v 7.511973 0.919194 -4.225075
v 7.511973 0.967423 -4.225075
v 7.515598 1.057140 -3.990976
v 7.515779 1.049705 -3.979271
v 7.515840 1.034477 -3.975369
v 5.879324 0.871062 -2.740820
v 5.879324 0.919714 -2.740820
v 5.879324 0.967769 -2.740819
v 6.107298 1.057162 -2.709425
v 6.118697 1.049753 -2.707856
v 6.122497 1.034581 -2.707333
v 5.822547 0.871062 -2.453675
v 5.822547 0.919714 -2.453675
v 5.822547 0.967769 -2.453675
v 6.056914 1.057162 -2.449653
v 6.068633 1.049753 -2.449452
v 6.072539 1.034581 -2.449385
v 5.813124 0.871062 -2.328862
v 5.813124 0.919714 -2.328862
v 5.813124 0.967770 -2.328862
v 6.047573 1.057162 -2.327015
v 6.059296 1.049753 -2.326922
v 6.063203 1.034581 -2.326892
v 7.808742 0.866598 -3.980320
v 7.808742 0.916382 -3.980320
v 7.808742 0.965554 -3.980320
v 7.808742 0.866598 -4.230407
v 7.808742 0.916382 -4.230407
v 7.808742 0.965554 -4.230407
v 7.833853 1.007079 -4.230407
v 7.849323 1.007079 -4.226500
v 7.857810 1.007079 -4.214777
v 7.771331 1.007079 -3.980320
v 7.727155 1.007099 -3.980306
v 7.681749 1.007159 -3.980265
v 5.817157 1.008351 -2.412223
v 5.814367 1.008351 -2.379556
v 5.813312 1.008351 -2.352745
v 6.106862 1.008351 -2.630217
v 6.092942 1.008351 -2.560844
v 6.081310 1.008351 -2.500229
v 5.859741 1.008351 -2.649989
v 5.843786 1.008351 -2.572136
v 5.831406 1.008351 -2.506839
v 6.067201 1.008351 -2.409325
v 6.064438 1.008351 -2.377354
v 6.063391 1.008351 -2.350775
v 5.957936 1.008351 -3.062241
v 5.928980 1.008351 -2.954810
v 5.902590 1.008351 -2.845048
v 6.179137 1.008351 -2.961865
v 6.157913 1.008351 -2.877455
v 6.139274 1.008351 -2.791178
v 7.609384 1.007477 -3.980042
v 7.582081 1.007715 -3.979455
v 7.552858 1.007953 -3.978028
v 7.324881 1.008351 -3.946131
v 7.401313 1.008331 -3.962299
v 7.465145 1.008271 -3.971086
v 7.296503 1.008351 -4.192805
v 7.383792 1.008331 -4.210743
v 7.455745 1.008271 -4.220418
v 7.610079 1.007477 -4.230126
v 7.582618 1.007715 -4.229500
v 7.552090 1.007953 -4.227960
v 6.913606 1.008351 -3.761992
v 7.027786 1.008351 -3.827532
v 7.136367 1.008351 -3.880136
v 6.814872 1.008351 -3.985220
v 6.949776 1.008351 -4.059890
v 7.077465 1.008351 -4.119162
v 6.287630 1.008351 -3.563055
v 6.406368 1.008351 -3.674836
v 6.538113 1.008351 -3.788399
v 7.857810 1.007079 -3.995950
v 7.849323 1.007079 -3.984228
v 7.833853 1.007079 -3.980320
v 7.864473 1.007079 -4.152255
v 7.865306 1.007079 -4.105364
v 7.864473 1.007079 -4.058472
v 7.681888 1.007159 -4.230351
v 7.727190 1.007099 -4.230393
v 7.771331 1.007079 -4.230407
v 6.021314 1.008351 -3.238649
v 6.061286 1.008351 -3.309178
v 6.114924 1.008351 -3.380478
v 6.317724 1.008351 -3.237050
v 6.268876 1.008351 -3.171452
v 6.232216 1.008351 -3.107888
v 6.468317 1.008351 -3.399345
v 6.569137 1.008351 -3.495475
v 6.680296 1.008351 -3.592504
v 6.382844 0.967769 -3.310931
v 6.382844 0.919714 -3.310931
v 6.382844 0.871062 -3.310931
v 6.203664 0.967769 -3.040109
v 6.203664 0.919714 -3.040109
v 6.203664 0.871062 -3.040109
v 7.861975 0.965554 -4.191331
v 7.861975 0.916382 -4.191331
v 7.861975 0.866598 -4.191331
v 7.861975 0.965554 -4.019396
v 7.861975 0.916382 -4.019396
v 7.861975 0.866598 -4.019396
v 6.796788 0.967769 -3.683615
v 6.796788 0.919714 -3.683615
v 6.796788 0.871062 -3.683615
v 7.236386 0.967769 -3.919703
v 7.236386 0.919714 -3.919703
v 7.236386 0.871062 -3.919703
v 7.515840 0.967423 -3.975369
v 7.515840 0.919194 -3.975369
v 7.515840 0.870365 -3.975369
v 6.122497 0.967769 -2.707333
v 6.122497 0.919714 -2.707333
v 6.122497 0.871062 -2.707333
v 6.072539 0.967769 -2.449385
v 6.072539 0.919714 -2.449385
v 6.072539 0.871062 -2.449385
v 6.063203 0.967770 -2.326892
v 6.063203 0.919714 -2.326892
v 6.063203 0.871062 -2.326892
v 6.188548 0.768286 -3.450819
v 6.188389 0.780365 -3.459178
v 6.188336 0.799480 -3.461965
v 5.996701 0.768286 -3.160051
v 5.990850 0.780365 -3.159620
v 5.988900 0.799480 -3.159476
v 7.638284 0.761902 -4.220825
v 7.640317 0.774668 -4.227906
v 7.640995 0.794308 -4.230267
v 7.638008 0.761902 -3.989653
v 7.639987 0.774668 -3.982549
v 7.640647 0.794308 -3.980181
v 6.683949 0.769741 -3.881629
v 6.678308 0.780728 -3.891530
v 6.676427 0.799480 -3.894830
v 7.196898 0.769741 -4.148131
v 7.194923 0.780728 -4.159553
v 7.194265 0.799480 -4.163360
v 7.512215 0.768675 -4.209469
v 7.512033 0.779702 -4.221174
v 7.511973 0.798522 -4.225075
v 5.894523 0.769741 -2.738727
v 5.883124 0.780729 -2.740296
v 5.879324 0.799480 -2.740819
v 5.838171 0.769741 -2.453407
v 5.826453 0.780729 -2.453608
v 5.822547 0.799480 -2.453675
v 5.828754 0.769741 -2.328739
v 5.817031 0.780729 -2.328831
v 5.813124 0.799480 -2.328862
v 7.808742 0.760752 -3.980320
v 7.808742 0.773621 -3.980320
v 7.808742 0.793351 -3.980320
v 7.808742 0.760752 -4.230407
v 7.808742 0.773621 -4.230407
v 7.808742 0.793351 -4.230407
v 6.317724 0.828692 -3.237050
v 6.268876 0.828692 -3.171452
v 6.232216 0.828692 -3.107888
v 6.021314 0.828692 -3.238649
v 6.061286 0.828692 -3.309178
v 6.114924 0.828692 -3.380478
v 7.681888 0.823583 -4.230351
v 7.727190 0.823327 -4.230393
v 7.771331 0.823242 -4.230407
v 7.864473 0.823242 -4.152255
v 7.865306 0.823242 -4.105364
v 7.864473 0.823242 -4.058472
v 7.857810 0.823242 -3.995950
v 7.849323 0.823242 -3.984228
v 7.833853 0.823242 -3.980320
v 6.287630 0.828692 -3.563055
v 6.406368 0.828692 -3.674836
v 6.538113 0.828692 -3.788399
v 6.814872 0.828692 -3.985220
v 6.949776 0.828692 -4.059890
v 7.077465 0.828692 -4.119162
v 7.296503 0.828692 -4.192805
v 7.383792 0.828607 -4.210743
v 7.455745 0.828351 -4.220418
v 7.609384 0.824945 -3.980042
v 7.582081 0.825967 -3.979455
v 7.552858 0.826989 -3.978028
v 6.179137 0.828692 -2.961865
v 6.157913 0.828692 -2.877455
v 6.139274 0.828692 -2.791178
v 6.067201 0.828692 -2.409325
v 6.064438 0.828692 -2.377354
v 6.063391 0.828692 -2.350775
v 6.106862 0.828692 -2.630217
v 6.092942 0.828692 -2.560844
v 6.081310 0.828692 -2.500229
v 7.771331 0.823242 -3.980320
v 7.727155 0.823327 -3.980306
v 7.681749 0.823583 -3.980265
v 7.833853 0.823242 -4.230407
v 7.849323 0.823242 -4.226500
v 7.857810 0.823242 -4.214777
v 5.817157 0.828692 -2.412223
v 5.814367 0.828692 -2.379556
v 5.813312 0.828692 -2.352745
v 5.859741 0.828692 -2.649990
v 5.843786 0.828692 -2.572136
v 5.831406 0.828692 -2.506839
v 5.957936 0.828692 -3.062241
v 5.928980 0.828692 -2.954810
v 5.902590 0.828692 -2.845048
v 7.324881 0.828692 -3.946131
v 7.401313 0.828607 -3.962299
v 7.465145 0.828351 -3.971086
v 7.610079 0.824944 -4.230126
v 7.582618 0.825967 -4.229500
v 7.552091 0.826988 -4.227960
v 6.913606 0.828692 -3.761992
v 7.027786 0.828692 -3.827532
v 7.136367 0.828692 -3.880136
v 6.468317 0.828692 -3.399345
v 6.569137 0.828692 -3.495475
v 6.680296 0.828692 -3.592504
v 6.635361 -0.974264 -1.774268
v 6.879587 -0.974257 -1.899695
v 7.129270 -0.974251 -2.027925
v 6.713942 -0.974264 -1.656098
v 6.958167 -0.974258 -1.781610
v 7.207850 -0.974251 -1.909928
v 7.652585 -0.883531 -2.296256
v 7.591526 -0.883533 -2.264960
v 7.495675 -0.883536 -2.215830
v 7.732014 -0.883531 -2.178196
v 7.670955 -0.883533 -2.146834
v 7.575104 -0.883536 -2.097603
v 7.436582 -0.953630 -2.005624
v 7.440633 -0.928892 -2.000185
v 7.437503 -0.904154 -2.005487
v 7.409200 -0.871171 -2.048463
v 7.387565 -0.867048 -2.080765
v 7.365823 -0.871171 -2.113065
v 7.364616 -0.986614 -2.112870
v 7.385968 -0.990737 -2.080723
v 7.407427 -0.986614 -2.048578
v 7.336668 -0.904154 -2.156018
v 7.332900 -0.928892 -2.161303
v 7.336313 -0.953630 -2.155847
v 6.644928 -0.974264 -2.897582
v 6.891953 -0.974257 -2.770717
v 7.143148 -0.974250 -2.641711
v 6.723509 -0.974264 -3.015749
v 6.970534 -0.974257 -2.888798
v 7.221729 -0.974250 -2.759703
v 7.657183 -0.883531 -2.378151
v 7.600266 -0.883533 -2.407324
v 7.507646 -0.883536 -2.454797
v 7.736612 -0.883531 -2.496206
v 7.679695 -0.883533 -2.525440
v 7.587075 -0.883535 -2.573012
v 7.451338 -0.904154 -2.664167
v 7.454469 -0.928892 -2.669468
v 7.450418 -0.953630 -2.664029
v 7.379659 -0.871171 -2.556605
v 7.401401 -0.867047 -2.588901
v 7.423035 -0.871171 -2.621198
v 7.421263 -0.986613 -2.621075
v 7.399804 -0.990736 -2.588931
v 7.378452 -0.986613 -2.556785
v 7.350149 -0.953630 -2.513815
v 7.346735 -0.928892 -2.508364
v 7.350504 -0.904154 -2.513652
v 7.130016 -0.883546 -2.028408
v 6.880333 -0.883552 -1.900430
v 6.636108 -0.883559 -1.775250
v 7.209445 -0.883546 -1.909792
v 6.959762 -0.883552 -1.781549
v 6.715537 -0.883559 -1.656109
v 6.231142 -0.974275 -1.566673
v 6.252560 -0.974274 -1.577673
v 6.313366 -0.974273 -1.608901
v 6.309722 -0.974275 -1.448361
v 6.331141 -0.974274 -1.459369
v 6.391946 -0.974273 -1.490618
v 6.423892 -0.904179 -1.688063
v 6.420123 -0.928917 -1.693106
v 6.423536 -0.953655 -1.687349
v 6.451839 -0.986638 -1.643921
v 6.473192 -0.990761 -1.611679
v 6.494650 -0.986638 -1.579494
v 6.496423 -0.871195 -1.579922
v 6.474788 -0.867072 -1.612535
v 6.453047 -0.871195 -1.645092
v 6.523805 -0.953655 -1.536523
v 6.527857 -0.928917 -1.531109
v 6.524726 -0.904179 -1.536494
v 7.143895 -0.883545 -2.641242
v 6.892700 -0.883552 -2.769995
v 6.645675 -0.883559 -2.896610
v 7.223324 -0.883545 -2.759843
v 6.972129 -0.883552 -2.888863
v 6.725104 -0.883559 -3.015740
v 6.224042 -0.974275 -3.113737
v 6.249193 -0.974274 -3.100820
v 6.314542 -0.974273 -3.067259
v 6.302622 -0.974275 -3.232051
v 6.327774 -0.974274 -3.219125
v 6.393123 -0.974273 -3.185541
v 6.429284 -0.953655 -2.986464
v 6.425871 -0.928917 -2.980710
v 6.429640 -0.904179 -2.985754
v 6.500399 -0.986638 -3.094316
v 6.478940 -0.990761 -3.062130
v 6.457588 -0.986638 -3.029889
v 6.458795 -0.871195 -3.028725
v 6.480536 -0.867072 -3.061280
v 6.502171 -0.871195 -3.093891
v 6.530474 -0.904179 -3.137316
v 6.533605 -0.928917 -3.142701
v 6.529553 -0.953655 -3.137286
v 7.861974 0.751566 -0.485432
v 7.861974 0.744133 -0.485432
v 7.861974 0.728238 -0.485432
v 7.861974 0.751566 -0.657367
v 7.861974 0.744133 -0.657367
v 7.861974 0.728238 -0.657367
v 7.651849 0.455307 -0.486277
v 7.651185 0.572494 -0.485643
v 7.650963 0.650179 -0.485432
v 7.651849 0.455307 -0.656522
v 7.651185 0.572494 -0.657156
v 7.650963 0.650179 -0.657367
v 7.808741 0.751566 -0.446356
v 7.808741 0.744133 -0.446356
v 7.808741 0.728238 -0.446356
v 7.808741 0.751566 -0.696443
v 7.808741 0.744133 -0.696443
v 7.808741 0.728238 -0.696443
v 7.685875 0.698661 -0.680813
v 7.728187 0.698661 -0.692536
v 7.771330 0.698661 -0.696443
v 7.857810 0.698661 -0.461986
v 7.849322 0.698661 -0.450264
v 7.833852 0.698661 -0.446356
v 7.771330 0.698661 -0.446356
v 7.728187 0.698661 -0.450264
v 7.685875 0.698661 -0.461986
v 7.864472 0.698661 -0.618291
v 7.865305 0.698661 -0.571400
v 7.864472 0.698661 -0.524508
v 7.630016 0.698661 -0.524508
v 7.623034 0.698661 -0.571399
v 7.630016 0.698661 -0.618291
v 7.833852 0.698661 -0.696443
v 7.849322 0.698661 -0.692536
v 7.857810 0.698661 -0.680813
v 7.861975 0.711431 -4.191331
v 7.861975 0.701701 -4.191331
v 7.861975 0.685068 -4.191331
v 7.861975 0.711431 -4.019396
v 7.861975 0.701702 -4.019396
v 7.861975 0.685068 -4.019396
v 7.651869 0.437370 -4.190468
v 7.651190 0.546453 -4.191115
v 7.650964 0.615682 -4.191331
v 7.651869 0.437370 -4.020260
v 7.651190 0.546453 -4.019612
v 7.650964 0.615682 -4.019396
v 7.808062 0.437370 -3.981576
v 7.808571 0.546453 -3.980634
v 7.808742 0.615682 -3.980320
v 7.808062 0.437370 -4.229151
v 7.808571 0.546453 -4.230093
v 7.808742 0.615682 -4.230407
v 7.833853 0.657679 -4.230407
v 7.849323 0.657679 -4.226500
v 7.857810 0.657679 -4.214777
v 7.771331 0.657679 -3.980320
v 7.728187 0.657679 -3.984228
v 7.685876 0.657679 -3.995951
v 7.857810 0.657679 -3.995950
v 7.849323 0.657679 -3.984228
v 7.833853 0.657679 -3.980320
v 7.630016 0.657679 -4.058473
v 7.623034 0.657679 -4.105364
v 7.630016 0.657679 -4.152255
v 7.864473 0.657679 -4.152255
v 7.865306 0.657679 -4.105364
v 7.864473 0.657679 -4.058472
v 7.685876 0.657679 -4.214777
v 7.728187 0.657679 -4.226500
v 7.771331 0.657679 -4.230407
v 6.172085 -2.557921 -3.172885
v 6.091888 -2.557921 -3.226146
v 6.145149 -2.557921 -3.306343
v 6.225346 -2.557921 -3.253081
v 6.177044 -2.189333 -3.148312
v 6.067316 -2.189333 -3.221186
v 6.140190 -2.189333 -3.330915
v 6.249918 -2.189333 -3.258041
v 6.181234 -0.983222 -3.127312
v 6.060325 -0.977851 -3.219776
v 6.270900 -0.983222 -3.262324
v 6.138779 -0.977851 -3.337905
v 6.182069 0.283597 -3.123415
v 6.042419 0.283597 -3.216162
v 6.274815 0.283597 -3.263066
v 6.135165 0.283597 -3.355812
v 6.170107 1.060101 -3.058760
v 6.022457 1.060101 -3.140825
v 6.352452 1.060101 -3.334530
v 6.218728 1.060101 -3.438365
v 7.830674 -2.557922 -4.057228
v 7.688016 -2.557922 -4.057228
v 7.688016 -2.557922 -4.153500
v 7.830674 -2.557922 -4.153500
v 7.833704 -2.189377 -4.039502
v 7.672043 -2.189377 -4.039502
v 7.672043 -2.189377 -4.171225
v 7.833704 -2.189377 -4.171225
v 7.841783 -0.983699 -4.022587
v 7.657720 -0.983699 -4.022587
v 7.840784 -0.978548 -4.176260
v 7.666764 -0.978548 -4.176261
v 7.858939 0.275807 -4.021555
v 7.653227 0.275807 -4.021555
v 7.858939 0.275807 -4.189172
v 7.653227 0.275807 -4.189172
v 7.859600 1.058318 -4.041684
v 7.640702 1.060043 -4.019257
v 7.859600 1.058318 -4.169044
v 7.640941 1.060043 -4.191191
v 7.656522 -0.879902 -4.021306
v 7.665753 -0.885779 -4.177225
v 7.843321 -0.879902 -4.021306
v 7.842140 -0.885779 -4.177225
v 6.058938 -0.881700 -3.219496
v 6.138499 -0.881700 -3.339293
v 6.181680 -0.875791 -3.125584
v 6.272666 -0.875791 -3.262583
v 6.207200 -0.974276 -3.122386
v 6.285781 -0.974276 -3.240706
v 6.287375 -0.883570 -3.240568
v 6.207947 -0.883570 -3.120972
v 7.695502 -0.974235 -2.358038
v 7.774083 -0.974235 -2.475837
v 7.775678 -0.883530 -2.476141
v 7.696249 -0.883530 -2.358127
v 6.188773 0.759645 -3.430374
v 6.345973 0.759645 -3.315622
v 6.177522 0.759645 -3.061154
v 6.010728 0.759645 -3.160909
v 7.633096 0.751984 -4.203552
v 7.861975 0.751441 -4.191331
v 7.861975 0.751441 -4.019396
v 7.632932 0.751984 -4.006984
v 6.695233 1.060101 -3.861828
v 6.777982 1.060101 -3.716618
v 6.695233 0.763820 -3.861828
v 6.777982 0.763820 -3.716618
v 7.200847 1.060101 -4.125288
v 7.229805 1.060101 -3.957774
v 7.200846 0.763820 -4.125288
v 7.229805 0.763820 -3.957774
v 7.512578 1.060090 -4.186059
v 7.515235 1.060090 -4.014386
v 7.512578 0.762733 -4.186059
v 7.515235 0.762733 -4.014386
v 6.084501 1.060101 -2.712565
v 5.917320 1.060101 -2.735587
v 5.917320 0.763820 -2.735587
v 6.084501 0.763820 -2.712565
v 6.033478 1.060101 -2.450055
v 5.861608 1.060101 -2.453004
v 5.861608 0.763820 -2.453004
v 6.033478 0.763820 -2.450055
v 6.024128 1.060101 -2.327199
v 5.852199 1.060101 -2.328554
v 5.852199 0.763819 -2.328554
v 6.024128 0.763819 -2.327199
v 6.172085 -2.555860 -1.503879
v 6.091888 -2.555860 -1.450618
v 6.145149 -2.555860 -1.370421
v 6.225346 -2.555860 -1.423682
v 6.177045 -2.186958 -1.528458
v 6.067309 -2.186958 -1.455578
v 6.140189 -2.186958 -1.345842
v 6.249925 -2.186958 -1.418722
v 6.181235 -0.982494 -1.549456
v 6.060319 -0.976789 -1.456989
v 6.270904 -0.982494 -1.414439
v 6.138778 -0.976789 -1.338852
v 6.182073 0.285759 -1.553370
v 6.042397 0.285759 -1.460606
v 6.274837 0.285759 -1.413693
v 6.135160 0.285759 -1.320930
v 6.170107 1.062061 -1.618003
v 6.022457 1.062060 -1.535939
v 6.352452 1.062061 -1.342234
v 6.218728 1.062060 -1.238398
v 7.830673 -2.557774 -0.619535
v 7.688016 -2.557774 -0.619535
v 7.688016 -2.557774 -0.523264
v 7.830673 -2.557774 -0.523264
v 7.833705 -2.188992 -0.637262
v 7.672042 -2.188992 -0.637262
v 7.672042 -2.188992 -0.505537
v 7.833705 -2.188992 -0.505537
v 7.841784 -0.983499 -0.654490
v 7.657719 -0.983499 -0.654490
v 7.840786 -0.978256 -0.500502
v 7.666762 -0.978256 -0.500502
v 7.859005 0.288322 -0.655255
v 7.653177 0.288322 -0.655255
v 7.859005 0.288322 -0.487544
v 7.653177 0.288322 -0.487544
v 7.859599 1.061466 -0.635079
v 7.640701 1.062041 -0.657506
v 7.859599 1.061466 -0.507720
v 7.640941 1.062041 -0.485573
v 7.656487 -0.876866 -0.655784
v 7.665703 -0.881347 -0.499491
v 7.843367 -0.876866 -0.655784
v 7.842206 -0.881347 -0.499491
v 7.840815 -0.974928 -2.338839
v 7.666662 -0.974928 -2.338839
v 7.665854 -0.887095 -2.338811
v 7.842110 -0.887095 -2.338811
v 6.058916 -0.880212 -1.457272
v 6.138494 -0.880212 -1.337449
v 6.181683 -0.874773 -1.551195
v 6.272681 -0.874773 -1.414177
v 6.209571 -0.974276 -1.555595
v 6.288152 -0.974276 -1.437276
v 6.289746 -0.883570 -1.437414
v 6.210318 -0.883570 -1.557007
v 7.695502 -0.974235 -2.318726
v 7.774083 -0.974235 -2.200926
v 7.775678 -0.883530 -2.200622
v 7.696249 -0.883530 -2.318636
v 6.188773 0.759880 -1.246389
v 6.345973 0.759880 -1.361142
v 6.177522 0.759880 -1.615610
v 6.010727 0.759880 -1.515854
v 7.633096 0.754944 -0.473211
v 7.861974 0.755761 -0.485432
v 7.861974 0.755761 -0.657367
v 7.632931 0.754944 -0.669779
v 6.695233 1.062061 -0.814936
v 6.777982 1.062061 -0.960146
v 6.695233 0.763489 -0.814936
v 6.777982 0.763489 -0.960146
v 7.200846 1.062061 -0.551475
v 7.229805 1.062061 -0.718989
v 7.200846 0.763489 -0.551475
v 7.229805 0.763489 -0.718989
v 7.512577 1.062057 -0.490705
v 7.515235 1.062057 -0.662377
v 7.512577 0.762400 -0.490705
v 7.515235 0.762401 -0.662378
v 6.084501 1.062061 -1.964199
v 5.917320 1.062061 -1.941176
v 5.917320 0.763489 -1.941176
v 6.084501 0.763489 -1.964199
v 6.033478 1.062061 -2.223757
v 5.861608 1.062061 -2.220808
v 5.861608 0.763489 -2.220808
v 6.033478 0.763489 -2.223757
v 6.024128 1.062060 -2.330673
v 5.852199 1.062060 -2.329318
v 5.852199 0.763489 -2.329318
v 6.024128 0.763489 -2.330673
v 6.277790 0.696135 -1.413098
v 6.182669 0.696135 -1.556323
v 6.134564 0.696135 -1.317977
v 6.039443 0.696135 -1.461202
v 6.277791 0.693168 -3.263666
v 6.182670 0.693168 -3.120440
v 6.134565 0.693168 -3.358787
v 6.039444 0.693168 -3.215561
v 7.861975 0.718107 -4.191331
v 7.861975 0.718107 -4.019396
v 7.650964 0.718107 -4.191331
v 7.650964 0.718107 -4.019396
v 7.667976 -1.227033 -4.035623
v 7.667976 -1.227033 -4.175104
v 7.839158 -1.227033 -4.035623
v 7.839158 -1.227033 -4.175104
v 7.663201 -0.657331 -4.031069
v 7.845562 -0.657331 -4.031069
v 7.663201 -0.657331 -4.179658
v 7.845562 -0.657331 -4.179658
v 7.665854 -0.887095 -3.729464
v 7.842110 -0.887095 -3.729464
v 7.840816 -0.974928 -3.730602
v 7.666662 -0.974928 -3.730602
v 7.665854 -0.887095 -0.949188
v 7.842110 -0.887095 -0.949188
v 7.840815 -0.974928 -0.948172
v 7.666661 -0.974928 -0.948171
v 7.667971 -1.225750 -0.641145
v 7.667971 -1.225750 -0.501654
v 7.839165 -1.225750 -0.641146
v 7.839165 -1.225750 -0.501654
v 7.662983 -0.637825 -0.645902
v 7.845853 -0.637825 -0.645903
v 7.662983 -0.637825 -0.496897
v 7.845854 -0.637825 -0.496897
v 6.055537 -0.651361 -3.218809
v 6.179421 -0.651361 -3.136533
v 6.137813 -0.651361 -3.342694
v 6.261697 -0.651361 -3.260418
v 6.061937 -1.226839 -3.220101
v 6.139104 -1.226839 -3.336293
v 6.178130 -1.226839 -3.142934
v 6.255297 -1.226839 -3.259126
v 6.219313 -0.974275 -3.116166
v 6.220059 -0.883570 -3.114764
v 6.297894 -0.974275 -3.234481
v 6.299488 -0.883570 -3.234346
v 6.061911 -1.222165 -1.456668
v 6.139099 -1.222165 -1.340443
v 6.178135 -1.222165 -1.533856
v 6.255323 -1.222165 -1.417632
v 6.055440 -0.644816 -1.457974
v 6.179441 -0.644816 -1.540327
v 6.137793 -0.644816 -1.333973
v 6.261794 -0.644816 -1.416326
v 6.228553 -0.974275 -1.565344
v 6.229300 -0.883570 -1.566736
v 6.307134 -0.974275 -1.447031
v 6.308728 -0.883570 -1.447163
v 6.176798 -2.504962 -1.527234
v 6.068533 -2.504962 -1.455331
v 6.140436 -2.504962 -1.347066
v 6.248701 -2.504962 -1.418968
v 6.176798 -2.510739 -3.149529
v 6.068533 -2.510739 -3.221432
v 6.140436 -2.510739 -3.329698
v 6.248701 -2.510739 -3.257795
v 7.832469 -2.510739 -4.040380
v 7.672964 -2.510739 -4.040380
v 7.672964 -2.510739 -4.170347
v 7.832469 -2.510739 -4.170347
v 7.832469 -2.510326 -0.636383
v 7.672964 -2.510326 -0.636383
v 7.672964 -2.510326 -0.506416
v 7.832469 -2.510326 -0.506416
v 7.792229 -2.561478 -4.040380
v 7.792229 -2.561478 -4.170347
v 7.792921 -2.189377 -4.009565
v 7.792921 -2.189377 -4.201162
v 7.796715 -0.998510 -3.999903
v 7.796883 -0.978548 -4.208487
v 7.807043 0.275807 -3.983460
v 7.807043 0.275807 -4.227267
v 7.808742 1.060033 -4.019396
v 7.808742 1.060033 -4.191331
v 7.797642 -0.885779 -4.209889
v 7.797809 -0.865817 -3.997885
v 7.796727 -0.994890 -2.338845
v 7.797798 -0.867132 -2.338804
v 7.808742 0.751441 -3.980320
v 7.808742 0.751441 -4.230407
v 7.792229 -2.561384 -0.636383
v 7.792229 -2.561384 -0.506416
v 7.792921 -2.188992 -0.667200
v 7.792921 -2.188992 -0.475599
v 7.796716 -0.998219 -0.677325
v 7.796884 -0.978256 -0.468275
v 7.807079 0.288322 -0.693372
v 7.807079 0.288322 -0.449428
v 7.808741 1.062037 -0.657367
v 7.808741 1.062037 -0.485432
v 7.797678 -0.881347 -0.466805
v 7.797846 -0.861384 -0.679370
v 7.808741 0.755761 -0.696443
v 7.808741 0.755761 -0.446356
v 7.808742 0.718107 -4.230407
v 7.808742 0.718107 -3.980320
v 7.795973 -1.227033 -4.206804
v 7.795973 -1.227033 -4.003923
v 7.799556 -0.657331 -4.213429
v 7.799556 -0.657331 -3.997298
v 7.796727 -0.994890 -3.730861
v 7.797798 -0.867132 -3.729205
v 7.796727 -0.994890 -0.947941
v 7.797798 -0.867132 -0.949419
v 7.795977 -1.225750 -0.469951
v 7.795977 -1.225750 -0.672848
v 7.799720 -0.637826 -0.463032
v 7.799719 -0.637826 -0.679767
v 7.792229 -2.510739 -4.199885
v 7.792229 -2.510739 -4.010842
v 7.792229 -2.510326 -0.476878
v 7.792229 -2.510326 -0.665921
v 6.188336 1.016642 -1.214799
v 5.988900 1.016642 -1.517288
v 7.640995 1.015731 -0.446497
v 7.640647 1.015731 -0.696582
v 6.382844 1.016642 -1.365833
v 6.203664 1.016642 -1.636655
v 7.861974 1.015563 -0.485432
v 7.861974 1.015562 -0.657367
v 6.676426 1.016642 -0.781933
v 6.796788 1.016642 -0.993149
v 7.194264 1.016642 -0.513404
v 7.236386 1.016642 -0.757061
v 7.511973 1.016473 -0.451688
v 7.515840 1.016473 -0.701394
v 5.879324 1.016642 -1.935944
v 6.122497 1.016642 -1.969431
v 5.822547 1.016642 -2.220137
v 6.072539 1.016642 -2.224427
v 5.813124 1.016642 -2.329010
v 6.063203 1.016642 -2.330981
v 7.808741 1.015562 -0.696443
v 7.808741 1.015562 -0.446356
v 6.382844 0.829196 -1.365833
v 6.203664 0.829196 -1.636655
v 7.861974 0.823758 -0.485432
v 7.861974 0.823758 -0.657367
v 6.796788 0.829196 -0.993149
v 7.236386 0.829196 -0.757061
v 7.515840 0.828346 -0.701394
v 6.122497 0.829196 -1.969431
v 6.072539 0.829196 -2.224427
v 6.063203 0.829196 -2.330981
v 7.808741 0.823758 -0.696443
v 7.808741 0.823758 -0.446356
v 6.188336 0.829196 -1.214799
v 5.988900 0.829196 -1.517288
v 7.640995 0.824608 -0.446497
v 7.640647 0.824608 -0.696582
v 6.676426 0.829196 -0.781933
v 7.194265 0.829196 -0.513404
v 7.511973 0.828346 -0.451688
v 5.879324 0.829196 -1.935944
v 5.822547 0.829196 -2.220137
v 5.813124 0.829196 -2.329010
v 6.188336 1.008351 -3.461965
v 5.988900 1.008351 -3.159476
v 7.640995 1.007278 -4.230267
v 7.640647 1.007278 -3.980181
v 6.382844 1.008351 -3.310931
v 6.203664 1.008351 -3.040109
v 7.861975 1.007079 -4.191331
v 7.861975 1.007079 -4.019396
v 6.676427 1.008351 -3.894830
v 6.796788 1.008351 -3.683615
v 7.194265 1.008351 -4.163360
v 7.236386 1.008351 -3.919703
v 7.511973 1.008152 -4.225075
v 7.515840 1.008152 -3.975369
v 5.879324 1.008351 -2.740820
v 6.122497 1.008351 -2.707333
v 5.822547 1.008351 -2.453675
v 6.072539 1.008351 -2.449385
v 5.813124 1.008351 -2.328862
v 6.063203 1.008351 -2.326892
v 7.808742 1.007079 -3.980320
v 7.808742 1.007079 -4.230407
v 6.382844 0.828692 -3.310931
v 6.203664 0.828692 -3.040109
v 7.861975 0.823242 -4.191331
v 7.861975 0.823242 -4.019396
v 6.796788 0.828692 -3.683615
v 7.236386 0.828692 -3.919703
v 7.515840 0.827840 -3.975369
v 6.122497 0.828692 -2.707333
v 6.072539 0.828692 -2.449385
v 6.063203 0.828692 -2.326892
v 6.188336 0.828692 -3.461965
v 5.988900 0.828692 -3.159476
v 7.640995 0.824094 -4.230267
v 7.640647 0.824093 -3.980181
v 6.676427 0.828692 -3.894830
v 7.194265 0.828692 -4.163360
v 7.511973 0.827840 -4.225075
v 5.879324 0.828692 -2.740820
v 5.822547 0.828692 -2.453675
v 5.813124 0.828692 -2.328862
v 7.808742 0.823242 -3.980320
v 7.808742 0.823242 -4.230407
v 7.346891 -0.974245 -2.139689
v 7.425471 -0.974245 -2.021768
v 7.347637 -0.883540 -2.139952
v 7.427066 -0.883540 -2.021567
v 7.360726 -0.974245 -2.529969
v 7.439307 -0.974245 -2.647885
v 7.361473 -0.883539 -2.529720
v 7.440902 -0.883539 -2.648090
v 6.434861 -0.883564 -1.672099
v 6.514289 -0.883564 -1.552744
v 6.434114 -0.974270 -1.670914
v 6.512695 -0.974270 -1.552673
v 6.440609 -0.883564 -3.001719
v 6.520038 -0.883564 -3.121067
v 6.439862 -0.974269 -3.002898
v 6.518443 -0.974269 -3.121136
v 7.861974 0.698661 -0.485432
v 7.861974 0.698661 -0.657367
v 7.650963 0.698661 -0.485432
v 7.650963 0.698661 -0.657367
v 7.808741 0.698661 -0.446356
v 7.808741 0.698661 -0.696443
v 7.861975 0.657679 -4.191331
v 7.861975 0.657679 -4.019396
v 7.650964 0.657679 -4.191331
v 7.650964 0.657679 -4.019396
v 7.808742 0.657679 -3.980320
v 7.808742 0.657679 -4.230407
v 7.513927 -0.737732 -0.697056
v 7.352704 -0.736769 -0.695756
v 7.210373 -0.735334 -0.701103
v 7.072564 -0.733982 -0.722589
v 6.940217 -0.733291 -0.774934
v 6.814238 -0.733291 -0.857240
v 6.695485 -0.733291 -0.949670
v 6.584770 -0.733291 -1.051590
v 6.482850 -0.733291 -1.162305
v 6.390421 -0.733291 -1.281058
v 6.308114 -0.733291 -1.407038
v 6.236492 -0.733291 -1.539385
v 6.176043 -0.733291 -1.677195
v 6.127181 -0.733291 -1.819525
v 6.090240 -0.733291 -1.965405
v 6.065471 -0.733291 -2.113836
v 6.049952 -0.733291 -2.338571
v 6.053045 -0.733291 -2.414290
v 6.065472 -0.733291 -2.564260
v 6.090241 -0.733291 -2.712692
v 6.127182 -0.733291 -2.858571
v 6.176045 -0.733291 -3.000902
v 6.236494 -0.733291 -3.138711
v 6.308117 -0.733291 -3.271057
v 6.390424 -0.733291 -3.397038
v 6.482853 -0.733291 -3.515790
v 6.584774 -0.733291 -3.626505
v 6.695488 -0.733291 -3.728425
v 6.814241 -0.733291 -3.820853
v 6.940222 -0.733291 -3.903160
v 7.072569 -0.733982 -3.955504
v 7.210378 -0.735334 -3.976990
v 7.352709 -0.736769 -3.982336
v 7.792445 -0.738326 -3.984300
v 6.744514 -0.858969 -3.421785
v 7.803813 -0.738350 -3.974165
v 6.054611 -0.725770 -2.301991
v 6.065472 -0.725770 -2.562855
v 6.090241 -0.725770 -2.710360
v 6.127182 -0.725770 -2.855329
v 6.176045 -0.725770 -2.996771
v 6.236494 -0.725770 -3.133720
v 6.308117 -0.725770 -3.265241
v 6.390424 -0.725770 -3.390435
v 6.482853 -0.725770 -3.508447
v 6.584774 -0.725770 -3.618470
v 6.695488 -0.725770 -3.719754
v 6.814241 -0.725770 -3.811606
v 6.940222 -0.725770 -3.893399
v 7.072569 -0.726548 -3.945416
v 7.210378 -0.728070 -3.966768
v 7.352709 -0.729685 -3.972081
v 7.792445 -0.731438 -3.974032
v 7.792439 -0.731438 -0.721612
v 7.352704 -0.729685 -0.723544
v 7.210373 -0.728070 -0.728800
v 7.072565 -0.726548 -0.749922
v 6.940218 -0.725770 -0.801382
v 6.814238 -0.725770 -0.882297
v 6.695485 -0.725770 -0.973164
v 6.584770 -0.725770 -1.073361
v 6.482850 -0.725770 -1.182203
v 6.390421 -0.725770 -1.298948
v 6.308114 -0.725770 -1.422798
v 6.236492 -0.725770 -1.552907
v 6.176043 -0.725770 -1.688386
v 6.127181 -0.725770 -1.828310
v 6.090240 -0.725770 -1.971723
v 6.065471 -0.725770 -2.117644
v 7.803808 -0.738350 -0.721481
v 7.792442 -0.731438 -2.356599
v 7.352706 -0.729685 -2.356578
v 7.210376 -0.728070 -2.356521
v 7.072567 -0.726548 -2.356292
v 6.940220 -0.725770 -2.355734
v 6.814240 -0.725770 -2.354856
v 6.695487 -0.725770 -2.353870
v 6.584772 -0.725770 -2.352783
v 6.482852 -0.725770 -2.351602
v 6.390422 -0.725770 -2.350335
v 6.308115 -0.725770 -2.348991
v 6.236493 -0.725770 -2.347579
v 6.176044 -0.725770 -2.346109
v 6.127182 -0.725770 -2.344591
v 6.090240 -0.725770 -2.343035
v 6.065472 -0.725770 -2.341451
v 6.053054 -0.725770 -2.413582
v 7.803810 -0.738350 -2.356600
v 6.824233 -0.858710 -1.331675
v 6.053064 -0.733291 -2.263329
v 6.053064 -0.854927 -2.263329
v 7.803810 -0.849696 -2.356600
v 7.803808 -0.849696 -0.721481
v 7.803813 -0.849696 -3.974165
v 7.792445 -0.849721 -3.984300
v 7.352709 -0.851331 -3.982336
v 7.210378 -0.852815 -3.976990
v 7.072569 -0.854213 -3.955504
v 6.940222 -0.854927 -3.903160
v 6.814241 -0.854927 -3.820853
v 6.695488 -0.854927 -3.728425
v 6.584774 -0.854927 -3.626505
v 6.482853 -0.854927 -3.515790
v 6.390424 -0.854927 -3.397038
v 6.308117 -0.854927 -3.271057
v 6.236494 -0.854927 -3.138711
v 6.176045 -0.854927 -3.000902
v 6.127182 -0.854927 -2.858571
v 6.090241 -0.854927 -2.712692
v 6.065472 -0.854927 -2.564260
v 6.053045 -0.854927 -2.414290
v 6.049952 -0.854927 -2.338571
v 6.065471 -0.854927 -2.113836
v 6.090240 -0.854927 -1.965405
v 6.127181 -0.854927 -1.819525
v 6.176043 -0.854927 -1.677195
v 6.236492 -0.854927 -1.539385
v 6.308114 -0.854927 -1.407038
v 6.390421 -0.854927 -1.281058
v 6.482850 -0.854927 -1.162305
v 6.584770 -0.854927 -1.051590
v 6.695485 -0.854927 -0.949670
v 6.814238 -0.854927 -0.857240
v 6.940217 -0.854927 -0.774934
v 7.072564 -0.854213 -0.722589
v 7.210373 -0.852815 -0.701103
v 7.352704 -0.851331 -0.695756
v 7.513927 -0.850335 -0.697056
v 7.792439 -0.849721 -0.693792
v 7.692029 -0.849942 -3.983123
v 7.692026 -0.731197 -2.356586
v 7.692024 -0.731197 -0.722769
v 7.692029 -0.731197 -3.972863
v 7.692029 -0.738112 -3.983123
v 7.792439 -0.738326 -0.693792
v 7.513933 -0.737732 -3.981036
v 7.513933 -0.730770 -3.970789
v 7.513927 -0.730770 -0.724821
v 7.513930 -0.730770 -2.356564
v 7.513933 -0.850335 -3.981036
v 7.692024 -0.849942 -0.694969
v 7.692024 -0.738112 -0.694969
v 7.692024 -0.794966 -0.694969
v 7.513933 -0.794978 -3.981036
v 7.792439 -0.794958 -0.693792
v 7.692029 -0.794966 -3.983123
v 6.053064 -0.795130 -2.263329
v 7.803810 -0.794957 -2.356600
v 7.803808 -0.794957 -0.721481
v 7.803813 -0.794957 -3.974165
v 7.792445 -0.794958 -3.984300
v 7.352709 -0.795011 -3.982336
v 7.210378 -0.795060 -3.976990
v 7.072569 -0.795106 -3.955504
v 6.940222 -0.795130 -3.903160
v 6.814241 -0.795130 -3.820853
v 6.695488 -0.795130 -3.728425
v 6.584774 -0.795130 -3.626505
v 6.482853 -0.795130 -3.515790
v 6.390424 -0.795130 -3.397038
v 6.308117 -0.795130 -3.271057
v 6.236494 -0.795130 -3.138711
v 6.176045 -0.795130 -3.000902
v 6.127182 -0.795130 -2.858571
v 6.090241 -0.795130 -2.712692
v 6.065472 -0.795130 -2.564260
v 6.053045 -0.795130 -2.414290
v 6.049952 -0.795130 -2.338571
v 6.065471 -0.795130 -2.113836
v 6.090240 -0.795130 -1.965405
v 6.127181 -0.795130 -1.819525
v 6.176043 -0.795130 -1.677195
v 6.236492 -0.795130 -1.539385
v 6.308114 -0.795130 -1.407038
v 6.390421 -0.795130 -1.281058
v 6.482850 -0.795130 -1.162305
v 6.584770 -0.795130 -1.051590
v 6.695485 -0.795130 -0.949670
v 6.814238 -0.795130 -0.857240
v 6.940217 -0.795130 -0.774934
v 7.072564 -0.795106 -0.722589
v 7.210373 -0.795060 -0.701103
v 7.352704 -0.795011 -0.695756
v 7.513927 -0.794978 -0.697056
v 7.800965 -0.849702 -0.700647
v 7.341504 -0.854965 -0.855711
v 7.792439 -0.733160 -0.700747
v 7.429098 -0.850682 -0.697253
v 7.220586 -0.855756 -0.854736
v 7.352704 -0.731456 -0.702703
v 7.281034 -0.852102 -0.695921
v 7.113838 -0.856935 -0.858746
v 7.210373 -0.729886 -0.708027
v 7.140844 -0.853506 -0.710319
v 7.010481 -0.858045 -0.874860
v 7.072565 -0.728407 -0.729422
v 7.005651 -0.854748 -0.742573
v 6.911222 -0.858613 -0.914119
v 6.940217 -0.727651 -0.781546
v 6.876377 -0.854927 -0.814785
v 6.816736 -0.858613 -0.975849
v 6.814238 -0.727651 -0.863505
v 6.753905 -0.854927 -0.902227
v 6.727672 -0.858613 -1.045171
v 6.695485 -0.727651 -0.955543
v 6.639073 -0.854927 -0.999485
v 6.644636 -0.858613 -1.121611
v 6.584770 -0.727651 -1.057033
v 6.532665 -0.854927 -1.105894
v 6.568195 -0.858613 -1.204648
v 6.482850 -0.727651 -1.167279
v 6.435408 -0.854927 -1.220726
v 6.498874 -0.858613 -1.293712
v 6.390421 -0.727651 -1.285531
v 6.347965 -0.854927 -1.343197
v 6.437144 -0.858613 -1.388198
v 6.308114 -0.727651 -1.410978
v 6.270934 -0.854927 -1.472471
v 6.383427 -0.858613 -1.487458
v 6.236492 -0.727651 -1.542766
v 6.204842 -0.854927 -1.607665
v 6.338090 -0.858613 -1.590815
v 6.176043 -0.727651 -1.679992
v 6.150140 -0.854927 -1.747855
v 6.301444 -0.858613 -1.697563
v 6.127181 -0.727651 -1.821721
v 6.107202 -0.854927 -1.892083
v 6.273738 -0.858613 -1.806972
v 6.090240 -0.727651 -1.966984
v 6.076321 -0.854927 -2.039364
v 6.255161 -0.858613 -1.918296
v 6.065471 -0.727651 -2.114788
v 6.057712 -0.854927 -2.188573
v 6.223593 -0.858677 -2.609374
v 6.053451 -0.727651 -2.272994
v 6.050715 -0.854927 -2.357739
v 6.225912 -0.858677 -2.666164
v 6.053047 -0.727651 -2.414113
v 6.057707 -0.854927 -2.489404
v 6.235232 -0.858677 -2.778641
v 6.065472 -0.727651 -2.563909
v 6.076322 -0.854927 -2.638732
v 6.253809 -0.858677 -2.889965
v 6.090241 -0.727651 -2.712109
v 6.107203 -0.854927 -2.786014
v 6.281516 -0.858677 -2.999375
v 6.127182 -0.727651 -2.857761
v 6.150142 -0.854927 -2.930242
v 6.318162 -0.858677 -3.106122
v 6.176045 -0.727651 -2.999869
v 6.204844 -0.854927 -3.070431
v 6.363499 -0.858677 -3.209479
v 6.236494 -0.727651 -3.137463
v 6.270937 -0.854927 -3.205625
v 6.417216 -0.858677 -3.308739
v 6.308117 -0.727651 -3.269603
v 6.347968 -0.854927 -3.334898
v 6.478947 -0.858677 -3.403224
v 6.390424 -0.727651 -3.395387
v 6.435411 -0.854927 -3.457370
v 6.548269 -0.858677 -3.492289
v 6.482853 -0.727651 -3.513954
v 6.532669 -0.854927 -3.572201
v 6.624709 -0.858677 -3.575325
v 6.584774 -0.727651 -3.624496
v 6.639077 -0.854927 -3.678610
v 6.707745 -0.858677 -3.651765
v 6.695488 -0.727651 -3.726257
v 6.753909 -0.854927 -3.775867
v 6.796810 -0.858677 -3.721086
v 6.814241 -0.727651 -3.818542
v 6.876381 -0.854927 -3.863309
v 6.891295 -0.858677 -3.782816
v 6.940222 -0.727651 -3.900720
v 7.005655 -0.854748 -3.935520
v 6.990555 -0.858110 -3.822074
v 7.072569 -0.728407 -3.952982
v 7.140849 -0.853506 -3.967774
v 7.093912 -0.856999 -3.838189
v 7.210378 -0.729886 -3.974434
v 7.281038 -0.852102 -3.982172
v 7.200660 -0.855821 -3.842199
v 7.352709 -0.731456 -3.979773
v 7.429102 -0.850682 -3.980840
v 7.530462 -0.854542 -3.843671
v 7.513933 -0.732510 -3.978475
v 7.800971 -0.849702 -3.981833
v 7.538988 -0.854522 -3.836070
v 6.057710 -0.725770 -2.488406
v 6.076322 -0.725770 -2.636862
v 6.107203 -0.725770 -2.783224
v 6.150142 -0.725770 -2.926552
v 6.204844 -0.725770 -3.065867
v 6.270937 -0.725770 -3.200217
v 6.347968 -0.725770 -3.328684
v 6.435411 -0.725770 -3.450390
v 6.532669 -0.725770 -3.564506
v 6.639078 -0.725770 -3.670250
v 6.753909 -0.725770 -3.766900
v 6.876381 -0.725770 -3.853797
v 7.005655 -0.725965 -3.925557
v 7.140849 -0.727317 -3.957609
v 7.281038 -0.728846 -3.971917
v 7.800971 -0.733179 -3.974132
v 7.429102 -0.730392 -3.970594
v 7.558914 -0.854457 -0.874030
v 6.058099 -0.725770 -2.200463
v 6.076321 -0.725770 -2.044432
v 6.107202 -0.725770 -1.899641
v 6.150140 -0.725770 -1.757851
v 6.204842 -0.725770 -1.620032
v 6.270934 -0.725770 -1.487125
v 6.347965 -0.725770 -1.360037
v 6.435408 -0.725770 -1.239636
v 6.532665 -0.725770 -1.126746
v 6.639073 -0.725770 -1.022137
v 6.753905 -0.725770 -0.926523
v 6.876377 -0.725770 -0.840559
v 7.005651 -0.725965 -0.769569
v 7.140844 -0.727317 -0.737860
v 7.281034 -0.728846 -0.723706
v 7.800965 -0.733179 -0.721514
v 7.429098 -0.730392 -0.725015
v 7.513928 -0.730770 -1.146639
v 7.352705 -0.729685 -1.145696
v 7.210374 -0.728070 -1.149578
v 7.072565 -0.726548 -1.165182
v 6.940218 -0.725770 -1.203194
v 6.814238 -0.725770 -1.262965
v 6.695485 -0.725770 -1.330087
v 6.584770 -0.725770 -1.404101
v 6.482851 -0.725770 -1.484502
v 6.390421 -0.725770 -1.570740
v 6.308114 -0.725770 -1.662226
v 6.236492 -0.725770 -1.758336
v 6.176043 -0.725770 -1.858413
v 6.127182 -0.725770 -1.961773
v 6.090240 -0.725770 -2.067710
v 6.065471 -0.725770 -2.175500
v 7.803808 -0.738350 -1.144172
v 6.245856 -0.858613 -2.030415
v 6.050728 -0.727651 -2.357323
v 7.558916 -0.854457 -2.100369
v 6.058099 -0.725770 -2.331187
v 6.076321 -0.725770 -2.342246
v 6.107203 -0.725770 -2.343817
v 6.150141 -0.725770 -2.345356
v 6.204844 -0.725770 -2.346851
v 6.270936 -0.725770 -2.348293
v 6.347966 -0.725770 -2.349673
v 6.435409 -0.725770 -2.350979
v 6.532667 -0.725770 -2.352204
v 6.639075 -0.725770 -2.353339
v 6.753907 -0.725770 -2.354376
v 6.876379 -0.725770 -2.355309
v 7.005652 -0.725965 -2.356079
v 7.140846 -0.727317 -2.356423
v 7.281036 -0.728846 -2.356576
v 7.800968 -0.733179 -2.356600
v 7.429100 -0.730392 -2.356562
v 7.513932 -0.730770 -3.562109
v 7.352708 -0.729685 -3.563078
v 7.210378 -0.728070 -3.559095
v 7.072568 -0.726548 -3.543092
v 6.940222 -0.725770 -3.504102
v 6.814241 -0.725770 -3.442795
v 6.695488 -0.725770 -3.373948
v 6.584774 -0.725770 -3.298031
v 6.482853 -0.725770 -3.215564
v 6.390424 -0.725770 -3.127109
v 6.308116 -0.725770 -3.033270
v 6.236494 -0.725770 -2.934690
v 6.176045 -0.725770 -2.832041
v 6.127182 -0.725770 -2.726023
v 6.090240 -0.725770 -2.617363
v 6.065472 -0.725770 -2.506801
v 6.053448 -0.725770 -2.385330
v 7.803812 -0.738350 -3.564640
v 6.855633 -0.858199 -2.763863
v 6.050740 -0.854927 -2.319521
v 7.800965 -0.794958 -0.700647
v 7.429098 -0.794990 -0.697253
v 7.281034 -0.795037 -0.695921
v 7.140844 -0.795083 -0.710319
v 7.005651 -0.795124 -0.742573
v 6.876377 -0.795130 -0.814785
v 6.753905 -0.795130 -0.902227
v 6.639073 -0.795130 -0.999485
v 6.532665 -0.795130 -1.105894
v 6.435408 -0.795130 -1.220726
v 6.347965 -0.795130 -1.343197
v 6.270934 -0.795130 -1.472471
v 6.204842 -0.795130 -1.607665
v 6.150140 -0.795130 -1.747855
v 6.107202 -0.795130 -1.892083
v 6.076321 -0.795130 -2.039364
v 6.057712 -0.795130 -2.188573
v 6.050715 -0.795130 -2.357739
v 6.057707 -0.795130 -2.489404
v 6.076322 -0.795130 -2.638732
v 6.107203 -0.795130 -2.786014
v 6.150142 -0.795130 -2.930242
v 6.204844 -0.795130 -3.070431
v 6.270937 -0.795130 -3.205625
v 6.347968 -0.795130 -3.334898
v 6.435411 -0.795130 -3.457370
v 6.532669 -0.795130 -3.572201
v 6.639077 -0.795130 -3.678610
v 6.753909 -0.795130 -3.775867
v 6.876381 -0.795130 -3.863309
v 7.005655 -0.795124 -3.935520
v 7.140849 -0.795083 -3.967774
v 7.281038 -0.795037 -3.982172
v 7.429102 -0.794990 -3.980840
v 7.800971 -0.794958 -3.981833
v 7.803808 -0.849696 -1.144172
v 7.803812 -0.849696 -3.564640
v 6.050740 -0.795130 -2.319521
v 6.053064 -0.837238 -2.263329
v 7.803810 -0.833503 -2.356600
v 7.803808 -0.833503 -0.721481
v 7.803813 -0.833503 -3.974165
v 7.792445 -0.833521 -3.984300
v 7.352709 -0.834671 -3.982336
v 7.210378 -0.835730 -3.976990
v 7.072569 -0.836728 -3.955504
v 6.940222 -0.837238 -3.903160
v 6.814241 -0.837238 -3.820853
v 6.695488 -0.837238 -3.728425
v 6.584774 -0.837238 -3.626505
v 6.482853 -0.837238 -3.515790
v 6.390424 -0.837238 -3.397038
v 6.308117 -0.837238 -3.271057
v 6.236494 -0.837238 -3.138711
v 6.176045 -0.837238 -3.000902
v 6.127182 -0.837238 -2.858571
v 6.090241 -0.837238 -2.712692
v 6.065472 -0.837238 -2.564260
v 6.053045 -0.837238 -2.414290
v 6.049952 -0.837238 -2.338571
v 6.065471 -0.837238 -2.113836
v 6.090240 -0.837238 -1.965405
v 6.127181 -0.837238 -1.819525
v 6.176043 -0.837238 -1.677195
v 6.236492 -0.837238 -1.539385
v 6.308114 -0.837238 -1.407038
v 6.390421 -0.837238 -1.281058
v 6.482850 -0.837238 -1.162305
v 6.584770 -0.837238 -1.051590
v 6.695485 -0.837238 -0.949670
v 6.814238 -0.837238 -0.857240
v 6.940217 -0.837238 -0.774934
v 7.072565 -0.836728 -0.722589
v 7.210373 -0.835730 -0.701103
v 7.352704 -0.834671 -0.695756
v 7.513927 -0.833959 -0.697056
v 7.550388 -0.854477 -0.853262
v 7.692024 -0.732926 -0.701918
v 7.455151 -0.854718 -3.842789
v 7.792445 -0.733160 -3.981733
v 7.792440 -0.731438 -1.144269
v 7.792444 -0.731438 -3.564540
v 7.692029 -0.833679 -3.983123
v 7.792439 -0.833521 -0.693792
v 7.761652 -0.849789 -0.694152
v 7.761657 -0.849789 -3.983939
v 7.761654 -0.731364 -2.356595
v 7.761652 -0.731364 -0.721967
v 7.761657 -0.731364 -3.973674
v 7.761657 -0.794960 -3.983939
v 7.761652 -0.794960 -0.694152
v 7.475076 -0.854653 -0.854145
v 7.692029 -0.732926 -3.980558
v 7.692025 -0.731197 -1.145123
v 7.692028 -0.731197 -3.563664
v 7.692024 -0.833679 -0.694968
v 7.513927 -0.732510 -0.703997
v 7.321578 -0.855029 -3.841224
v 7.513933 -0.833959 -3.981036
v 7.602981 -0.794972 -3.982080
v 7.602981 -0.730983 -3.971826
v 7.602976 -0.730983 -0.723795
v 7.602978 -0.730983 -2.356575
v 7.602981 -0.850138 -3.982080
v 7.602976 -0.850138 -0.696012
v 7.602976 -0.794972 -0.696012
v 7.803808 -0.794957 -1.144172
v 7.803812 -0.794957 -3.564640
v 7.800965 -0.738344 -0.700647
v 7.429098 -0.737396 -0.697253
v 7.281034 -0.736023 -0.695921
v 7.140844 -0.734665 -0.710319
v 7.005651 -0.733464 -0.742573
v 6.876377 -0.733291 -0.814784
v 6.753905 -0.733291 -0.902227
v 6.639073 -0.733291 -0.999485
v 6.532665 -0.733291 -1.105894
v 6.435408 -0.733291 -1.220726
v 6.347965 -0.733291 -1.343197
v 6.270934 -0.733291 -1.472471
v 6.204842 -0.733291 -1.607665
v 6.150140 -0.733291 -1.747855
v 6.107202 -0.733291 -1.892083
v 6.076321 -0.733291 -2.039364
v 6.057712 -0.733291 -2.188573
v 6.050715 -0.733291 -2.357739
v 6.057707 -0.733291 -2.489404
v 6.076322 -0.733291 -2.638732
v 6.107203 -0.733291 -2.786014
v 6.150142 -0.733291 -2.930242
v 6.204844 -0.733291 -3.070431
v 6.270937 -0.733291 -3.205625
v 6.347968 -0.733291 -3.334898
v 6.435411 -0.733291 -3.457370
v 6.532669 -0.733291 -3.572201
v 6.639078 -0.733291 -3.678610
v 6.753909 -0.733291 -3.775867
v 6.876381 -0.733291 -3.863309
v 7.005655 -0.733464 -3.935520
v 7.140849 -0.734665 -3.967774
v 7.281038 -0.736023 -3.982172
v 7.429102 -0.737396 -3.980840
v 7.800971 -0.738344 -3.981833
v 6.050740 -0.733291 -2.319521
v 7.761657 -0.738260 -3.983939
v 7.761652 -0.738260 -0.694152
v 7.602981 -0.737922 -3.982080
v 7.602976 -0.737922 -0.696012
v 7.692024 -0.755782 -0.694968
v 7.513933 -0.755525 -3.981036
v 7.792439 -0.755928 -0.693792
v 7.692029 -0.755782 -3.983123
v 6.053064 -0.752511 -2.263329
v 7.803810 -0.755944 -2.356600
v 7.803808 -0.755944 -0.721481
v 7.803813 -0.755944 -3.974165
v 7.792445 -0.755928 -3.984300
v 7.352709 -0.754871 -3.982336
v 7.210378 -0.753897 -3.976990
v 7.072569 -0.752980 -3.955504
v 6.940222 -0.752511 -3.903160
v 6.814241 -0.752511 -3.820853
v 6.695488 -0.752511 -3.728425
v 6.584774 -0.752511 -3.626505
v 6.482853 -0.752511 -3.515790
v 6.390424 -0.752511 -3.397038
v 6.308117 -0.752511 -3.271057
v 6.236494 -0.752511 -3.138711
v 6.176045 -0.752511 -3.000902
v 6.127182 -0.752511 -2.858571
v 6.090241 -0.752511 -2.712692
v 6.065472 -0.752511 -2.564260
v 6.053045 -0.752511 -2.414290
v 6.049952 -0.752511 -2.338571
v 6.065471 -0.752511 -2.113836
v 6.090240 -0.752511 -1.965405
v 6.127181 -0.752511 -1.819525
v 6.176043 -0.752511 -1.677195
v 6.236492 -0.752511 -1.539385
v 6.308114 -0.752511 -1.407038
v 6.390421 -0.752511 -1.281058
v 6.482850 -0.752511 -1.162305
v 6.584770 -0.752511 -1.051590
v 6.695485 -0.752511 -0.949670
v 6.814238 -0.752511 -0.857240
v 6.940217 -0.752511 -0.774934
v 7.072565 -0.752980 -0.722589
v 7.210373 -0.753897 -0.701103
v 7.352704 -0.754871 -0.695756
v 7.513927 -0.755525 -0.697056
v 7.691176 -0.852936 -0.773868
v 7.798755 -0.734513 -0.706083
v 7.363765 -0.853915 -0.767368
v 7.429098 -0.732143 -0.704193
v 7.230502 -0.855146 -0.767676
v 7.281034 -0.730640 -0.702867
v 7.105943 -0.856467 -0.780037
v 7.140844 -0.729154 -0.717204
v 6.985822 -0.857530 -0.810779
v 7.005651 -0.727840 -0.749322
v 6.870961 -0.857783 -0.872795
v 6.876377 -0.727651 -0.821228
v 6.762144 -0.857783 -0.950489
v 6.753905 -0.727651 -0.908301
v 6.660115 -0.857783 -1.036904
v 6.639073 -0.727651 -1.005148
v 6.565570 -0.857783 -1.131449
v 6.532665 -0.727651 -1.111107
v 6.479156 -0.857783 -1.233478
v 6.435408 -0.727651 -1.225453
v 6.401462 -0.857783 -1.342295
v 6.347964 -0.727651 -1.347407
v 6.333020 -0.857783 -1.457156
v 6.270934 -0.727651 -1.476135
v 6.274297 -0.857783 -1.577277
v 6.204843 -0.727651 -1.610757
v 6.225694 -0.857783 -1.701837
v 6.150140 -0.727651 -1.750354
v 6.187542 -0.857783 -1.829985
v 6.107202 -0.727651 -1.893972
v 6.160104 -0.857783 -1.960846
v 6.076321 -0.727651 -2.040631
v 6.143572 -0.857783 -2.093366
v 6.057808 -0.727651 -2.191546
v 6.128152 -0.857811 -2.484274
v 6.051323 -0.729113 -2.372251
v 6.134708 -0.857811 -2.592945
v 6.057708 -0.727651 -2.489154
v 6.151247 -0.857811 -2.725624
v 6.076322 -0.727651 -2.638265
v 6.178686 -0.857811 -2.856485
v 6.107203 -0.727651 -2.785316
v 6.216837 -0.857811 -2.984633
v 6.150142 -0.727651 -2.929319
v 6.265441 -0.857811 -3.109193
v 6.204844 -0.727651 -3.069290
v 6.324165 -0.857811 -3.229313
v 6.270937 -0.727651 -3.204273
v 6.392607 -0.857811 -3.344174
v 6.347968 -0.727651 -3.333345
v 6.470301 -0.857811 -3.452991
v 6.435411 -0.727651 -3.455625
v 6.556716 -0.857811 -3.555020
v 6.532669 -0.727651 -3.570277
v 6.651261 -0.857811 -3.649565
v 6.639078 -0.727651 -3.676520
v 6.753290 -0.857811 -3.735979
v 6.753909 -0.727651 -3.773625
v 6.862107 -0.857811 -3.813672
v 6.876381 -0.727651 -3.860931
v 6.976968 -0.857559 -3.875689
v 7.005655 -0.727840 -3.933030
v 7.097089 -0.856496 -3.906430
v 7.140849 -0.729154 -3.965233
v 7.221649 -0.855175 -3.918792
v 7.281038 -0.730640 -3.979608
v 7.354912 -0.853944 -3.919099
v 7.429102 -0.732143 -3.978278
v 7.682323 -0.852964 -3.918450
v 7.798760 -0.734513 -3.979811
v 7.694967 -0.852927 -1.340503
v 6.060124 -0.725770 -2.229724
v 6.076321 -0.725770 -2.121419
v 6.107202 -0.725770 -2.014464
v 6.150141 -0.725770 -1.909726
v 6.204843 -0.725770 -1.807921
v 6.270935 -0.725770 -1.709743
v 6.347965 -0.725770 -1.615865
v 6.435408 -0.725770 -1.526927
v 6.532666 -0.725770 -1.443536
v 6.639074 -0.725770 -1.366263
v 6.753906 -0.725770 -1.295634
v 6.876377 -0.725770 -1.232134
v 7.005651 -0.725965 -1.179694
v 7.140844 -0.727317 -1.156271
v 7.281034 -0.728846 -1.145816
v 7.800966 -0.733179 -1.144196
v 7.429099 -0.730392 -1.146783
v 6.251963 -0.858485 -2.430607
v 6.051417 -0.727651 -2.335974
v 7.566767 -0.854330 -3.364445
v 6.057808 -0.725770 -2.448602
v 6.076322 -0.725770 -2.562273
v 6.107203 -0.725770 -2.671978
v 6.150142 -0.725770 -2.779408
v 6.204844 -0.725770 -2.883831
v 6.270936 -0.725770 -2.984532
v 6.347968 -0.725770 -3.080823
v 6.435410 -0.725770 -3.172048
v 6.532669 -0.725770 -3.257582
v 6.639077 -0.725770 -3.336842
v 6.753909 -0.725770 -3.409286
v 6.876380 -0.725770 -3.474419
v 7.005654 -0.725965 -3.528206
v 7.140848 -0.727317 -3.552231
v 7.281037 -0.728846 -3.562955
v 7.800970 -0.733179 -3.564615
v 7.429102 -0.730392 -3.561963
v 7.800965 -0.833508 -0.700647
v 7.429098 -0.834207 -0.697253
v 7.281034 -0.835221 -0.695921
v 7.140844 -0.836223 -0.710319
v 7.005651 -0.837111 -0.742573
v 6.876377 -0.837238 -0.814785
v 6.753905 -0.837238 -0.902227
v 6.639073 -0.837238 -0.999485
v 6.532665 -0.837238 -1.105894
v 6.435408 -0.837238 -1.220726
v 6.347964 -0.837238 -1.343197
v 6.270934 -0.837238 -1.472471
v 6.204843 -0.837238 -1.607665
v 6.150140 -0.837238 -1.747855
v 6.107202 -0.837238 -1.892083
v 6.076321 -0.837238 -2.039364
v 6.057712 -0.837238 -2.188573
v 6.050715 -0.837238 -2.357739
v 6.057707 -0.837238 -2.489404
v 6.076322 -0.837238 -2.638732
v 6.107203 -0.837238 -2.786014
v 6.150142 -0.837238 -2.930242
v 6.204844 -0.837238 -3.070431
v 6.270937 -0.837238 -3.205625
v 6.347968 -0.837238 -3.334898
v 6.435411 -0.837238 -3.457370
v 6.532669 -0.837238 -3.572201
v 6.639078 -0.837238 -3.678609
v 6.753909 -0.837238 -3.775867
v 6.876381 -0.837238 -3.863309
v 7.005655 -0.837111 -3.935520
v 7.140849 -0.836223 -3.967774
v 7.281038 -0.835221 -3.982172
v 7.429102 -0.834207 -3.980840
v 7.800971 -0.833508 -3.981833
v 7.803808 -0.833503 -1.144172
v 7.803812 -0.833503 -3.564640
v 6.050740 -0.837238 -2.319521
v 7.648863 -0.853034 -0.765090
v 7.761652 -0.733088 -0.701106
v 7.640010 -0.853062 -3.921377
v 7.761657 -0.733088 -3.981373
v 7.761652 -0.731364 -1.144531
v 7.761656 -0.731364 -3.564272
v 7.761657 -0.833570 -3.983939
v 7.761652 -0.833570 -0.694152
v 7.516448 -0.853337 -0.766641
v 7.602981 -0.732718 -3.979517
v 7.602977 -0.730983 -1.145881
v 7.602980 -0.730983 -3.562887
v 7.602976 -0.833819 -0.696012
v 7.602976 -0.732718 -0.702958
v 7.507596 -0.853366 -3.919825
v 7.602981 -0.833819 -3.982080
v 7.803808 -0.755944 -1.144172
v 7.803812 -0.755944 -3.564640
v 7.800965 -0.755940 -0.700647
v 7.429098 -0.755297 -0.697253
v 7.281034 -0.754365 -0.695921
v 7.140844 -0.753444 -0.710319
v 7.005651 -0.752629 -0.742573
v 6.876377 -0.752511 -0.814785
v 6.753905 -0.752511 -0.902227
v 6.639073 -0.752511 -0.999485
v 6.532665 -0.752511 -1.105894
v 6.435408 -0.752511 -1.220726
v 6.347964 -0.752511 -1.343197
v 6.270934 -0.752511 -1.472471
v 6.204843 -0.752511 -1.607665
v 6.150140 -0.752511 -1.747855
v 6.107202 -0.752511 -1.892083
v 6.076321 -0.752511 -2.039364
v 6.057712 -0.752511 -2.188573
v 6.050715 -0.752511 -2.357739
v 6.057707 -0.752511 -2.489404
v 6.076322 -0.752511 -2.638732
v 6.107203 -0.752511 -2.786014
v 6.150142 -0.752511 -2.930242
v 6.204844 -0.752511 -3.070431
v 6.270937 -0.752511 -3.205625
v 6.347968 -0.752511 -3.334898
v 6.435411 -0.752511 -3.457370
v 6.532669 -0.752511 -3.572201
v 6.639078 -0.752511 -3.678609
v 6.753909 -0.752511 -3.775867
v 6.876381 -0.752511 -3.863309
v 7.005655 -0.752629 -3.935520
v 7.140849 -0.753444 -3.967774
v 7.281038 -0.754365 -3.982172
v 7.429102 -0.755297 -3.980840
v 7.800971 -0.755940 -3.981833
v 6.050740 -0.752511 -2.319521
v 7.761657 -0.755883 -3.983939
v 7.761652 -0.755883 -0.694153
v 7.602981 -0.755654 -3.982080
v 7.602976 -0.755654 -0.696012
vn 0.0104 -0.9986 0.0513
vn -0.0316 -0.9906 0.1330
vn 0.0807 -0.9906 0.1103
vn 0.0403 -0.9791 0.1995
vn -0.0513 -0.9986 0.0103
vn -0.1330 -0.9906 -0.0316
vn -0.1103 -0.9906 0.0807
vn -0.1995 -0.9791 0.0403
vn -0.0104 -0.9986 -0.0513
vn 0.0316 -0.9906 -0.1330
vn -0.0807 -0.9906 -0.1103
vn -0.0403 -0.9791 -0.1995
vn 0.0513 -0.9986 -0.0103
vn 0.1330 -0.9906 0.0316
vn 0.1103 -0.9906 -0.0807
vn 0.1995 -0.9791 -0.0403
vn -0.7307 -0.0058 -0.6827
vn -0.7307 -0.0056 -0.6826
vn -0.4297 -0.0059 -0.9030
vn -0.4297 -0.0057 -0.9030
vn -0.9126 -0.0058 -0.4088
vn -0.9989 -0.0059 -0.0458
vn -0.9126 -0.0056 -0.4088
vn -0.9989 -0.0057 -0.0458
vn -0.9126 -0.0072 -0.4088
vn -0.9126 -0.0124 -0.4087
vn -0.9989 -0.0074 -0.0458
vn -0.9989 -0.0126 -0.0458
vn -0.7307 -0.0073 -0.6826
vn -0.4297 -0.0074 -0.9030
vn -0.7307 -0.0124 -0.6826
vn -0.4296 -0.0126 -0.9029
vn -0.4088 -0.0023 0.9126
vn -0.0458 -0.0024 0.9989
vn -0.4088 0.0000 0.9126
vn -0.0458 0.0000 0.9990
vn -0.4088 -0.0038 0.9126
vn -0.4088 -0.0047 0.9126
vn -0.0458 -0.0039 0.9989
vn -0.0458 -0.0048 0.9989
vn -0.6827 -0.0038 0.7307
vn -0.9030 -0.0039 0.4297
vn -0.6826 -0.0047 0.7307
vn -0.9030 -0.0048 0.4297
vn -0.6827 -0.0023 0.7307
vn -0.6827 0.0000 0.7307
vn -0.9030 -0.0024 0.4297
vn -0.9030 0.0000 0.4297
vn -0.9126 -0.0023 -0.4088
vn -0.9989 -0.0024 -0.0458
vn -0.9126 0.0000 -0.4088
vn -0.9989 0.0000 -0.0458
vn -0.9126 -0.0038 -0.4088
vn -0.9126 -0.0047 -0.4088
vn -0.9989 -0.0039 -0.0458
vn -0.9989 -0.0048 -0.0458
vn -0.7307 -0.0038 -0.6826
vn -0.4297 -0.0039 -0.9030
vn -0.7307 -0.0047 -0.6827
vn -0.4297 -0.0048 -0.9030
vn -0.7307 -0.0023 -0.6827
vn -0.7307 0.0000 -0.6827
vn -0.4297 -0.0024 -0.9030
vn -0.4297 0.0000 -0.9030
vn 0.4088 -0.0023 -0.9126
vn 0.0458 -0.0024 -0.9989
vn 0.4088 0.0000 -0.9126
vn 0.0458 0.0000 -0.9990
vn 0.4088 -0.0038 -0.9126
vn 0.4088 -0.0047 -0.9126
vn 0.0458 -0.0039 -0.9989
vn 0.0458 -0.0048 -0.9989
vn 0.6827 -0.0038 -0.7307
vn 0.9030 -0.0039 -0.4297
vn 0.6827 -0.0047 -0.7307
vn 0.9030 -0.0048 -0.4297
vn 0.6827 -0.0023 -0.7307
vn 0.6827 0.0000 -0.7307
vn 0.9030 -0.0024 -0.4297
vn 0.9030 0.0000 -0.4297
vn 0.7170 -0.1900 0.6707
vn 0.4205 -0.1976 0.8855
vn 0.7307 0.0000 0.6827
vn 0.4297 0.0000 0.9030
vn 0.5391 -0.6671 0.5141
vn 0.2298 -0.9430 0.2406
vn 0.3020 -0.6937 0.6539
vn 0.1274 -0.9380 0.3223
vn 0.6830 -0.6671 0.2975
vn 0.7199 -0.6937 0.0248
vn 0.3109 -0.9430 0.1185
vn 0.3465 -0.9380 -0.0076
vn 0.8963 -0.1899 0.4007
vn 0.9126 0.0000 0.4088
vn 0.9793 -0.1977 0.0441
vn 0.9990 0.0000 0.0458
vn -0.7307 -0.0141 -0.6826
vn -0.7307 -0.0143 -0.6826
vn -0.4296 -0.0143 -0.9029
vn -0.4296 -0.0146 -0.9029
vn -0.9126 -0.0141 -0.4087
vn -0.9988 -0.0143 -0.0458
vn -0.9125 -0.0143 -0.4087
vn -0.9988 -0.0146 -0.0458
vn -0.9126 -0.0135 -0.4087
vn -0.9126 -0.0126 -0.4087
vn -0.9989 -0.0138 -0.0458
vn -0.9989 -0.0128 -0.0458
vn -0.7307 -0.0135 -0.6826
vn -0.4296 -0.0138 -0.9029
vn -0.7307 -0.0126 -0.6826
vn -0.4296 -0.0128 -0.9029
vn -0.6838 -0.0067 0.7297
vn -0.6826 -0.0056 0.7307
vn -0.9030 -0.0059 0.4297
vn -0.9030 -0.0057 0.4297
vn -0.4146 -0.0117 0.9099
vn -0.0512 -0.0201 0.9985
vn -0.4088 -0.0056 0.9126
vn -0.0458 -0.0057 0.9989
vn -0.4371 -0.0463 0.8982
vn -0.4757 -0.1266 0.8704
vn -0.0743 -0.1045 0.9917
vn -0.1752 -0.3879 0.9049
vn -0.6881 -0.0129 0.7255
vn -0.9030 -0.0074 0.4297
vn -0.6969 -0.0322 0.7165
vn -0.9029 -0.0126 0.4296
vn 0.6779 -0.0117 -0.7350
vn 0.6826 -0.0056 -0.7307
vn 0.9005 -0.0201 -0.4344
vn 0.9030 -0.0057 -0.4297
vn 0.4074 -0.0067 -0.9132
vn 0.0458 -0.0059 -0.9989
vn 0.4088 -0.0056 -0.9126
vn 0.0458 -0.0057 -0.9989
vn 0.4018 -0.0129 -0.9156
vn 0.3901 -0.0322 -0.9202
vn 0.0458 -0.0074 -0.9989
vn 0.0458 -0.0126 -0.9989
vn 0.6584 -0.0463 -0.7513
vn 0.8853 -0.1045 -0.4531
vn 0.6178 -0.1267 -0.7761
vn 0.7661 -0.3879 -0.5125
vn 0.7340 -0.0125 0.6790
vn 0.7307 -0.0056 0.6826
vn 0.4343 -0.0201 0.9005
vn 0.4297 -0.0057 0.9030
vn 0.9106 -0.0125 0.4132
vn 0.9985 -0.0201 0.0510
vn 0.9126 -0.0056 0.4088
vn 0.9989 -0.0057 0.0458
vn 0.9017 -0.0578 0.4286
vn 0.8330 -0.3717 0.4098
vn 0.9917 -0.1093 0.0677
vn 0.8436 -0.5338 0.0574
vn 0.7447 -0.0578 0.6649
vn 0.4470 -0.1093 0.8878
vn 0.7008 -0.3718 0.6089
vn 0.3801 -0.5338 0.7554
vn 0.6798 -0.1804 0.7109
vn 0.7124 -0.1543 0.6846
vn 0.6901 0.0000 0.7237
vn 0.7190 0.0000 0.6950
vn 0.5144 -0.6745 0.5296
vn 0.1933 -0.9626 0.1898
vn 0.5820 -0.6039 0.5445
vn 0.2568 -0.9418 0.2168
vn 0.4657 -0.7085 0.5303
vn 0.4291 -0.7172 0.5491
vn 0.1709 -0.9665 0.1917
vn 0.1558 -0.9674 0.1997
vn 0.6455 -0.1935 0.7388
vn 0.6576 0.0000 0.7534
vn 0.6039 -0.1970 0.7723
vn 0.6161 0.0000 0.7877
vn -0.6826 -0.0141 0.7307
vn -0.6826 -0.0143 0.7307
vn -0.9029 -0.0143 0.4296
vn -0.9029 -0.0146 0.4296
vn -0.4087 -0.0141 0.9125
vn -0.0458 -0.0143 0.9988
vn -0.4087 -0.0143 0.9125
vn -0.0458 -0.0146 0.9988
vn -0.4087 -0.0135 0.9126
vn -0.4087 -0.0126 0.9126
vn -0.0458 -0.0138 0.9989
vn -0.0458 -0.0128 0.9989
vn -0.6826 -0.0135 0.7307
vn -0.9029 -0.0138 0.4296
vn -0.6826 -0.0126 0.7307
vn -0.9029 -0.0128 0.4296
vn 0.6826 -0.0141 -0.7307
vn 0.6826 -0.0143 -0.7307
vn 0.9029 -0.0143 -0.4296
vn 0.9029 -0.0146 -0.4296
vn 0.4087 -0.0141 -0.9126
vn 0.0458 -0.0143 -0.9988
vn 0.4087 -0.0143 -0.9125
vn 0.0458 -0.0146 -0.9988
vn 0.4087 -0.0135 -0.9126
vn 0.4087 -0.0126 -0.9126
vn 0.0458 -0.0138 -0.9989
vn 0.0458 -0.0128 -0.9989
vn 0.6826 -0.0135 -0.7307
vn 0.9029 -0.0138 -0.4296
vn 0.6826 -0.0126 -0.7307
vn 0.9029 -0.0128 -0.4296
vn 0.7307 -0.0141 0.6826
vn 0.7307 -0.0143 0.6826
vn 0.4296 -0.0143 0.9029
vn 0.4296 -0.0146 0.9029
vn 0.9126 -0.0141 0.4087
vn 0.9988 -0.0143 0.0458
vn 0.9125 -0.0143 0.4087
vn 0.9988 -0.0146 0.0458
vn 0.9126 -0.0135 0.4087
vn 0.9126 -0.0126 0.4087
vn 0.9989 -0.0138 0.0458
vn 0.9989 -0.0128 0.0458
vn 0.7307 -0.0135 0.6826
vn 0.4296 -0.0138 0.9029
vn 0.7307 -0.0126 0.6826
vn 0.4296 -0.0128 0.9029
vn 0.0110 0.9999 0.0063
vn 0.0394 0.9990 0.0226
vn 0.0118 0.9999 0.0049
vn 0.0425 0.9989 0.0178
vn 0.0101 0.9999 0.0076
vn 0.0095 0.9999 0.0085
vn 0.0363 0.9990 0.0271
vn 0.0343 0.9990 0.0304
vn -0.0101 0.9999 -0.0076
vn -0.0363 0.9990 -0.0272
vn -0.0095 0.9999 -0.0085
vn -0.0341 0.9990 -0.0306
vn -0.0110 0.9999 -0.0063
vn -0.0119 0.9999 -0.0049
vn -0.0395 0.9990 -0.0225
vn -0.0426 0.9989 -0.0176
vn 0.8393 0.2478 0.4840
vn 0.8663 0.0000 0.4996
vn 0.8937 0.2443 0.3764
vn 0.9216 0.0000 0.3882
vn 0.7770 0.2480 0.5786
vn 0.7271 0.2459 0.6410
vn 0.8020 0.0000 0.5973
vn 0.7502 0.0000 0.6612
vn 0.4303 0.8438 0.3206
vn 0.1003 0.9921 0.0748
vn 0.4049 0.8417 0.3572
vn 0.0946 0.9920 0.0836
vn 0.4652 0.8436 0.2681
vn 0.5002 0.8400 0.2104
vn 0.1086 0.9921 0.0625
vn 0.1172 0.9919 0.0492
vn -0.7742 0.2479 -0.5824
vn -0.7991 0.0000 -0.6012
vn -0.7202 0.2457 -0.6488
vn -0.7430 -0.0000 -0.6693
vn -0.8429 0.2477 -0.4778
vn -0.8974 0.2440 -0.3675
vn -0.8700 0.0000 -0.4931
vn -0.9254 0.0000 -0.3789
vn -0.4672 0.8435 -0.2649
vn -0.1090 0.9921 -0.0619
vn -0.5026 0.8397 -0.2059
vn -0.1177 0.9919 -0.0483
vn -0.4289 0.8438 -0.3226
vn -0.4016 0.8415 -0.3615
vn -0.1001 0.9921 -0.0752
vn -0.0940 0.9920 -0.0845
vn 0.0126 0.9999 0.0033
vn 0.0124 0.9999 0.0039
vn 0.0455 0.9989 0.0117
vn 0.0446 0.9989 0.0141
vn -0.0126 0.9999 -0.0033
vn -0.0453 0.9989 -0.0121
vn -0.0124 0.9999 -0.0039
vn -0.0446 0.9989 -0.0142
vn -0.0126 0.9999 -0.0029
vn -0.0126 0.9999 -0.0027
vn -0.0454 0.9989 -0.0107
vn -0.0452 0.9989 -0.0099
vn 0.0127 0.9999 0.0029
vn 0.0456 0.9989 0.0102
vn 0.0126 0.9999 0.0027
vn 0.0453 0.9989 0.0094
vn -0.0186 -0.9992 0.0354
vn -0.0223 -0.9918 0.1259
vn 0.0000 -0.9994 0.0352
vn 0.0000 -0.9921 0.1257
vn -0.0598 -0.9975 0.0379
vn -0.1433 -0.9886 0.0471
vn -0.0749 -0.9888 0.1294
vn -0.1606 -0.9765 0.1435
vn -0.0598 -0.9975 -0.0379
vn -0.0749 -0.9888 -0.1294
vn -0.1433 -0.9886 -0.0471
vn -0.1606 -0.9765 -0.1435
vn -0.0186 -0.9992 -0.0354
vn 0.0000 -0.9994 -0.0352
vn -0.0223 -0.9918 -0.1259
vn 0.0000 -0.9921 -0.1257
vn -0.9889 -0.0066 -0.1486
vn -0.9891 -0.0056 -0.1473
vn -0.8813 -0.0060 -0.4725
vn -0.8813 -0.0058 -0.4725
vn -0.9899 -0.0113 0.1415
vn -0.8838 -0.0199 0.4675
vn -0.9891 -0.0056 0.1473
vn -0.8813 -0.0058 0.4724
vn -0.9920 -0.0430 0.1184
vn -0.9901 -0.1178 0.0757
vn -0.8903 -0.1020 0.4439
vn -0.8703 -0.3769 0.3172
vn -0.9880 -0.0122 -0.1538
vn -0.8813 -0.0075 -0.4725
vn -0.9859 -0.0303 -0.1646
vn -0.8813 -0.0128 -0.4724
vn -0.0902 -0.0024 0.9959
vn 0.0000 -0.0025 1.0000
vn -0.0902 0.0000 0.9959
vn 0.0000 0.0000 1.0000
vn -0.0902 -0.0040 0.9959
vn -0.0902 -0.0049 0.9959
vn 0.0000 -0.0042 1.0000
vn 0.0000 -0.0051 1.0000
vn -0.2670 -0.0040 0.9637
vn -0.5575 -0.0040 0.8302
vn -0.2670 -0.0049 0.9637
vn -0.5575 -0.0049 0.8302
vn -0.2670 -0.0024 0.9637
vn -0.2670 0.0000 0.9637
vn -0.5575 -0.0024 0.8302
vn -0.5575 0.0000 0.8302
vn -0.9891 -0.0023 0.1473
vn -0.8813 -0.0024 0.4725
vn -0.9891 0.0000 0.1473
vn -0.8814 0.0000 0.4725
vn -0.9891 -0.0039 0.1473
vn -0.9891 -0.0048 0.1473
vn -0.8813 -0.0040 0.4725
vn -0.8813 -0.0049 0.4725
vn -0.9891 -0.0039 -0.1473
vn -0.8813 -0.0040 -0.4725
vn -0.9891 -0.0047 -0.1473
vn -0.8813 -0.0049 -0.4725
vn -0.9891 -0.0023 -0.1473
vn -0.9891 0.0000 -0.1473
vn -0.8814 -0.0024 -0.4725
vn -0.8814 0.0000 -0.4725
vn 0.2449 -0.0029 -0.9695
vn 0.0000 -0.0025 -1.0000
vn 0.2449 -0.0000 -0.9695
vn 0.0000 0.0000 -1.0000
vn 0.2448 -0.0048 -0.9696
vn 0.2448 -0.0058 -0.9695
vn 0.0000 -0.0041 -1.0000
vn 0.0000 -0.0051 -1.0000
vn 0.8100 -0.0053 -0.5864
vn 0.9846 -0.0044 -0.1748
vn 0.8100 -0.0064 -0.5864
vn 0.9846 -0.0054 -0.1748
vn 0.8100 -0.0032 -0.5865
vn 0.8100 -0.0000 -0.5865
vn 0.9846 -0.0027 -0.1748
vn 0.9846 0.0000 -0.1749
vn 0.9996 -0.0209 0.0178
vn 0.9976 -0.0250 0.0639
vn 0.9998 0.0000 0.0178
vn 0.9980 0.0000 0.0638
vn 0.9952 -0.0964 0.0188
vn 0.9550 -0.2957 0.0230
vn 0.9907 -0.1193 0.0650
vn 0.9412 -0.3306 0.0698
vn 0.9952 -0.0964 -0.0188
vn 0.9907 -0.1193 -0.0650
vn 0.9550 -0.2957 -0.0230
vn 0.9412 -0.3306 -0.0698
vn 0.9996 -0.0209 -0.0178
vn 0.9998 0.0000 -0.0178
vn 0.9976 -0.0251 -0.0639
vn 0.9980 0.0000 -0.0638
vn -0.9890 -0.0142 -0.1473
vn -0.9890 -0.0145 -0.1473
vn -0.8813 -0.0146 -0.4724
vn -0.8813 -0.0149 -0.4724
vn -0.9890 -0.0142 0.1473
vn -0.8813 -0.0146 0.4724
vn -0.9890 -0.0145 0.1473
vn -0.8813 -0.0149 0.4724
vn -0.9890 -0.0138 0.1473
vn -0.9890 -0.0129 0.1473
vn -0.8813 -0.0142 0.4724
vn -0.8813 -0.0133 0.4724
vn -0.9890 -0.0138 -0.1473
vn -0.8813 -0.0142 -0.4724
vn -0.9890 -0.0129 -0.1473
vn -0.8813 -0.0133 -0.4724
vn 0.2399 -0.0117 0.9707
vn 0.2449 -0.0069 0.9695
vn 0.0000 -0.0099 1.0000
vn 0.0000 -0.0060 1.0000
vn 0.8030 -0.0133 0.5958
vn 0.9842 -0.0100 0.1767
vn 0.8099 -0.0076 0.5865
vn 0.9846 -0.0064 0.1749
vn 0.7745 -0.0534 0.6304
vn 0.7188 -0.3879 0.5770
vn 0.9826 -0.0329 0.1826
vn 0.9715 -0.1628 0.1721
vn 0.2211 -0.0445 0.9742
vn 0.0000 -0.0370 0.9993
vn 0.1944 -0.4378 0.8778
vn 0.0000 -0.4064 0.9137
vn -0.0902 -0.0061 -0.9959
vn -0.0902 -0.0059 -0.9959
vn -0.0000 -0.0063 -1.0000
vn 0.0000 -0.0060 -1.0000
vn -0.2670 -0.0060 -0.9637
vn -0.5575 -0.0061 -0.8302
vn -0.2670 -0.0058 -0.9637
vn -0.5575 -0.0058 -0.8302
vn -0.2670 -0.0075 -0.9637
vn -0.2670 -0.0128 -0.9636
vn -0.5575 -0.0076 -0.8302
vn -0.5575 -0.0130 -0.8301
vn -0.0902 -0.0076 -0.9959
vn 0.0000 -0.0078 -1.0000
vn -0.0902 -0.0129 -0.9958
vn 0.0000 -0.0133 -0.9999
vn 0.9998 -0.0069 0.0171
vn 0.9998 -0.0060 0.0178
vn 0.9980 -0.0081 0.0630
vn 0.9979 -0.0061 0.0638
vn 0.9998 -0.0063 -0.0179
vn 0.9979 -0.0063 -0.0638
vn 0.9998 -0.0060 -0.0178
vn 0.9979 -0.0060 -0.0638
vn 0.9998 -0.0083 -0.0185
vn 0.9997 -0.0153 -0.0199
vn 0.9979 -0.0079 -0.0638
vn 0.9979 -0.0134 -0.0638
vn 0.9998 -0.0119 0.0144
vn 0.9980 -0.0201 0.0596
vn 0.9996 -0.0258 0.0092
vn 0.9971 -0.0628 0.0436
vn -0.0003 0.2441 -0.9697
vn -0.0003 0.0000 -1.0000
vn 0.0000 0.2441 -0.9698
vn -0.0008 0.2443 -0.9697
vn -0.0017 0.2447 -0.9696
vn -0.0009 0.0000 -1.0000
vn -0.0021 0.0000 -1.0000
vn -0.0003 0.8399 -0.5427
vn -0.0000 0.9919 -0.1271
vn -0.0007 0.8403 -0.5421
vn -0.0000 0.9919 -0.1269
vn -0.0001 0.8398 -0.5430
vn 0.0000 0.8397 -0.5430
vn -0.0000 0.9919 -0.1272
vn 0.2448 -0.0175 0.9694
vn 0.2449 -0.0178 0.9694
vn 0.0000 -0.0152 0.9999
vn 0.0000 -0.0155 0.9999
vn 0.8098 -0.0193 0.5863
vn 0.9845 -0.0163 0.1748
vn 0.8098 -0.0197 0.5863
vn 0.9845 -0.0166 0.1748
vn 0.8098 -0.0187 0.5864
vn 0.8099 -0.0176 0.5863
vn 0.9845 -0.0158 0.1748
vn 0.9845 -0.0149 0.1748
vn 0.2449 -0.0170 0.9694
vn 0.0000 -0.0148 0.9999
vn 0.2449 -0.0159 0.9694
vn -0.0000 -0.0139 0.9999
vn -0.0902 -0.0148 -0.9958
vn -0.0902 -0.0151 -0.9958
vn 0.0000 -0.0152 -0.9999
vn 0.0000 -0.0155 -0.9999
vn -0.2670 -0.0146 -0.9636
vn -0.5574 -0.0148 -0.8301
vn -0.2670 -0.0149 -0.9636
vn -0.5574 -0.0151 -0.8301
vn -0.2670 -0.0142 -0.9636
vn -0.2670 -0.0133 -0.9636
vn -0.5574 -0.0144 -0.8301
vn -0.5575 -0.0135 -0.8301
vn -0.0902 -0.0144 -0.9958
vn 0.0000 -0.0148 -0.9999
vn -0.0902 -0.0135 -0.9958
vn 0.0000 -0.0139 -0.9999
vn 0.9997 -0.0151 0.0178
vn 0.9997 -0.0154 0.0178
vn 0.9978 -0.0154 0.0638
vn 0.9978 -0.0156 0.0638
vn 0.9997 -0.0151 -0.0178
vn 0.9978 -0.0154 -0.0638
vn 0.9997 -0.0154 -0.0178
vn 0.9978 -0.0156 -0.0638
vn 0.9997 -0.0147 -0.0178
vn 0.9997 -0.0138 -0.0178
vn 0.9979 -0.0149 -0.0638
vn 0.9979 -0.0140 -0.0638
vn 0.9997 -0.0147 0.0178
vn 0.9979 -0.0149 0.0638
vn 0.9997 -0.0138 0.0178
vn 0.9979 -0.0140 0.0638
vn 0.0000 0.9999 0.0128
vn 0.0000 0.9989 0.0461
vn -0.0000 0.9999 -0.0128
vn -0.0000 0.9989 -0.0461
vn 0.0000 0.9989 -0.0460
vn 0.0001 0.9989 0.0461
vn 0.0001 0.9999 0.0128
vn 0.0002 0.9989 0.0460
vn 0.9995 0.0256 0.0178
vn 0.9975 0.0305 0.0638
vn 0.9995 0.0256 -0.0178
vn 0.9975 0.0305 -0.0638
vn 0.9869 0.1601 -0.0183
vn 0.7621 0.6472 -0.0183
vn 0.9789 0.1942 -0.0637
vn 0.7189 0.6931 -0.0533
vn 0.9869 0.1600 0.0183
vn 0.9789 0.1941 0.0637
vn 0.7620 0.6473 0.0183
vn 0.7190 0.6929 0.0533
vn -0.1511 -0.9881 0.0283
vn -0.1390 -0.9851 0.1012
vn -0.3270 -0.9440 0.0431
vn -0.2497 -0.9577 0.1428
vn -0.0681 -0.9974 0.0256
vn -0.0269 -0.9993 0.0257
vn -0.0644 -0.9936 0.0924
vn -0.0223 -0.9956 0.0913
vn -0.0702 -0.9972 -0.0255
vn -0.0724 -0.9931 -0.0924
vn -0.0302 -0.9992 -0.0251
vn -0.0342 -0.9953 -0.0908
vn -0.1527 -0.9878 -0.0290
vn -0.3294 -0.9431 -0.0443
vn -0.1442 -0.9843 -0.1021
vn -0.2544 -0.9562 -0.1445
vn 0.2355 0.2346 0.9431
vn 0.2449 0.0000 0.9695
vn 0.0000 0.2441 0.9698
vn 0.8001 0.1424 0.5827
vn 0.9834 0.0500 0.1744
vn 0.8100 0.0000 0.5865
vn 0.9846 0.0000 0.1749
vn 0.5994 0.6711 0.4362
vn 0.2059 0.9709 0.1220
vn 0.9383 0.3046 0.1637
vn 0.5832 0.8074 0.0893
vn 0.1319 0.8307 0.5409
vn 0.0000 0.8397 0.5430
vn 0.0367 0.9912 0.1270
vn 0.0000 0.9919 0.1273
vn 0.9998 -0.0204 -0.0024
vn 0.9997 -0.0254 0.0029
vn 0.9996 -0.0267 0.0084
vn 0.9984 -0.0508 0.0237
vn 0.9996 -0.0162 -0.0241
vn 0.9978 -0.0153 -0.0638
vn 0.9996 -0.0168 -0.0220
vn 0.9979 -0.0146 -0.0638
vn 0.9996 -0.0140 -0.0241
vn 0.9997 -0.0129 -0.0220
vn 0.9978 -0.0155 -0.0638
vn 0.9999 -0.0097 -0.0024
vn 1.0000 -0.0035 0.0084
vn 1.0000 -0.0038 0.0029
vn 0.9995 0.0228 0.0233
vn -0.0902 -0.0147 -0.9958
vn -0.0902 -0.0142 -0.9958
vn 0.0000 -0.0151 -0.9999
vn 0.0000 -0.0146 -0.9999
vn -0.2670 -0.0145 -0.9636
vn -0.5574 -0.0147 -0.8301
vn -0.2670 -0.0140 -0.9636
vn -0.5574 -0.0141 -0.8301
vn -0.2670 -0.0148 -0.9636
vn -0.5575 -0.0149 -0.8301
vn -0.0902 -0.0150 -0.9958
vn 0.0000 -0.0154 -0.9999
vn -0.0552 0.9985 0.0000
vn 0.0000 1.0000 0.0000
vn -0.1669 0.9860 0.0000
vn -0.3809 0.9246 0.0000
vn -0.3808 0.9246 0.0000
vn -0.9799 -0.0242 -0.1981
vn -0.9828 -0.0328 -0.1817
vn -0.8813 -0.0145 -0.4724
vn -0.8813 -0.0140 -0.4724
vn -0.9980 -0.0591 -0.0205
vn -0.9915 -0.1102 0.0698
vn -0.9943 -0.1041 0.0241
vn -0.9365 -0.2975 0.1854
vn -0.9993 0.0317 -0.0202
vn -0.9963 0.0822 0.0243
vn -0.9940 0.0838 0.0701
vn -0.9399 0.2875 0.1840
vn -0.9802 -0.0041 -0.1980
vn -0.8813 -0.0147 -0.4724
vn -0.9834 0.0061 -0.1815
vn 0.6661 -0.2222 -0.7120
vn 0.6368 -0.1735 -0.7513
vn 0.6992 -0.6021 -0.3856
vn 0.7248 -0.4900 -0.4844
vn 0.6689 0.1979 -0.7166
vn 0.6970 0.5953 -0.3999
vn 0.6393 0.1486 -0.7545
vn 0.7234 0.4829 -0.4936
vn 0.6321 0.2328 -0.7391
vn 0.4432 0.2447 -0.8624
vn 0.6261 0.6471 -0.4350
vn 0.3338 0.6828 -0.6499
vn 0.6293 -0.2551 -0.7341
vn 0.6283 -0.6542 -0.4211
vn 0.4415 -0.2600 -0.8587
vn 0.3323 -0.6864 -0.6469
vn 0.9990 -0.0438 -0.0000
vn 0.9931 -0.1176 -0.0000
vn 0.9999 0.0139 0.0000
vn 0.9960 0.0891 0.0000
vn 0.9999 0.0140 0.0000
vn 0.9960 0.0890 0.0000
vn -0.9743 0.2252 -0.0000
vn -0.7567 0.6538 -0.0000
vn -0.9695 -0.2452 0.0000
vn -0.7513 -0.6600 0.0000
vn -0.7566 0.6538 0.0000
vn 0.1546 -0.9880 0.0000
vn 0.0000 -1.0000 0.0000
vn 0.6462 -0.7632 0.0000
vn 0.9575 -0.2886 0.0000
vn 0.6462 -0.7631 0.0000
vn 0.9574 -0.2886 0.0000
vn 0.5326 -0.0628 -0.8440
vn 0.5722 -0.1118 -0.8124
vn 0.6154 -0.1174 -0.7794
vn 0.6890 -0.3142 -0.6532
vn 0.3545 -0.0249 -0.9347
vn 0.0458 -0.0142 -0.9988
vn 0.3718 -0.0346 -0.9277
vn 0.3548 -0.0032 -0.9349
vn 0.3724 0.0078 -0.9281
vn 0.0458 -0.0145 -0.9988
vn 0.5337 0.0355 -0.8450
vn 0.6174 0.0911 -0.7814
vn 0.5740 0.0888 -0.8141
vn 0.6912 0.3013 -0.6569
vn -0.7241 -0.0249 0.6893
vn -0.7108 -0.0346 0.7025
vn -0.9029 -0.0142 0.4296
vn -0.5714 -0.0628 0.8183
vn -0.4797 -0.1174 0.8695
vn -0.5269 -0.1118 0.8425
vn -0.3348 -0.3142 0.8884
vn -0.5718 0.0355 0.8196
vn -0.5277 0.0888 0.8448
vn -0.4807 0.0911 0.8721
vn -0.3374 0.3013 0.8918
vn -0.7242 -0.0032 0.6896
vn -0.9029 -0.0145 0.4296
vn -0.7110 0.0078 0.7032
vn -0.7307 -0.0140 -0.6826
vn -0.4296 -0.0142 -0.9029
vn -0.9126 -0.0140 -0.4087
vn -0.9125 -0.0142 -0.4087
vn -0.9988 -0.0145 -0.0458
vn -0.7307 -0.0142 -0.6826
vn -0.4296 -0.0145 -0.9029
vn -0.4415 0.2531 0.8609
vn -0.4416 0.2521 0.8611
vn -0.3329 0.6838 0.6493
vn -0.3329 0.6836 0.6495
vn -0.4422 -0.2487 0.8618
vn -0.3346 -0.6806 0.6518
vn -0.4420 -0.2500 0.8615
vn -0.3344 -0.6812 0.6513
vn -0.4423 -0.2479 0.8619
vn -0.4423 -0.2474 0.8621
vn -0.3348 -0.6802 0.6521
vn -0.3349 -0.6799 0.6523
vn -0.4414 0.2537 0.8607
vn -0.3328 0.6840 0.6492
vn -0.4413 0.2541 0.8606
vn -0.3328 0.6841 0.6491
vn 0.4552 0.8704 0.1878
vn 0.6102 0.7398 0.2835
vn 0.5712 0.8206 -0.0176
vn 0.6170 0.7868 -0.0181
vn 0.3508 0.8696 0.3474
vn 0.2079 0.8191 0.5346
vn 0.4981 0.7397 0.4525
vn 0.2226 0.7868 0.5757
vn 0.2087 0.9435 0.2576
vn -0.0480 0.9944 0.0936
vn 0.1218 0.8680 0.4813
vn -0.1627 0.9341 0.3176
vn 0.3108 0.9465 0.0872
vn 0.4755 0.8754 -0.0874
vn 0.0481 0.9944 -0.0936
vn 0.1629 0.9343 -0.3172
vn 0.4375 -0.8043 0.4022
vn 0.5905 -0.6224 0.5137
vn 0.2477 -0.7953 0.5533
vn 0.2625 -0.7496 0.6076
vn 0.5394 -0.8051 0.2466
vn 0.6043 -0.7966 0.0120
vn 0.7025 -0.6224 0.3451
vn 0.6618 -0.7496 0.0063
vn 0.3789 -0.9155 0.1352
vn 0.0488 -0.9943 -0.0949
vn 0.5042 -0.8614 -0.0611
vn 0.1643 -0.9332 -0.3197
vn 0.2788 -0.9119 0.3012
vn 0.1564 -0.8538 0.4966
vn -0.0487 -0.9943 0.0949
vn -0.1641 -0.9333 0.3195
vn -0.3962 0.1975 0.8967
vn -0.4475 0.1486 0.8819
vn -0.0941 0.5939 0.7990
vn -0.1744 0.4829 0.8582
vn -0.3931 -0.2219 0.8923
vn -0.0802 -0.6009 0.7953
vn -0.4455 -0.1735 0.8783
vn -0.1654 -0.4900 0.8559
vn -0.3965 -0.2539 0.8822
vn -0.4402 -0.2631 0.8585
vn -0.1144 -0.6474 0.7535
vn -0.3319 -0.6873 0.6461
vn -0.3998 0.2307 0.8871
vn -0.1279 0.6399 0.7577
vn -0.4430 0.2414 0.8634
vn -0.3339 0.6811 0.6516
vn -0.0489 -0.9943 0.0951
vn -0.0488 -0.9943 0.0951
vn -0.1651 -0.9324 0.3214
vn -0.1650 -0.9325 0.3212
vn 0.0488 -0.9943 -0.0950
vn 0.1644 -0.9331 -0.3199
vn -0.1651 -0.9324 0.3215
vn -0.0489 -0.9943 0.0952
vn -0.1652 -0.9324 0.3216
vn 0.0485 0.9943 -0.0946
vn 0.0485 0.9943 -0.0945
vn 0.1645 0.9329 -0.3205
vn 0.1644 0.9330 -0.3202
vn -0.0485 0.9943 0.0945
vn -0.1636 0.9335 0.3191
vn -0.0484 0.9944 0.0944
vn -0.1635 0.9335 0.3190
vn -0.1636 0.9335 0.3192
vn -0.1637 0.9334 0.3192
vn 0.0486 0.9943 -0.0947
vn 0.1646 0.9328 -0.3207
vn 0.1647 0.9327 -0.3208
vn 0.4412 -0.2612 -0.8585
vn 0.4412 -0.2611 -0.8586
vn 0.3326 -0.6860 -0.6472
vn 0.3326 -0.6860 -0.6471
vn 0.4436 0.2405 -0.8633
vn 0.3357 0.6785 -0.6535
vn 0.4436 0.2409 -0.8633
vn 0.3355 0.6788 -0.6532
vn 0.4437 0.2403 -0.8634
vn 0.4437 0.2401 -0.8634
vn 0.3358 0.6782 -0.6537
vn 0.3358 0.6781 -0.6538
vn 0.4412 -0.2613 -0.8585
vn -0.6489 -0.3073 0.6961
vn -0.8795 -0.2350 0.4138
vn -0.3819 -0.3306 0.8631
vn -0.0314 -0.3020 0.9528
vn -0.1640 -0.9010 0.4016
vn -0.0215 -0.9955 0.0925
vn 0.0161 -0.8713 0.4906
vn 0.0501 -0.9883 0.1442
vn -0.3199 -0.8847 0.3391
vn -0.5498 -0.7999 0.2406
vn -0.0817 -0.9939 0.0735
vn -0.2018 -0.9778 0.0564
vn -0.7348 -0.0142 -0.6781
vn -0.4390 -0.1479 -0.8862
vn -0.9107 -0.0050 -0.4130
vn -0.9938 -0.0965 -0.0547
vn -0.9990 0.0000 -0.0458
vn -0.9039 -0.0204 -0.4272
vn -0.8901 -0.1018 -0.4443
vn -0.8948 -0.4392 -0.0804
vn -0.6400 -0.7585 -0.1229
vn -0.7469 -0.0628 -0.6620
vn -0.4000 -0.5860 -0.7047
vn -0.7549 -0.1617 -0.6356
vn -0.3281 -0.8400 -0.4322
vn 0.7374 -0.0669 0.6721
vn 0.4412 -0.1859 0.8780
vn 0.9047 -0.0745 0.4195
vn 0.9701 -0.2320 0.0715
vn 0.8308 -0.3517 0.4313
vn 0.7042 -0.5743 0.4176
vn 0.6379 -0.7617 0.1133
vn 0.3329 -0.9311 0.1490
vn 0.7247 -0.3288 0.6055
vn 0.3743 -0.6976 0.6109
vn 0.6639 -0.5626 0.4928
vn 0.2758 -0.9215 0.2734
vn 0.6048 -0.4786 -0.6365
vn 0.8308 -0.4122 -0.3739
vn 0.3604 -0.4597 -0.8116
vn 0.0307 -0.3541 -0.9347
vn 0.1196 -0.9493 -0.2909
vn 0.0161 -0.9975 -0.0692
vn -0.0138 -0.8969 -0.4420
vn -0.0412 -0.9878 -0.1503
vn 0.2148 -0.9550 -0.2045
vn 0.3555 -0.9271 -0.1184
vn 0.0549 -0.9980 -0.0315
vn 0.1253 -0.9921 0.0074
vn 0.8100 0.0000 0.5864
vn -0.9746 -0.1734 -0.1420
vn -0.8624 -0.2117 -0.4597
vn -0.8813 0.0000 -0.4725
vn -0.9744 -0.1742 0.1419
vn -0.8620 -0.2138 0.4595
vn -0.8740 -0.4713 0.1185
vn -0.6327 -0.7703 0.0793
vn -0.7470 -0.5357 0.3937
vn -0.5267 -0.8064 0.2690
vn -0.8749 -0.4694 -0.1190
vn -0.7492 -0.5317 -0.3949
vn -0.6351 -0.7682 -0.0803
vn -0.5312 -0.8027 -0.2711
vn 0.9980 -0.0001 0.0638
vn 0.9980 0.0001 0.0638
vn -0.0879 -0.0120 -0.9961
vn -0.0902 0.0000 -0.9959
vn -0.2588 -0.0704 -0.9634
vn -0.5431 -0.1716 -0.8220
vn -0.2670 0.0000 -0.9637
vn -0.5575 0.0000 -0.8302
vn -0.2258 -0.1899 -0.9555
vn -0.1739 -0.2471 -0.9533
vn -0.4731 -0.4362 -0.7655
vn -0.3228 -0.6536 -0.6845
vn -0.0791 -0.0333 -0.9963
vn -0.0627 -0.0480 -0.9969
vn -0.0063 0.9999 -0.0113
vn -0.0071 0.9999 -0.0108
vn -0.0227 0.9989 -0.0407
vn -0.0256 0.9989 -0.0390
vn 0.0064 0.9999 0.0113
vn 0.0231 0.9989 0.0405
vn 0.0072 0.9999 0.0108
vn 0.0259 0.9989 0.0388
vn 0.0056 0.9999 0.0117
vn 0.0047 0.9999 0.0120
vn 0.0201 0.9989 0.0420
vn 0.0169 0.9989 0.0432
vn -0.0055 0.9999 -0.0117
vn -0.0197 0.9989 -0.0421
vn -0.0046 0.9999 -0.0120
vn -0.0165 0.9989 -0.0433
vn -0.6650 0.2424 -0.7064
vn -0.6919 0.2438 -0.6796
vn -0.6855 0.0000 -0.7281
vn -0.7134 0.0000 -0.7007
vn -0.3743 0.8379 -0.3974
vn -0.0879 0.9918 -0.0932
vn -0.3878 0.8394 -0.3807
vn -0.0909 0.9919 -0.0892
vn -0.3575 0.8369 -0.4145
vn -0.3342 0.8366 -0.4341
vn -0.0840 0.9917 -0.0974
vn -0.0786 0.9917 -0.1020
vn -0.6336 0.2415 -0.7350
vn -0.6529 0.0000 -0.7574
vn -0.5919 0.2412 -0.7691
vn -0.6098 0.0000 -0.7925
vn -0.0089 0.9999 -0.0094
vn -0.0092 0.9999 -0.0090
vn -0.0319 0.9989 -0.0338
vn -0.0330 0.9989 -0.0323
vn 0.0089 0.9999 0.0094
vn 0.0320 0.9989 0.0337
vn 0.0092 0.9999 0.0090
vn 0.0331 0.9989 0.0322
vn 0.0085 0.9999 0.0098
vn 0.0080 0.9999 0.0103
vn 0.0306 0.9989 0.0352
vn 0.0287 0.9989 0.0369
vn -0.0085 0.9999 -0.0098
vn -0.0305 0.9989 -0.0353
vn -0.0080 0.9999 -0.0103
vn -0.0286 0.9989 -0.0370
vn 0.0220 -0.9997 0.0122
vn 0.0292 -0.9996 0.0008
vn 0.0694 -0.9957 0.0608
vn 0.0778 -0.9959 0.0456
vn -0.0114 -0.9997 -0.0237
vn -0.0588 -0.9954 -0.0760
vn -0.0042 -0.9994 -0.0330
vn -0.0549 -0.9947 -0.0869
vn -0.0150 -0.9997 -0.0211
vn -0.0160 -0.9997 -0.0207
vn -0.0592 -0.9956 -0.0730
vn -0.0573 -0.9956 -0.0742
vn 0.0186 -0.9997 0.0179
vn 0.0632 -0.9956 0.0686
vn 0.0160 -0.9997 0.0207
vn 0.0576 -0.9956 0.0740
vn 0.0039 -0.9997 0.0252
vn 0.0073 -0.9997 0.0247
vn 0.0175 -0.9958 0.0899
vn 0.0262 -0.9957 0.0886
vn -0.0065 -0.9997 -0.0249
vn -0.0198 -0.9958 -0.0896
vn -0.0072 -0.9997 -0.0247
vn -0.0257 -0.9957 -0.0886
vn -0.0082 -0.9997 -0.0249
vn -0.0143 -0.9996 -0.0250
vn -0.0168 -0.9958 -0.0901
vn -0.0194 -0.9957 -0.0905
vn -0.0015 -0.9997 0.0255
vn 0.0074 -0.9959 0.0907
vn -0.0103 -0.9996 0.0257
vn -0.0049 -0.9958 0.0911
vn 0.0128 -0.9997 0.0227
vn 0.0144 -0.9997 0.0218
vn 0.0463 -0.9956 0.0814
vn 0.0520 -0.9956 0.0780
vn -0.0128 -0.9997 -0.0228
vn -0.0456 -0.9956 -0.0817
vn -0.0144 -0.9997 -0.0218
vn -0.0514 -0.9956 -0.0783
vn -0.0111 -0.9997 -0.0236
vn -0.0093 -0.9997 -0.0242
vn -0.0396 -0.9956 -0.0845
vn -0.0332 -0.9957 -0.0869
vn 0.0112 -0.9997 0.0235
vn 0.0404 -0.9956 0.0843
vn 0.0094 -0.9997 0.0242
vn 0.0339 -0.9957 0.0867
vn -0.4700 0.2419 -0.8489
vn -0.5306 0.2416 -0.8125
vn -0.4843 0.0000 -0.8749
vn -0.5467 0.0000 -0.8373
vn -0.2650 0.8373 -0.4782
vn -0.0624 0.9917 -0.1123
vn -0.2994 0.8370 -0.4581
vn -0.0704 0.9917 -0.1076
vn -0.2301 0.8379 -0.4950
vn -0.1929 0.8389 -0.5090
vn -0.0542 0.9917 -0.1162
vn -0.0454 0.9918 -0.1193
vn -0.4086 0.2424 -0.8799
vn -0.4210 0.0000 -0.9070
vn -0.3434 0.2433 -0.9071
vn -0.3539 0.0000 -0.9353
vn 0.4879 -0.1973 0.8503
vn 0.5461 -0.1972 0.8142
vn 0.4978 0.0000 0.8673
vn 0.5571 -0.0000 0.8304
vn 0.3462 -0.7177 0.6042
vn 0.1255 -0.9675 0.2196
vn 0.3878 -0.7175 0.5787
vn 0.1407 -0.9674 0.2104
vn 0.3029 -0.7183 0.6264
vn 0.2549 -0.7198 0.6457
vn 0.1096 -0.9676 0.2275
vn 0.0921 -0.9679 0.2340
vn 0.4273 -0.1977 0.8823
vn 0.4360 0.0000 0.8999
vn 0.3604 -0.1985 0.9114
vn 0.3679 0.0000 0.9299
vn -0.0405 -0.1769 -0.9834
vn -0.0231 -0.1405 -0.9898
vn -0.0228 0.0000 -0.9997
vn -0.0045 0.0000 -1.0000
vn -0.0997 -0.6567 -0.7476
vn -0.1327 -0.9491 -0.2856
vn -0.0902 -0.5468 -0.8324
vn -0.1920 -0.8878 -0.4182
vn -0.0797 -0.7120 -0.6977
vn -0.0682 -0.7260 -0.6843
vn -0.0761 -0.9644 -0.2534
vn -0.0439 -0.9683 -0.2457
vn -0.0602 -0.1968 -0.9786
vn -0.0504 0.0000 -0.9987
vn -0.0752 -0.2023 -0.9764
vn -0.0717 0.0000 -0.9974
vn -0.1951 0.2466 -0.9493
vn -0.2684 0.2450 -0.9316
vn -0.2013 0.0000 -0.9795
vn -0.2768 0.0000 -0.9609
vn -0.1085 0.8424 -0.5278
vn -0.0254 0.9920 -0.1233
vn -0.1501 0.8406 -0.5204
vn -0.0352 0.9919 -0.1218
vn -0.0715 0.8435 -0.5323
vn -0.0440 0.8439 -0.5347
vn -0.0167 0.9921 -0.1242
vn -0.0102 0.9921 -0.1247
vn -0.1291 0.2477 -0.9602
vn -0.1333 0.0000 -0.9911
vn -0.0798 0.2480 -0.9655
vn -0.0825 0.0000 -0.9966
vn 0.2024 -0.2015 0.9583
vn 0.2803 -0.2000 0.9388
vn 0.2070 0.0000 0.9784
vn 0.2862 0.0000 0.9582
vn 0.1414 -0.7253 0.6738
vn 0.0498 -0.9688 0.2426
vn 0.1975 -0.7226 0.6625
vn 0.0711 -0.9683 0.2393
vn 0.0900 -0.7271 0.6806
vn 0.0488 -0.7278 0.6841
vn 0.0287 -0.9692 0.2446
vn 0.0085 -0.9693 0.2458
vn 0.1326 -0.2025 0.9703
vn 0.1364 0.0000 0.9907
vn 0.0801 -0.2028 0.9759
vn 0.0842 0.0000 0.9964
vn -0.0026 0.9999 -0.0124
vn -0.0036 0.9999 -0.0123
vn -0.0092 0.9990 -0.0447
vn -0.0128 0.9989 -0.0441
vn 0.0026 0.9999 0.0124
vn 0.0094 0.9990 0.0447
vn 0.0036 0.9999 0.0123
vn 0.0130 0.9989 0.0441
vn 0.0017 0.9999 0.0125
vn 0.0011 0.9999 0.0126
vn 0.0062 0.9990 0.0450
vn 0.0039 0.9990 0.0452
vn -0.0017 0.9999 -0.0125
vn -0.0061 0.9990 -0.0450
vn -0.0010 0.9999 -0.0126
vn -0.0037 0.9990 -0.0452
vn 0.0217 0.2461 0.9690
vn 0.0049 0.2453 0.9694
vn 0.0215 0.0000 0.9998
vn 0.0044 0.0000 1.0000
vn 0.0129 0.8419 0.5395
vn 0.0034 0.9920 0.1261
vn 0.0033 0.8410 0.5410
vn 0.0011 0.9920 0.1266
vn 0.0275 0.8426 0.5378
vn 0.0393 0.8433 0.5361
vn 0.0068 0.9921 0.1256
vn 0.0094 0.9921 0.1251
vn 0.0480 0.2468 0.9679
vn 0.0488 0.0000 0.9988
vn 0.0699 0.2474 0.9664
vn 0.0716 0.0000 0.9974
vn 0.0004 0.9999 0.0127
vn 0.0002 0.9999 0.0128
vn 0.0013 0.9990 0.0457
vn 0.0004 0.9989 0.0459
vn -0.0001 0.9999 -0.0127
vn -0.0007 0.9990 -0.0457
vn 0.0000 0.9989 -0.0459
vn -0.0005 0.9999 -0.0127
vn -0.0008 0.9999 -0.0126
vn -0.0020 0.9990 -0.0455
vn -0.0031 0.9990 -0.0453
vn 0.0008 0.9999 0.0127
vn 0.0025 0.9990 0.0455
vn 0.0010 0.9999 0.0126
vn 0.0035 0.9990 0.0453
vn -0.0251 -0.9997 -0.0051
vn -0.0252 -0.9997 -0.0053
vn -0.0901 -0.9958 -0.0184
vn -0.0903 -0.9957 -0.0192
vn 0.0251 -0.9997 0.0051
vn 0.0901 -0.9958 0.0182
vn 0.0252 -0.9997 0.0053
vn 0.0903 -0.9957 0.0186
vn 0.0251 -0.9997 0.0048
vn 0.0252 -0.9997 0.0043
vn 0.0901 -0.9958 0.0172
vn 0.0902 -0.9958 0.0154
vn -0.0251 -0.9997 -0.0048
vn -0.0901 -0.9958 -0.0171
vn -0.0252 -0.9997 -0.0043
vn -0.0903 -0.9958 -0.0152
vn -0.0293 -0.9996 0.0054
vn -0.0398 -0.9990 0.0217
vn -0.0995 -0.9950 -0.0110
vn -0.1171 -0.9931 0.0014
vn 0.0194 -0.9997 0.0172
vn 0.0852 -0.9958 0.0348
vn 0.0086 -0.9994 0.0349
vn 0.0720 -0.9958 0.0561
vn 0.0240 -0.9997 0.0092
vn 0.0253 -0.9997 0.0053
vn 0.0899 -0.9957 0.0242
vn 0.0909 -0.9957 0.0188
vn -0.0263 -0.9997 -0.0020
vn -0.0929 -0.9955 -0.0169
vn -0.0253 -0.9997 -0.0054
vn -0.0907 -0.9957 -0.0198
vn 0.9415 0.2399 0.2369
vn 0.9261 0.2408 0.2904
vn 0.9698 0.0000 0.2438
vn 0.9542 -0.0000 0.2991
vn 0.5334 0.8351 0.1346
vn 0.1255 0.9916 0.0319
vn 0.5235 0.8361 0.1642
vn 0.1231 0.9916 0.0387
vn 0.5352 0.8367 0.1163
vn 0.5333 0.8391 0.1073
vn 0.1258 0.9917 0.0276
vn 0.1250 0.9918 0.0254
vn 0.9485 0.2414 0.2052
vn 0.9774 0.0000 0.2112
vn 0.9510 0.2435 0.1905
vn 0.9806 0.0000 0.1962
vn -0.9531 -0.1654 -0.2534
vn -0.9474 -0.1200 -0.2967
vn -0.9655 0.0000 -0.2602
vn -0.9529 0.0000 -0.3034
vn -0.7450 -0.6408 -0.1854
vn -0.2840 -0.9571 -0.0583
vn -0.8287 -0.5052 -0.2406
vn -0.4058 -0.9100 -0.0846
vn -0.6913 -0.7044 -0.1611
vn -0.6767 -0.7207 -0.1506
vn -0.2536 -0.9658 -0.0549
vn -0.2450 -0.9680 -0.0542
vn -0.9546 -0.1914 -0.2283
vn -0.9723 0.0000 -0.2338
vn -0.9565 -0.1990 -0.2134
vn -0.9760 0.0000 -0.2179
vn 0.9650 0.2487 0.0834
vn 0.9603 0.2477 0.1279
vn 0.9963 0.0000 0.0861
vn 0.9912 0.0000 0.1321
vn 0.5334 0.8446 0.0461
vn 0.1243 0.9922 0.0107
vn 0.5323 0.8436 0.0709
vn 0.1242 0.9921 0.0165
vn 0.5340 0.8452 0.0210
vn 0.5342 0.8453 0.0042
vn 0.1243 0.9922 0.0049
vn 0.1244 0.9922 0.0010
vn 0.9677 0.2493 0.0381
vn 0.9992 0.0000 0.0393
vn 0.9684 0.2494 0.0076
vn 1.0000 0.0000 0.0079
vn -0.9597 -0.2010 -0.1966
vn -0.9578 -0.2003 -0.2064
vn -0.9796 0.0000 -0.2008
vn -0.9775 -0.0000 -0.2108
vn -0.6755 -0.7243 -0.1383
vn -0.2434 -0.9686 -0.0498
vn -0.6755 -0.7229 -0.1453
vn -0.2438 -0.9684 -0.0523
vn -0.6766 -0.7251 -0.1283
vn -0.6784 -0.7260 -0.1132
vn -0.2436 -0.9688 -0.0462
vn -0.2440 -0.9689 -0.0408
vn -0.9624 -0.2014 -0.1825
vn -0.9825 0.0000 -0.1863
vn -0.9661 -0.2020 -0.1610
vn -0.9864 0.0000 -0.1644
vn 0.9503 0.2459 0.1907
vn 0.9501 0.2452 0.1927
vn 0.9805 0.0000 0.1967
vn 0.9801 0.0000 0.1987
vn 0.5295 0.8416 0.1063
vn 0.1238 0.9920 0.0249
vn 0.5304 0.8408 0.1079
vn 0.1241 0.9919 0.0254
vn 0.5297 0.8421 0.1016
vn 0.5308 0.8425 0.0914
vn 0.1238 0.9920 0.0237
vn 0.1240 0.9921 0.0213
vn 0.9518 0.2463 0.1826
vn 0.9821 0.0000 0.1885
vn 0.9550 0.2467 0.1647
vn 0.9854 0.0000 0.1700
vn 0.0125 0.9999 0.0025
vn 0.0125 0.9999 0.0026
vn 0.0449 0.9990 0.0091
vn 0.0450 0.9989 0.0093
vn -0.0125 0.9999 -0.0025
vn -0.0449 0.9990 -0.0092
vn -0.0125 0.9999 -0.0026
vn -0.0449 0.9989 -0.0096
vn -0.0125 0.9999 -0.0024
vn -0.0125 0.9999 -0.0021
vn -0.0449 0.9990 -0.0085
vn -0.0449 0.9990 -0.0075
vn 0.0125 0.9999 0.0024
vn 0.0449 0.9990 0.0086
vn 0.0125 0.9999 0.0021
vn 0.0449 0.9990 0.0077
vn 0.0125 0.9999 0.0011
vn 0.0125 0.9999 0.0017
vn 0.0450 0.9990 0.0039
vn 0.0450 0.9990 0.0060
vn -0.0125 0.9999 -0.0011
vn -0.0450 0.9990 -0.0039
vn -0.0125 0.9999 -0.0016
vn -0.0450 0.9990 -0.0059
vn -0.0125 0.9999 -0.0005
vn -0.0125 0.9999 -0.0001
vn -0.0451 0.9990 -0.0018
vn -0.0451 0.9990 -0.0004
vn 0.0125 0.9999 0.0005
vn 0.0451 0.9990 0.0018
vn 0.0125 0.9999 0.0001
vn 0.0451 0.9990 0.0003
vn -0.0252 -0.9997 -0.0022
vn -0.0252 -0.9997 -0.0033
vn -0.0905 -0.9959 -0.0077
vn -0.0904 -0.9958 -0.0118
vn 0.0252 -0.9997 0.0022
vn 0.0905 -0.9959 0.0078
vn 0.0252 -0.9997 0.0033
vn 0.0904 -0.9958 0.0120
vn 0.0252 -0.9997 0.0010
vn 0.0252 -0.9997 0.0002
vn 0.0905 -0.9959 0.0036
vn 0.0905 -0.9959 0.0007
vn -0.0252 -0.9997 -0.0010
vn -0.0905 -0.9959 -0.0036
vn -0.0252 -0.9997 -0.0002
vn -0.0905 -0.9959 -0.0007
vn -0.9755 -0.2034 -0.0833
vn -0.9711 -0.2027 -0.1263
vn -0.9964 0.0000 -0.0851
vn -0.9917 0.0000 -0.1289
vn -0.6824 -0.7286 -0.0583
vn -0.2446 -0.9694 -0.0209
vn -0.6806 -0.7273 -0.0886
vn -0.2444 -0.9692 -0.0319
vn -0.6835 -0.7295 -0.0269
vn -0.6838 -0.7296 -0.0054
vn -0.2448 -0.9695 -0.0096
vn -0.2449 -0.9696 -0.0019
vn -0.9782 -0.2039 -0.0385
vn -0.9992 0.0000 -0.0393
vn -0.9789 -0.2040 -0.0077
vn -1.0000 0.0000 -0.0079
vn 0.0125 -0.9980 -0.0621
vn 0.0973 -0.9863 -0.1329
vn -0.0381 -0.9863 -0.1603
vn 0.0483 -0.9698 -0.2392
vn 0.0621 -0.9980 0.0125
vn 0.1329 -0.9863 0.0973
vn 0.1603 -0.9863 -0.0381
vn 0.2392 -0.9698 0.0483
vn -0.0125 -0.9980 0.0621
vn -0.0973 -0.9863 0.1329
vn 0.0381 -0.9863 0.1603
vn -0.0483 -0.9698 0.2392
vn -0.0621 -0.9980 -0.0125
vn -0.1329 -0.9863 -0.0973
vn -0.1603 -0.9863 0.0381
vn -0.2392 -0.9698 -0.0483
vn -0.7307 -0.0058 0.6826
vn -0.4297 -0.0059 0.9030
vn -0.7307 -0.0056 0.6826
vn -0.4297 -0.0057 0.9030
vn -0.7307 -0.0073 0.6826
vn -0.7307 -0.0128 0.6826
vn -0.4297 -0.0075 0.9030
vn -0.4296 -0.0131 0.9029
vn -0.9126 -0.0073 0.4088
vn -0.9989 -0.0075 0.0458
vn -0.9126 -0.0128 0.4087
vn -0.9989 -0.0131 0.0458
vn -0.9126 -0.0058 0.4088
vn -0.9126 -0.0056 0.4088
vn -0.9989 -0.0059 0.0458
vn -0.9989 -0.0057 0.0458
vn -0.4088 -0.0024 -0.9126
vn -0.4088 0.0000 -0.9126
vn -0.0458 -0.0024 -0.9989
vn -0.0458 0.0000 -0.9990
vn -0.6827 -0.0024 -0.7307
vn -0.9030 -0.0024 -0.4297
vn -0.6827 0.0000 -0.7307
vn -0.9030 0.0000 -0.4297
vn -0.6827 -0.0039 -0.7307
vn -0.6827 -0.0047 -0.7307
vn -0.9030 -0.0040 -0.4297
vn -0.9030 -0.0048 -0.4297
vn -0.4088 -0.0039 -0.9126
vn -0.0458 -0.0040 -0.9989
vn -0.4088 -0.0047 -0.9126
vn -0.0458 -0.0048 -0.9989
vn -0.9126 -0.0024 0.4088
vn -0.9126 0.0000 0.4088
vn -0.9989 -0.0024 0.0458
vn -0.9989 0.0000 0.0458
vn -0.7307 -0.0024 0.6827
vn -0.4297 -0.0024 0.9030
vn -0.7307 0.0000 0.6827
vn -0.4297 0.0000 0.9030
vn -0.7307 -0.0039 0.6826
vn -0.7307 -0.0047 0.6826
vn -0.4297 -0.0040 0.9030
vn -0.4297 -0.0048 0.9030
vn -0.9126 -0.0039 0.4088
vn -0.9989 -0.0040 0.0458
vn -0.9126 -0.0047 0.4088
vn -0.9989 -0.0048 0.0458
vn 0.4088 -0.0024 0.9126
vn 0.4088 0.0000 0.9126
vn 0.0458 -0.0024 0.9989
vn 0.0458 0.0000 0.9990
vn 0.6827 -0.0024 0.7307
vn 0.9030 -0.0024 0.4297
vn 0.6827 0.0000 0.7307
vn 0.9030 0.0000 0.4297
vn 0.6827 -0.0039 0.7307
vn 0.6826 -0.0047 0.7307
vn 0.9030 -0.0040 0.4297
vn 0.9030 -0.0048 0.4297
vn 0.4088 -0.0039 0.9126
vn 0.0458 -0.0040 0.9989
vn 0.4088 -0.0047 0.9126
vn 0.0458 -0.0048 0.9989
vn 0.7188 -0.1763 -0.6725
vn 0.7307 0.0000 -0.6827
vn 0.4216 -0.1837 -0.8880
vn 0.4297 0.0000 -0.9030
vn 0.8986 -0.1763 -0.4017
vn 0.9820 -0.1837 -0.0442
vn 0.9126 0.0000 -0.4088
vn 0.9989 0.0000 -0.0458
vn 0.7219 -0.6166 -0.3141
vn 0.3670 -0.9196 -0.1399
vn 0.7636 -0.6451 -0.0259
vn 0.4082 -0.9128 0.0090
vn 0.5695 -0.6166 -0.5436
vn 0.3200 -0.6451 -0.6938
vn 0.2713 -0.9196 -0.2840
vn 0.1501 -0.9129 -0.3797
vn -0.7307 -0.0140 0.6826
vn -0.4296 -0.0143 0.9029
vn -0.7307 -0.0143 0.6826
vn -0.4296 -0.0146 0.9029
vn -0.7307 -0.0135 0.6826
vn -0.7307 -0.0125 0.6826
vn -0.4296 -0.0138 0.9029
vn -0.4296 -0.0128 0.9029
vn -0.9126 -0.0135 0.4087
vn -0.9989 -0.0138 0.0458
vn -0.9126 -0.0125 0.4087
vn -0.9989 -0.0128 0.0458
vn -0.9126 -0.0140 0.4087
vn -0.9125 -0.0143 0.4087
vn -0.9988 -0.0143 0.0458
vn -0.9988 -0.0146 0.0458
vn -0.6838 -0.0067 -0.7297
vn -0.9030 -0.0059 -0.4297
vn -0.6826 -0.0056 -0.7307
vn -0.9030 -0.0057 -0.4297
vn -0.6881 -0.0131 -0.7255
vn -0.6968 -0.0342 -0.7164
vn -0.9030 -0.0075 -0.4297
vn -0.9029 -0.0131 -0.4296
vn -0.4371 -0.0480 -0.8981
vn -0.0744 -0.1087 -0.9913
vn -0.4756 -0.1355 -0.8692
vn -0.1763 -0.4162 -0.8920
vn -0.4146 -0.0118 -0.9099
vn -0.4088 -0.0056 -0.9126
vn -0.0512 -0.0203 -0.9985
vn -0.0458 -0.0057 -0.9989
vn 0.6779 -0.0118 0.7350
vn 0.9005 -0.0203 0.4344
vn 0.6827 -0.0056 0.7307
vn 0.9030 -0.0057 0.4297
vn 0.6583 -0.0480 0.7512
vn 0.6167 -0.1355 0.7755
vn 0.8848 -0.1087 0.4531
vn 0.7538 -0.4162 0.5085
vn 0.4018 -0.0131 0.9156
vn 0.0458 -0.0075 0.9989
vn 0.3900 -0.0342 0.9202
vn 0.0458 -0.0131 0.9989
vn 0.4074 -0.0067 0.9132
vn 0.4088 -0.0056 0.9126
vn 0.0458 -0.0059 0.9989
vn 0.0458 -0.0057 0.9989
vn 0.7340 -0.0126 -0.6790
vn 0.4343 -0.0204 -0.9005
vn 0.7307 -0.0056 -0.6826
vn 0.4297 -0.0057 -0.9030
vn 0.7446 -0.0602 -0.6648
vn 0.6727 -0.4471 -0.5896
vn 0.4467 -0.1140 -0.8874
vn 0.3564 -0.5842 -0.7292
vn 0.9015 -0.0602 -0.4285
vn 0.9912 -0.1140 -0.0675
vn 0.8044 -0.4471 -0.3913
vn 0.8103 -0.5842 -0.0457
vn 0.9106 -0.0126 -0.4132
vn 0.9126 -0.0056 -0.4088
vn 0.9985 -0.0204 -0.0510
vn 0.9989 -0.0057 -0.0458
vn 0.6801 -0.1779 -0.7112
vn 0.6901 0.0000 -0.7237
vn 0.7126 -0.1524 -0.6848
vn 0.7190 0.0000 -0.6950
vn 0.6459 -0.1907 -0.7392
vn 0.6043 -0.1942 -0.7727
vn 0.6576 0.0000 -0.7534
vn 0.6161 -0.0000 -0.7877
vn 0.4618 -0.7142 -0.5260
vn 0.1617 -0.9700 -0.1815
vn 0.4257 -0.7225 -0.5447
vn 0.1476 -0.9708 -0.1892
vn 0.5096 -0.6817 -0.5250
vn 0.5767 -0.6132 -0.5398
vn 0.1819 -0.9668 -0.1792
vn 0.2394 -0.9494 -0.2032
vn -0.6826 -0.0140 -0.7307
vn -0.9029 -0.0143 -0.4296
vn -0.6826 -0.0143 -0.7307
vn -0.9029 -0.0146 -0.4296
vn -0.6826 -0.0135 -0.7307
vn -0.6826 -0.0125 -0.7307
vn -0.9029 -0.0138 -0.4296
vn -0.9029 -0.0128 -0.4296
vn -0.4087 -0.0135 -0.9126
vn -0.0458 -0.0138 -0.9989
vn -0.4087 -0.0125 -0.9126
vn -0.0458 -0.0128 -0.9989
vn -0.4087 -0.0141 -0.9125
vn -0.4087 -0.0143 -0.9125
vn -0.0458 -0.0143 -0.9988
vn -0.0458 -0.0146 -0.9988
vn 0.6826 -0.0141 0.7307
vn 0.9029 -0.0143 0.4296
vn 0.6826 -0.0143 0.7307
vn 0.9029 -0.0146 0.4296
vn 0.6826 -0.0135 0.7307
vn 0.6826 -0.0126 0.7307
vn 0.9029 -0.0138 0.4296
vn 0.9029 -0.0128 0.4296
vn 0.4087 -0.0135 0.9126
vn 0.0458 -0.0138 0.9989
vn 0.4087 -0.0125 0.9126
vn 0.0458 -0.0128 0.9989
vn 0.4087 -0.0141 0.9126
vn 0.4087 -0.0143 0.9125
vn 0.0458 -0.0143 0.9988
vn 0.0458 -0.0146 0.9988
vn 0.7307 -0.0141 -0.6826
vn 0.4296 -0.0143 -0.9029
vn 0.7307 -0.0143 -0.6826
vn 0.4296 -0.0146 -0.9029
vn 0.7307 -0.0135 -0.6826
vn 0.7307 -0.0125 -0.6826
vn 0.4296 -0.0138 -0.9029
vn 0.4296 -0.0128 -0.9029
vn 0.9126 -0.0135 -0.4087
vn 0.9989 -0.0138 -0.0458
vn 0.9126 -0.0125 -0.4087
vn 0.9989 -0.0128 -0.0458
vn 0.9126 -0.0140 -0.4087
vn 0.9125 -0.0143 -0.4087
vn 0.9988 -0.0143 -0.0458
vn 0.9988 -0.0146 -0.0458
vn 0.0037 1.0000 -0.0021
vn 0.0039 1.0000 -0.0016
vn 0.0131 0.9999 -0.0075
vn 0.0142 0.9999 -0.0059
vn -0.0037 1.0000 0.0021
vn -0.0132 0.9999 0.0075
vn -0.0040 1.0000 0.0016
vn -0.0142 0.9999 0.0059
vn -0.0034 1.0000 0.0025
vn -0.0032 1.0000 0.0028
vn -0.0121 0.9999 0.0091
vn -0.0114 0.9999 0.0102
vn 0.0034 1.0000 -0.0025
vn 0.0121 0.9999 -0.0091
vn 0.0032 1.0000 -0.0028
vn 0.0114 0.9999 -0.0101
vn 0.8326 0.2761 -0.4801
vn 0.8868 0.2723 -0.3735
vn 0.8663 0.0000 -0.4996
vn 0.9216 0.0000 -0.3882
vn 0.3583 0.9105 -0.2065
vn 0.0364 0.9991 -0.0210
vn 0.3858 0.9082 -0.1623
vn 0.0394 0.9991 -0.0165
vn 0.3314 0.9106 -0.2469
vn 0.3121 0.9093 -0.2754
vn 0.0337 0.9991 -0.0251
vn 0.0318 0.9991 -0.0281
vn 0.7708 0.2763 -0.5740
vn 0.8020 0.0000 -0.5973
vn 0.7214 0.2741 -0.6360
vn 0.7502 0.0000 -0.6612
vn -0.7681 0.2762 0.5778
vn -0.7146 0.2738 0.6437
vn -0.7991 0.0000 0.6012
vn -0.7430 0.0000 0.6693
vn -0.3303 0.9106 0.2484
vn -0.0336 0.9991 0.0252
vn -0.3096 0.9091 0.2787
vn -0.0315 0.9991 0.0284
vn -0.3598 0.9104 0.2040
vn -0.3878 0.9080 0.1589
vn -0.0366 0.9991 0.0208
vn -0.0395 0.9991 0.0162
vn -0.8362 0.2760 0.4740
vn -0.8700 0.0000 0.4931
vn -0.8905 0.2720 0.3647
vn -0.9254 0.0000 0.3789
vn 0.0042 1.0000 -0.0011
vn 0.0152 0.9999 -0.0039
vn 0.0041 1.0000 -0.0013
vn 0.0149 0.9999 -0.0047
vn 0.0042 1.0000 -0.0010
vn 0.0042 1.0000 -0.0009
vn 0.0152 0.9999 -0.0034
vn 0.0151 0.9999 -0.0031
vn -0.0042 1.0000 0.0010
vn -0.0152 0.9999 0.0036
vn -0.0042 1.0000 0.0009
vn -0.0151 0.9999 0.0033
vn -0.0042 1.0000 0.0011
vn -0.0041 1.0000 0.0013
vn -0.0151 0.9999 0.0040
vn -0.0149 0.9999 0.0047
vn -0.0189 -0.9992 -0.0359
vn 0.0000 -0.9994 -0.0357
vn -0.0226 -0.9915 -0.1278
vn 0.0000 -0.9918 -0.1275
vn -0.0189 -0.9992 0.0359
vn -0.0226 -0.9915 0.1278
vn 0.0000 -0.9994 0.0357
vn 0.0000 -0.9918 0.1275
vn -0.0607 -0.9974 0.0385
vn -0.1454 -0.9882 0.0478
vn -0.0760 -0.9884 0.1313
vn -0.1629 -0.9758 0.1456
vn -0.0607 -0.9974 -0.0385
vn -0.0760 -0.9884 -0.1313
vn -0.1454 -0.9882 -0.0478
vn -0.1629 -0.9758 -0.1456
vn -0.9889 -0.0066 0.1486
vn -0.8813 -0.0060 0.4724
vn -0.9880 -0.0122 0.1538
vn -0.9859 -0.0307 0.1645
vn -0.8813 -0.0075 0.4724
vn -0.8813 -0.0129 0.4724
vn -0.9920 -0.0435 -0.1184
vn -0.8903 -0.1040 -0.4434
vn -0.9899 -0.1202 -0.0755
vn -0.8672 -0.3866 -0.3139
vn -0.9899 -0.0113 -0.1415
vn -0.8838 -0.0201 -0.4674
vn -0.0902 -0.0024 -0.9959
vn -0.2670 -0.0024 -0.9637
vn -0.5575 -0.0024 -0.8302
vn -0.2670 -0.0040 -0.9637
vn -0.2670 -0.0049 -0.9637
vn -0.5575 -0.0040 -0.8302
vn -0.5575 -0.0049 -0.8302
vn -0.0902 -0.0040 -0.9959
vn 0.0000 -0.0042 -1.0000
vn -0.0902 -0.0050 -0.9959
vn -0.8813 -0.0024 -0.4725
vn -0.8813 0.0000 0.4725
vn -0.9891 -0.0047 0.1473
vn -0.9891 -0.0048 -0.1473
vn 0.2449 -0.0029 0.9695
vn 0.8100 -0.0032 0.5865
vn 0.9846 -0.0027 0.1749
vn 0.8100 -0.0053 0.5864
vn 0.8100 -0.0065 0.5864
vn 0.9846 -0.0045 0.1749
vn 0.9846 -0.0054 0.1749
vn 0.2449 -0.0048 0.9695
vn 0.2449 -0.0059 0.9695
vn 0.9996 -0.0208 -0.0178
vn 0.9976 -0.0248 -0.0639
vn 0.9996 -0.0208 0.0178
vn 0.9976 -0.0248 0.0639
vn 0.9952 -0.0955 0.0188
vn 0.9562 -0.2917 0.0230
vn 0.9909 -0.1182 0.0650
vn 0.9427 -0.3262 0.0699
vn 0.9953 -0.0955 -0.0188
vn 0.9909 -0.1182 -0.0650
vn 0.9562 -0.2917 -0.0230
vn 0.9427 -0.3262 -0.0699
vn -0.9890 -0.0136 0.1473
vn -0.9890 -0.0126 0.1473
vn -0.8813 -0.0140 0.4724
vn -0.8813 -0.0130 0.4724
vn -0.9890 -0.0136 -0.1473
vn -0.9890 -0.0126 -0.1473
vn -0.8813 -0.0130 -0.4724
vn 0.2400 -0.0123 -0.9707
vn 0.0000 -0.0106 -0.9999
vn 0.2449 -0.0069 -0.9695
vn 0.2215 -0.0501 -0.9739
vn 0.1932 -0.5136 -0.8360
vn 0.0000 -0.0429 -0.9991
vn -0.0000 -0.4930 -0.8701
vn 0.7751 -0.0568 -0.6293
vn 0.9827 -0.0338 -0.1823
vn 0.7145 -0.4266 -0.5545
vn 0.9708 -0.1703 -0.1688
vn 0.8031 -0.0137 -0.5957
vn 0.8100 -0.0076 -0.5864
vn 0.9842 -0.0101 -0.1767
vn 0.9846 -0.0064 -0.1749
vn -0.0902 -0.0061 0.9959
vn 0.0000 -0.0063 1.0000
vn -0.0902 -0.0059 0.9959
vn -0.0902 -0.0076 0.9959
vn -0.0902 -0.0131 0.9958
vn 0.0000 -0.0078 1.0000
vn 0.0000 -0.0134 0.9999
vn -0.2670 -0.0075 0.9637
vn -0.5575 -0.0076 0.8301
vn -0.2670 -0.0129 0.9636
vn -0.5575 -0.0130 0.8301
vn -0.2670 -0.0060 0.9637
vn -0.2670 -0.0058 0.9637
vn -0.5575 -0.0061 0.8302
vn -0.5575 -0.0058 0.8302
vn 0.9998 -0.0069 -0.0171
vn 0.9980 -0.0082 -0.0630
vn 0.9979 -0.0061 -0.0638
vn 0.9998 -0.0119 -0.0144
vn 0.9996 -0.0262 -0.0092
vn 0.9980 -0.0204 -0.0595
vn 0.9970 -0.0644 -0.0433
vn 0.9998 -0.0084 0.0185
vn 0.9979 -0.0079 0.0638
vn 0.9997 -0.0155 0.0199
vn 0.9979 -0.0136 0.0638
vn 0.9998 -0.0063 0.0179
vn 0.9979 -0.0063 0.0638
vn -0.0003 0.2721 0.9623
vn 0.0000 0.2720 0.9623
vn -0.0003 0.0000 1.0000
vn -0.0001 0.9080 0.4190
vn -0.0000 0.9991 0.0427
vn 0.0000 0.9080 0.4190
vn -0.0003 0.9081 0.4187
vn -0.0006 0.9084 0.4181
vn -0.0000 0.9991 0.0426
vn -0.0008 0.2723 0.9622
vn -0.0009 0.0000 1.0000
vn -0.0018 0.2727 0.9621
vn -0.0021 0.0000 1.0000
vn 0.2449 -0.0175 -0.9694
vn 0.2449 -0.0178 -0.9694
vn 0.2449 -0.0168 -0.9694
vn 0.2449 -0.0156 -0.9694
vn 0.0000 -0.0135 -0.9999
vn 0.8098 -0.0185 -0.5864
vn 0.9845 -0.0157 -0.1748
vn 0.8099 -0.0172 -0.5864
vn 0.9845 -0.0145 -0.1748
vn 0.8098 -0.0193 -0.5863
vn 0.8098 -0.0197 -0.5863
vn 0.9845 -0.0163 -0.1748
vn 0.9845 -0.0166 -0.1748
vn -0.0902 -0.0148 0.9958
vn -0.0902 -0.0151 0.9958
vn -0.0902 -0.0142 0.9958
vn -0.0902 -0.0132 0.9958
vn 0.0000 -0.0146 0.9999
vn 0.0000 -0.0135 0.9999
vn -0.2670 -0.0140 0.9636
vn -0.5575 -0.0142 0.8301
vn -0.2670 -0.0130 0.9636
vn -0.5575 -0.0132 0.8301
vn -0.2670 -0.0146 0.9636
vn -0.2670 -0.0149 0.9636
vn -0.5574 -0.0148 0.8301
vn -0.5574 -0.0151 0.8301
vn 0.9997 -0.0145 -0.0178
vn 0.9998 -0.0134 -0.0178
vn 0.9979 -0.0147 -0.0638
vn 0.9979 -0.0136 -0.0638
vn 0.9997 -0.0145 0.0178
vn 0.9979 -0.0147 0.0638
vn 0.9998 -0.0134 0.0178
vn 0.9978 -0.0153 0.0638
vn 0.0000 1.0000 -0.0043
vn 0.0000 0.9999 -0.0154
vn 0.0001 0.9999 -0.0154
vn 0.0000 1.0000 0.0043
vn 0.0000 0.9999 0.0154
vn 0.9994 0.0286 -0.0178
vn 0.9974 0.0340 -0.0638
vn 0.9759 0.2175 -0.0178
vn 0.3655 0.9308 -0.0088
vn 0.9639 0.2588 -0.0623
vn 0.3268 0.9448 -0.0242
vn 0.9759 0.2175 0.0178
vn 0.9639 0.2589 0.0623
vn 0.3654 0.9308 0.0088
vn 0.3269 0.9448 0.0242
vn 0.9994 0.0286 0.0178
vn 0.9974 0.0340 0.0638
vn -0.0908 -0.9956 -0.0232
vn -0.1438 -0.9893 -0.0259
vn -0.0937 -0.9917 -0.0878
vn -0.1350 -0.9860 -0.0975
vn -0.0921 -0.9955 0.0237
vn -0.0983 -0.9912 0.0885
vn -0.1451 -0.9891 0.0264
vn -0.1380 -0.9855 0.0986
vn -0.0554 -0.9982 0.0236
vn -0.0301 -0.9993 0.0237
vn -0.0602 -0.9945 0.0861
vn -0.0338 -0.9957 0.0857
vn -0.0533 -0.9983 -0.0237
vn -0.0525 -0.9949 -0.0860
vn -0.0270 -0.9993 -0.0242
vn -0.0227 -0.9960 -0.0863
vn 0.2337 0.2615 -0.9365
vn -0.0000 0.2720 -0.9623
vn 0.1009 0.9017 -0.4203
vn 0.0123 0.9990 -0.0427
vn -0.0000 0.9080 -0.4190
vn 0.0000 0.9991 -0.0427
vn 0.4995 0.7836 -0.3694
vn 0.9028 0.3997 -0.1586
vn 0.0705 0.9966 -0.0418
vn 0.2340 0.9716 -0.0358
vn 0.7979 0.1591 -0.5815
vn 0.9831 0.0558 -0.1744
vn 0.9998 -0.0204 0.0024
vn 0.9996 -0.0265 -0.0084
vn 0.9997 -0.0255 -0.0029
vn 0.9984 -0.0512 -0.0235
vn 0.9999 -0.0100 0.0024
vn 1.0000 -0.0051 -0.0030
vn 1.0000 -0.0040 -0.0084
vn 0.9995 0.0194 -0.0240
vn 0.9996 -0.0141 0.0240
vn 0.9978 -0.0155 0.0638
vn 0.9997 -0.0132 0.0220
vn 0.9996 -0.0162 0.0241
vn 0.9996 -0.0169 0.0220
vn 0.9978 -0.0152 0.0638
vn -0.0902 -0.0147 0.9958
vn 0.0000 -0.0151 0.9999
vn -0.0902 -0.0150 0.9958
vn 0.0000 -0.0154 0.9999
vn -0.2670 -0.0148 0.9636
vn -0.5574 -0.0150 0.8301
vn -0.2670 -0.0145 0.9636
vn -0.2670 -0.0141 0.9636
vn -0.5574 -0.0147 0.8301
vn -0.5574 -0.0142 0.8301
vn -0.9799 -0.0240 0.1979
vn -0.8813 -0.0145 0.4724
vn -0.9828 -0.0330 0.1816
vn -0.9802 -0.0047 0.1978
vn -0.9834 0.0037 0.1813
vn -0.8813 -0.0148 0.4724
vn -0.9994 0.0297 0.0199
vn -0.9943 0.0805 -0.0703
vn -0.9971 0.0718 -0.0253
vn -0.9460 0.2623 -0.1905
vn -0.9981 -0.0586 0.0204
vn -0.9942 -0.1049 -0.0239
vn -0.9916 -0.1094 -0.0691
vn -0.9361 -0.2998 -0.1838
vn 0.6587 -0.2229 0.7186
vn 0.6816 -0.6105 0.4035
vn 0.6360 -0.1740 0.7518
vn 0.7177 -0.4968 0.4879
vn 0.5954 -0.2558 0.7616
vn 0.4413 -0.2600 0.8588
vn 0.5683 -0.6690 0.4790
vn 0.3325 -0.6861 0.6471
vn 0.6008 0.2344 0.7642
vn 0.5816 0.6585 0.4776
vn 0.4432 0.2445 0.8625
vn 0.3339 0.6826 0.6500
vn 0.6648 0.1978 0.7203
vn 0.6401 0.1476 0.7539
vn 0.6985 0.5932 0.4003
vn 0.7331 0.4730 0.4887
vn 0.9990 -0.0437 0.0000
vn 0.5325 -0.0632 0.8441
vn 0.6152 -0.1180 0.7795
vn 0.5718 -0.1147 0.8123
vn 0.6862 -0.3206 0.6529
vn 0.5337 0.0349 0.8449
vn 0.5745 0.0850 0.8141
vn 0.6177 0.0901 0.7812
vn 0.6949 0.2921 0.6572
vn 0.3548 -0.0033 0.9349
vn 0.0458 -0.0145 0.9988
vn 0.3724 0.0069 0.9281
vn 0.3545 -0.0251 0.9347
vn 0.3718 -0.0355 0.9276
vn 0.0458 -0.0144 0.9988
vn 0.0458 -0.0140 0.9989
vn -0.7241 -0.0251 -0.6893
vn -0.7108 -0.0354 -0.7025
vn -0.9029 -0.0140 -0.4296
vn -0.7242 -0.0033 -0.6896
vn -0.7110 0.0069 -0.7032
vn -0.9029 -0.0145 -0.4296
vn -0.5718 0.0349 -0.8197
vn -0.4805 0.0901 -0.8723
vn -0.5276 0.0850 -0.8452
vn -0.3362 0.2921 -0.8954
vn -0.5715 -0.0632 -0.8182
vn -0.5269 -0.1147 -0.8421
vn -0.4799 -0.1180 -0.8694
vn -0.3357 -0.3206 -0.8857
vn -0.7307 -0.0141 0.6826
vn -0.4296 -0.0144 0.9029
vn -0.7307 -0.0137 0.6826
vn -0.4296 -0.0140 0.9029
vn -0.4296 -0.0145 0.9029
vn -0.9126 -0.0142 0.4087
vn -0.9988 -0.0145 0.0458
vn -0.9988 -0.0147 0.0458
vn -0.9126 -0.0141 0.4087
vn -0.9126 -0.0137 0.4087
vn -0.9988 -0.0144 0.0458
vn -0.9989 -0.0140 0.0458
vn -0.4415 0.2530 -0.8609
vn -0.3329 0.6838 -0.6493
vn -0.4416 0.2519 -0.8611
vn -0.3330 0.6836 -0.6495
vn -0.4414 0.2537 -0.8607
vn -0.4413 0.2541 -0.8606
vn -0.3328 0.6840 -0.6492
vn -0.3328 0.6841 -0.6491
vn -0.4423 -0.2480 -0.8619
vn -0.3348 -0.6802 -0.6521
vn -0.4423 -0.2474 -0.8621
vn -0.3349 -0.6800 -0.6523
vn -0.4421 -0.2488 -0.8617
vn -0.4420 -0.2501 -0.8614
vn -0.3346 -0.6806 -0.6517
vn -0.3343 -0.6813 -0.6512
vn 0.5001 0.8380 -0.2181
vn 0.5882 0.8087 0.0054
vn 0.6972 0.6310 -0.3403
vn 0.6616 0.7498 -0.0041
vn 0.2661 0.9623 -0.0559
vn 0.0480 0.9945 0.0936
vn 0.4243 0.8962 0.1296
vn 0.1629 0.9342 0.3173
vn 0.1663 0.9586 -0.2310
vn 0.0756 0.8858 -0.4578
vn -0.0480 0.9944 -0.0937
vn -0.1629 0.9341 -0.3177
vn 0.3972 0.8364 -0.3777
vn 0.5841 0.6310 -0.5106
vn 0.2282 0.8056 -0.5468
vn 0.2604 0.7499 -0.6082
vn 0.3542 -0.8673 -0.3497
vn 0.2043 -0.8223 -0.5311
vn 0.5374 -0.6944 -0.4785
vn 0.2366 -0.7752 -0.5858
vn 0.1404 -0.9665 -0.2149
vn -0.0487 -0.9943 -0.0948
vn 0.0584 -0.8923 -0.4476
vn -0.1641 -0.9333 -0.3194
vn 0.2410 -0.9698 -0.0380
vn 0.4080 -0.9019 0.1418
vn 0.0488 -0.9943 0.0948
vn 0.1643 -0.9332 0.3197
vn 0.4574 -0.8689 -0.1893
vn 0.6495 -0.6944 -0.3098
vn 0.5643 -0.8253 0.0214
vn 0.6317 -0.7752 0.0091
vn -0.3956 0.1969 -0.8971
vn -0.0892 0.5903 -0.8022
vn -0.4466 0.1476 -0.8825
vn -0.1661 0.4730 -0.8653
vn -0.4064 0.2310 -0.8840
vn -0.4428 0.2414 -0.8635
vn -0.1607 0.6472 -0.7451
vn -0.3339 0.6813 -0.6514
vn -0.4063 -0.2543 -0.8776
vn -0.1673 -0.6592 -0.7331
vn -0.4404 -0.2631 -0.8584
vn -0.3317 -0.6874 -0.6461
vn -0.3964 -0.2224 -0.8908
vn -0.4462 -0.1740 -0.8778
vn -0.0987 -0.6079 -0.7879
vn -0.1713 -0.4968 -0.8508
vn -0.0489 -0.9943 -0.0951
vn -0.1651 -0.9324 -0.3214
vn -0.0488 -0.9943 -0.0951
vn -0.1650 -0.9325 -0.3212
vn -0.0489 -0.9943 -0.0952
vn -0.1651 -0.9324 -0.3215
vn -0.1652 -0.9324 -0.3216
vn 0.0488 -0.9943 0.0950
vn 0.1644 -0.9331 0.3199
vn 0.0488 -0.9943 0.0949
vn 0.0485 0.9943 0.0946
vn 0.1645 0.9329 0.3204
vn 0.0485 0.9943 0.0945
vn 0.1644 0.9330 0.3202
vn 0.0486 0.9943 0.0947
vn 0.1646 0.9328 0.3206
vn 0.1647 0.9327 0.3208
vn -0.0485 0.9943 -0.0945
vn -0.1636 0.9335 -0.3192
vn -0.1637 0.9334 -0.3192
vn -0.0484 0.9944 -0.0944
vn -0.1636 0.9335 -0.3191
vn -0.1635 0.9336 -0.3190
vn 0.4412 -0.2612 0.8585
vn 0.3326 -0.6860 0.6472
vn 0.4412 -0.2611 0.8586
vn 0.3326 -0.6860 0.6471
vn 0.4412 -0.2613 0.8585
vn 0.4436 0.2403 0.8634
vn 0.3358 0.6782 0.6536
vn 0.4437 0.2402 0.8634
vn 0.3358 0.6781 0.6538
vn 0.4436 0.2405 0.8633
vn 0.4436 0.2409 0.8633
vn 0.3357 0.6785 0.6534
vn 0.3355 0.6789 0.6531
vn -0.6467 -0.3172 -0.6937
vn -0.8777 -0.2430 -0.4130
vn -0.2978 -0.9009 -0.3158
vn -0.0683 -0.9959 -0.0599
vn -0.5184 -0.8246 -0.2268
vn -0.1746 -0.9835 -0.0466
vn -0.1524 -0.9152 -0.3730
vn 0.0151 -0.8890 -0.4577
vn -0.0164 -0.9970 -0.0761
vn 0.0453 -0.9914 -0.1225
vn -0.3804 -0.3410 -0.8597
vn -0.0314 -0.3118 -0.9496
vn -0.7348 -0.0147 0.6781
vn -0.4387 -0.1531 0.8855
vn -0.7466 -0.0684 0.6617
vn -0.7519 -0.1848 0.6329
vn -0.3877 -0.6195 0.6826
vn -0.2970 -0.8719 0.3894
vn -0.9039 -0.0222 0.4272
vn -0.8787 -0.4708 0.0791
vn -0.8886 -0.1165 0.4436
vn -0.5870 -0.8015 0.1138
vn -0.9107 -0.0051 0.4130
vn -0.9935 -0.0999 0.0547
vn -0.9990 0.0000 0.0458
vn 0.7373 -0.0693 -0.6720
vn 0.4406 -0.1924 -0.8768
vn 0.7176 -0.3547 -0.5994
vn 0.6331 -0.6154 -0.4696
vn 0.3582 -0.7284 -0.5841
vn 0.2449 -0.9392 -0.2407
vn 0.8213 -0.3789 -0.4265
vn 0.6052 -0.7887 -0.1078
vn 0.6700 -0.6269 -0.3977
vn 0.2937 -0.9466 -0.1328
vn 0.9045 -0.0772 -0.4194
vn 0.9682 -0.2399 -0.0713
vn 0.9990 0.0000 -0.0458
vn 0.5998 -0.4916 0.6313
vn 0.8256 -0.4245 0.3717
vn 0.1978 -0.9620 0.1883
vn 0.0459 -0.9986 0.0248
vn 0.3290 -0.9380 0.1094
vn 0.1079 -0.9941 -0.0086
vn 0.1103 -0.9571 0.2681
vn -0.0129 -0.9116 0.4109
vn 0.0123 -0.9983 0.0577
vn -0.0375 -0.9909 0.1295
vn 0.3577 -0.4725 0.8055
vn 0.0306 -0.3652 0.9304
vn -0.9857 -0.0884 0.1435
vn -0.8772 -0.1100 0.4673
vn -0.8338 -0.5404 0.1127
vn -0.2276 -0.9731 0.0346
vn -0.7027 -0.6079 0.3697
vn -0.2242 -0.9657 0.1310
vn -0.8326 -0.5423 -0.1122
vn -0.6999 -0.6119 -0.3683
vn -0.2261 -0.9735 -0.0341
vn -0.2213 -0.9665 -0.1297
vn -0.9857 -0.0889 -0.1434
vn -0.8771 -0.1111 -0.4672
vn -0.0880 -0.0061 0.9961
vn -0.0790 -0.0390 0.9961
vn -0.0623 -0.1035 0.9927
vn -0.2235 -0.2238 0.9487
vn -0.4522 -0.5065 0.7342
vn -0.1543 -0.4874 0.8594
vn -0.1826 -0.8942 0.4087
vn -0.2592 -0.0363 0.9651
vn -0.5491 -0.0893 0.8310
vn -0.0021 1.0000 0.0038
vn -0.0076 0.9999 0.0136
vn -0.0024 1.0000 0.0036
vn -0.0085 0.9999 0.0130
vn -0.0018 1.0000 0.0039
vn -0.0015 1.0000 0.0040
vn -0.0066 0.9999 0.0140
vn -0.0055 0.9999 0.0144
vn 0.0019 1.0000 -0.0039
vn 0.0067 0.9999 -0.0140
vn 0.0016 1.0000 -0.0040
vn 0.0056 0.9999 -0.0144
vn 0.0021 1.0000 -0.0038
vn 0.0024 1.0000 -0.0036
vn 0.0077 0.9999 -0.0135
vn 0.0086 0.9999 -0.0130
vn -0.6600 0.2702 0.7010
vn -0.6855 0.0000 0.7281
vn -0.6866 0.2717 0.6743
vn -0.7134 0.0000 0.7007
vn -0.6288 0.2692 0.7295
vn -0.5874 0.2689 0.7633
vn -0.6529 0.0000 0.7574
vn -0.6098 0.0000 0.7925
vn -0.2762 0.9062 0.3203
vn -0.0282 0.9991 0.0327
vn -0.2582 0.9060 0.3354
vn -0.0264 0.9991 0.0343
vn -0.2890 0.9068 0.3069
vn -0.2993 0.9078 0.2938
vn -0.0295 0.9991 0.0313
vn -0.0305 0.9991 0.0299
vn -0.0030 1.0000 0.0031
vn -0.0106 0.9999 0.0113
vn -0.0031 1.0000 0.0030
vn -0.0110 0.9999 0.0108
vn -0.0028 1.0000 0.0033
vn -0.0027 1.0000 0.0034
vn -0.0102 0.9999 0.0118
vn -0.0095 0.9999 0.0123
vn 0.0028 1.0000 -0.0033
vn 0.0102 0.9999 -0.0117
vn 0.0027 1.0000 -0.0034
vn 0.0096 0.9999 -0.0123
vn 0.0030 1.0000 -0.0031
vn 0.0031 1.0000 -0.0030
vn 0.0107 0.9999 -0.0112
vn 0.0111 0.9999 -0.0107
vn 0.0200 -0.9997 -0.0119
vn 0.0645 -0.9963 -0.0574
vn 0.0254 -0.9997 -0.0021
vn 0.0704 -0.9966 -0.0428
vn 0.0173 -0.9997 -0.0171
vn 0.0152 -0.9997 -0.0195
vn 0.0595 -0.9961 -0.0649
vn 0.0545 -0.9961 -0.0699
vn -0.0143 -0.9997 0.0197
vn -0.0560 -0.9961 0.0687
vn -0.0151 -0.9997 0.0195
vn -0.0541 -0.9961 0.0701
vn -0.0112 -0.9997 0.0215
vn -0.0048 -0.9996 0.0286
vn -0.0555 -0.9959 0.0707
vn -0.0511 -0.9956 0.0786
vn 0.0036 -0.9997 -0.0238
vn 0.0164 -0.9963 -0.0849
vn 0.0069 -0.9997 -0.0233
vn 0.0248 -0.9962 -0.0837
vn -0.0016 -0.9997 -0.0241
vn -0.0105 -0.9997 -0.0242
vn 0.0067 -0.9963 -0.0857
vn -0.0053 -0.9963 -0.0861
vn -0.0080 -0.9997 0.0235
vn -0.0162 -0.9962 0.0851
vn -0.0142 -0.9996 0.0236
vn -0.0190 -0.9962 0.0854
vn -0.0062 -0.9997 0.0235
vn -0.0068 -0.9997 0.0233
vn -0.0188 -0.9962 0.0847
vn -0.0243 -0.9962 0.0837
vn 0.0121 -0.9997 -0.0215
vn 0.0437 -0.9961 -0.0769
vn 0.0136 -0.9997 -0.0206
vn 0.0491 -0.9961 -0.0737
vn 0.0106 -0.9997 -0.0222
vn 0.0089 -0.9997 -0.0228
vn 0.0382 -0.9961 -0.0796
vn 0.0320 -0.9961 -0.0819
vn -0.0105 -0.9997 0.0222
vn -0.0374 -0.9961 0.0799
vn -0.0088 -0.9997 0.0229
vn -0.0313 -0.9961 0.0820
vn -0.0121 -0.9997 0.0215
vn -0.0136 -0.9997 0.0206
vn -0.0430 -0.9961 0.0772
vn -0.0486 -0.9961 0.0740
vn -0.4664 0.2697 0.8425
vn -0.4843 0.0000 0.8749
vn -0.5266 0.2693 0.8064
vn -0.5467 0.0000 0.8373
vn -0.4055 0.2702 0.8733
vn -0.3407 0.2712 0.9002
vn -0.4210 0.0000 0.9070
vn -0.3539 0.0000 0.9353
vn -0.1777 0.9068 0.3823
vn -0.0182 0.9991 0.0390
vn -0.1489 0.9075 0.3929
vn -0.0152 0.9991 0.0401
vn -0.2047 0.9065 0.3694
vn -0.2313 0.9062 0.3539
vn -0.0209 0.9991 0.0377
vn -0.0237 0.9991 0.0361
vn 0.4882 -0.1944 -0.8508
vn 0.4978 0.0000 -0.8673
vn 0.5464 -0.1943 -0.8146
vn 0.5571 -0.0000 -0.8304
vn 0.4275 -0.1948 -0.8828
vn 0.3606 -0.1955 -0.9120
vn 0.4360 0.0000 -0.8999
vn 0.3679 0.0000 -0.9299
vn 0.3005 -0.7236 -0.6214
vn 0.1039 -0.9710 -0.2155
vn 0.2529 -0.7251 -0.6405
vn 0.0872 -0.9712 -0.2217
vn 0.3435 -0.7230 -0.5994
vn 0.3847 -0.7228 -0.5741
vn 0.1189 -0.9709 -0.2081
vn 0.1333 -0.9708 -0.1993
vn -0.0401 -0.1752 0.9837
vn -0.0228 0.0000 0.9997
vn -0.0227 -0.1400 0.9899
vn -0.0045 0.0000 1.0000
vn -0.0600 -0.1941 0.9791
vn -0.0752 -0.1994 0.9770
vn -0.0504 0.0000 0.9987
vn -0.0717 0.0000 0.9974
vn -0.0774 -0.7193 0.6904
vn -0.0679 -0.9689 0.2378
vn -0.0680 -0.7313 0.6787
vn -0.0431 -0.9716 0.2328
vn -0.0925 -0.6722 0.7346
vn -0.0839 -0.5744 0.8143
vn -0.1047 -0.9604 0.2581
vn -0.1389 -0.9280 0.3457
vn -0.1936 0.2748 0.9418
vn -0.2013 0.0000 0.9795
vn -0.2663 0.2730 0.9244
vn -0.2768 0.0000 0.9609
vn -0.1281 0.2760 0.9526
vn -0.0792 0.2763 0.9578
vn -0.1333 0.0000 0.9911
vn -0.0825 0.0000 0.9966
vn -0.0551 0.9104 0.4099
vn -0.0056 0.9991 0.0417
vn -0.0340 0.9107 0.4117
vn -0.0034 0.9991 0.0419
vn -0.0837 0.9097 0.4067
vn -0.1157 0.9086 0.4013
vn -0.0085 0.9991 0.0414
vn -0.0118 0.9991 0.0409
vn 0.2025 -0.1986 -0.9589
vn 0.2070 0.0000 -0.9784
vn 0.2805 -0.1971 -0.9394
vn 0.2862 0.0000 -0.9582
vn 0.1327 -0.1996 -0.9709
vn 0.0802 -0.1999 -0.9765
vn 0.1364 0.0000 -0.9907
vn 0.0842 0.0000 -0.9964
vn 0.0892 -0.7324 -0.6750
vn 0.0270 -0.9724 -0.2318
vn 0.0482 -0.7330 -0.6785
vn 0.0074 -0.9725 -0.2328
vn 0.1402 -0.7306 -0.6683
vn 0.1959 -0.7279 -0.6571
vn 0.0471 -0.9721 -0.2299
vn 0.0674 -0.9716 -0.2267
vn -0.0009 1.0000 0.0041
vn -0.0031 0.9999 0.0149
vn -0.0012 1.0000 0.0041
vn -0.0043 0.9999 0.0147
vn -0.0006 1.0000 0.0042
vn -0.0003 1.0000 0.0042
vn -0.0020 0.9999 0.0150
vn -0.0012 0.9999 0.0151
vn 0.0006 1.0000 -0.0042
vn 0.0021 0.9999 -0.0150
vn 0.0004 1.0000 -0.0042
vn 0.0013 0.9999 -0.0151
vn 0.0009 1.0000 -0.0041
vn 0.0012 1.0000 -0.0041
vn 0.0031 0.9999 -0.0149
vn 0.0044 0.9999 -0.0147
vn 0.0213 0.2743 -0.9614
vn 0.0215 0.0000 -0.9998
vn 0.0047 0.2734 -0.9619
vn 0.0044 0.0000 -1.0000
vn 0.0475 0.2751 -0.9602
vn 0.0693 0.2757 -0.9587
vn 0.0488 0.0000 -0.9988
vn 0.0717 0.0000 -0.9974
vn 0.0209 0.9099 -0.4143
vn 0.0023 0.9991 -0.0422
vn 0.0301 0.9103 -0.4129
vn 0.0032 0.9991 -0.0420
vn 0.0096 0.9094 -0.4158
vn 0.0023 0.9088 -0.4172
vn 0.0011 0.9991 -0.0423
vn 0.0004 0.9991 -0.0425
vn 0.0001 1.0000 -0.0042
vn 0.0004 0.9999 -0.0152
vn 0.0001 1.0000 -0.0043
vn 0.0001 0.9999 -0.0153
vn 0.0003 1.0000 -0.0042
vn 0.0009 0.9999 -0.0152
vn 0.0012 0.9999 -0.0151
vn -0.0002 1.0000 0.0042
vn -0.0007 0.9999 0.0152
vn -0.0010 0.9999 0.0151
vn -0.0001 1.0000 0.0042
vn -0.0002 0.9999 0.0152
vn 0.0000 0.9999 0.0153
vn -0.0237 -0.9997 0.0048
vn -0.0851 -0.9962 0.0174
vn -0.0238 -0.9997 0.0050
vn -0.0853 -0.9962 0.0182
vn -0.0237 -0.9997 0.0046
vn -0.0238 -0.9997 0.0042
vn -0.0851 -0.9962 0.0164
vn -0.0852 -0.9963 0.0148
vn 0.0237 -0.9997 -0.0046
vn 0.0851 -0.9962 -0.0165
vn 0.0238 -0.9997 -0.0042
vn 0.0852 -0.9962 -0.0151
vn 0.0237 -0.9997 -0.0048
vn 0.0238 -0.9997 -0.0050
vn 0.0851 -0.9962 -0.0172
vn 0.0853 -0.9962 -0.0176
vn -0.0268 -0.9996 -0.0040
vn -0.0928 -0.9956 0.0111
vn -0.0349 -0.9992 -0.0174
vn -0.1063 -0.9943 0.0003
vn -0.0246 -0.9997 0.0022
vn -0.0239 -0.9997 0.0051
vn -0.0875 -0.9960 0.0163
vn -0.0857 -0.9961 0.0187
vn 0.0228 -0.9997 -0.0083
vn 0.0848 -0.9961 -0.0224
vn 0.0239 -0.9997 -0.0050
vn 0.0859 -0.9961 -0.0177
vn 0.0185 -0.9997 -0.0149
vn 0.0090 -0.9995 -0.0292
vn 0.0802 -0.9963 -0.0316
vn 0.0667 -0.9965 -0.0494
vn 0.9344 0.2675 -0.2351
vn 0.9698 0.0000 -0.2438
vn 0.9192 0.2684 -0.2882
vn 0.9542 0.0000 -0.2991
vn 0.9414 0.2690 -0.2036
vn 0.9437 0.2714 -0.1890
vn 0.9774 0.0000 -0.2112
vn 0.9806 0.0000 -0.1962
vn 0.4136 0.9060 -0.0899
vn 0.0422 0.9991 -0.0093
vn 0.4115 0.9076 -0.0828
vn 0.0420 0.9991 -0.0085
vn 0.4124 0.9050 -0.1041
vn 0.4046 0.9057 -0.1269
vn 0.0422 0.9991 -0.0107
vn 0.0414 0.9991 -0.0130
vn -0.9535 -0.1631 0.2535
vn -0.9655 0.0000 0.2602
vn -0.9476 -0.1184 0.2967
vn -0.9529 0.0000 0.3034
vn -0.9551 -0.1886 0.2284
vn -0.9571 -0.1960 0.2135
vn -0.9723 0.0000 0.2338
vn -0.9760 0.0000 0.2179
vn -0.6856 -0.7102 0.1599
vn -0.2400 -0.9694 0.0521
vn -0.6713 -0.7260 0.1493
vn -0.2321 -0.9713 0.0513
vn -0.7389 -0.6481 0.1842
vn -0.8235 -0.5144 0.2394
vn -0.2677 -0.9619 0.0555
vn -0.3804 -0.9213 0.0802
vn 0.9563 0.2769 -0.0939
vn 0.9952 0.0000 -0.0977
vn 0.9515 0.2757 -0.1368
vn 0.9898 0.0000 -0.1424
vn 0.9596 0.2776 -0.0453
vn 0.9606 0.2779 -0.0094
vn 0.9989 0.0000 -0.0472
vn 1.0000 0.0000 -0.0098
vn 0.4109 0.9115 -0.0194
vn 0.0417 0.9991 -0.0020
vn 0.4111 0.9116 -0.0040
vn 0.0417 0.9991 -0.0004
vn 0.4105 0.9110 -0.0403
vn 0.4098 0.9103 -0.0589
vn 0.0417 0.9991 -0.0041
vn 0.0417 0.9991 -0.0060
vn -0.9601 -0.1980 0.1975
vn -0.9795 0.0000 0.2015
vn -0.9583 -0.1973 0.2065
vn -0.9775 0.0000 0.2108
vn -0.9625 -0.1984 0.1850
vn -0.9658 -0.1989 0.1665
vn -0.9820 0.0000 0.1887
vn -0.9855 0.0000 0.1699
vn -0.6709 -0.7303 0.1290
vn -0.2307 -0.9720 0.0444
vn -0.6725 -0.7309 0.1161
vn -0.2311 -0.9721 0.0400
vn -0.6700 -0.7295 0.1377
vn -0.6700 -0.7282 0.1442
vn -0.2306 -0.9719 0.0473
vn -0.2310 -0.9717 0.0495
vn 0.9428 0.2740 -0.1900
vn 0.9803 0.0000 -0.1975
vn 0.9427 0.2732 -0.1912
vn 0.9801 0.0000 -0.1987
vn 0.9439 0.2743 -0.1838
vn 0.9465 0.2747 -0.1691
vn 0.9816 0.0000 -0.1912
vn 0.9844 0.0000 -0.1760
vn 0.4082 0.9094 -0.0794
vn 0.0416 0.9991 -0.0081
vn 0.4089 0.9097 -0.0730
vn 0.0416 0.9991 -0.0074
vn 0.4081 0.9092 -0.0823
vn 0.4090 0.9087 -0.0832
vn 0.0415 0.9991 -0.0084
vn 0.0417 0.9991 -0.0085
vn 0.0042 1.0000 -0.0008
vn 0.0150 0.9999 -0.0030
vn 0.0150 0.9999 -0.0031
vn 0.0042 1.0000 -0.0007
vn 0.0150 0.9999 -0.0029
vn 0.0150 0.9999 -0.0027
vn -0.0042 1.0000 0.0008
vn -0.0150 0.9999 0.0029
vn -0.0042 1.0000 0.0007
vn -0.0150 0.9999 0.0026
vn -0.0150 0.9999 0.0031
vn -0.0150 0.9999 0.0032
vn 0.0042 1.0000 -0.0004
vn 0.0150 0.9999 -0.0015
vn 0.0042 1.0000 -0.0006
vn 0.0150 0.9999 -0.0021
vn 0.0042 1.0000 -0.0002
vn 0.0042 1.0000 -0.0000
vn 0.0150 0.9999 -0.0007
vn 0.0150 0.9999 -0.0001
vn -0.0042 1.0000 0.0002
vn -0.0150 0.9999 0.0007
vn -0.0042 1.0000 0.0000
vn -0.0150 0.9999 0.0001
vn -0.0042 1.0000 0.0004
vn -0.0042 1.0000 0.0006
vn -0.0150 0.9999 0.0015
vn -0.0150 0.9999 0.0021
vn -0.0238 -0.9997 0.0023
vn -0.0854 -0.9963 0.0083
vn -0.0238 -0.9997 0.0034
vn -0.0854 -0.9963 0.0120
vn -0.0238 -0.9997 0.0011
vn -0.0238 -0.9997 0.0002
vn -0.0855 -0.9963 0.0040
vn -0.0855 -0.9963 0.0008
vn 0.0238 -0.9997 -0.0011
vn 0.0855 -0.9963 -0.0040
vn 0.0238 -0.9997 -0.0002
vn 0.0855 -0.9963 -0.0008
vn 0.0238 -0.9997 -0.0023
vn 0.0238 -0.9997 -0.0034
vn 0.0854 -0.9963 -0.0084
vn 0.0854 -0.9963 -0.0122
vn -0.9752 -0.2003 0.0944
vn -0.9954 0.0000 0.0963
vn -0.9704 -0.1995 0.1359
vn -0.9903 0.0000 0.1387
vn -0.9785 -0.2009 0.0461
vn -0.9795 -0.2010 0.0096
vn -0.9989 0.0000 0.0471
vn -1.0000 0.0000 0.0098
vn -0.6778 -0.7346 0.0319
vn -0.2319 -0.9727 0.0109
vn -0.6782 -0.7348 0.0067
vn -0.2320 -0.9727 0.0023
vn -0.6765 -0.7336 0.0655
vn -0.6746 -0.7321 0.0945
vn -0.2317 -0.9725 0.0225
vn -0.2315 -0.9723 0.0325
vn 0.6826 -0.0074 0.7307
vn 0.9030 -0.0075 0.4297
vn 0.6826 -0.0103 0.7307
vn 0.9029 -0.0105 0.4296
vn 0.6827 -0.0037 0.7307
vn 0.9030 -0.0038 0.4297
vn 0.4088 -0.0037 0.9126
vn 0.0458 -0.0038 0.9989
vn 0.4088 -0.0074 0.9126
vn 0.4087 -0.0103 0.9126
vn 0.0458 -0.0105 0.9989
vn 0.7307 -0.0073 -0.6826
vn 0.4297 -0.0075 -0.9030
vn 0.7307 -0.0103 -0.6826
vn 0.4296 -0.0105 -0.9029
vn 0.7307 -0.0037 -0.6827
vn 0.4297 -0.0038 -0.9030
vn 0.9126 -0.0037 -0.4088
vn 0.9989 -0.0038 -0.0458
vn 0.9126 -0.0073 -0.4088
vn 0.9126 -0.0103 -0.4087
vn 0.9989 -0.0075 -0.0458
vn 0.9989 -0.0105 -0.0458
vn -0.7307 -0.0074 0.6826
vn -0.7307 -0.0103 0.6826
vn -0.4297 -0.0105 0.9029
vn -0.7307 -0.0037 0.6827
vn -0.4297 -0.0038 0.9030
vn -0.9126 -0.0037 0.4088
vn -0.9989 -0.0038 0.0458
vn -0.9126 -0.0074 0.4088
vn -0.9126 -0.0103 0.4087
vn -0.9989 -0.0105 0.0458
vn -0.6826 -0.0074 -0.7307
vn -0.6826 -0.0103 -0.7307
vn -0.9029 -0.0105 -0.4296
vn -0.6827 -0.0037 -0.7307
vn -0.9030 -0.0038 -0.4297
vn -0.4088 -0.0037 -0.9126
vn -0.0458 -0.0038 -0.9989
vn -0.4088 -0.0074 -0.9126
vn -0.4087 -0.0103 -0.9126
vn -0.0458 -0.0075 -0.9989
vn -0.0458 -0.0105 -0.9989
vn 0.6826 -0.0074 -0.7307
vn 0.6826 -0.0103 -0.7307
vn 0.9030 -0.0076 -0.4297
vn 0.9029 -0.0106 -0.4296
vn 0.4088 -0.0074 -0.9126
vn 0.0458 -0.0076 -0.9989
vn 0.4087 -0.0103 -0.9126
vn 0.0458 -0.0106 -0.9989
vn 0.4088 -0.0037 -0.9126
vn 0.0458 -0.0038 -0.9989
vn 0.6827 -0.0037 -0.7307
vn 0.9030 -0.0038 -0.4297
vn 0.7307 -0.0074 0.6826
vn 0.7307 -0.0103 0.6826
vn 0.4297 -0.0076 0.9030
vn 0.4296 -0.0106 0.9029
vn 0.9126 -0.0074 0.4088
vn 0.9989 -0.0076 0.0458
vn 0.9126 -0.0103 0.4087
vn 0.9989 -0.0106 0.0458
vn 0.9126 -0.0038 0.4088
vn 0.9989 -0.0038 0.0458
vn 0.7307 -0.0038 0.6827
vn 0.4297 -0.0038 0.9030
vn -0.7307 -0.0074 -0.6826
vn -0.7307 -0.0103 -0.6826
vn -0.4297 -0.0076 -0.9030
vn -0.4296 -0.0106 -0.9029
vn -0.9126 -0.0074 -0.4087
vn -0.9989 -0.0076 -0.0458
vn -0.9126 -0.0103 -0.4087
vn -0.9989 -0.0106 -0.0458
vn -0.9989 -0.0038 -0.0458
vn -0.7307 -0.0037 -0.6827
vn -0.4297 -0.0038 -0.9030
vn -0.6826 -0.0074 0.7307
vn -0.6826 -0.0103 0.7307
vn -0.9030 -0.0076 0.4297
vn -0.9029 -0.0106 0.4296
vn -0.4087 -0.0074 0.9126
vn -0.0458 -0.0076 0.9989
vn -0.4087 -0.0103 0.9126
vn -0.0458 -0.0106 0.9989
vn -0.0458 -0.0038 0.9989
vn -0.6827 -0.0037 0.7307
vn -0.9030 -0.0038 0.4297
vn 0.9998 -0.0058 0.0178
vn 0.9998 -0.0056 0.0178
vn 0.9979 -0.0059 0.0638
vn 0.9979 -0.0057 0.0638
vn 0.9998 -0.0058 -0.0178
vn 0.9979 -0.0059 -0.0638
vn 0.9998 -0.0056 -0.0178
vn 0.9979 -0.0057 -0.0638
vn 0.9998 -0.0059 -0.0178
vn 0.9998 -0.0060 -0.0177
vn 0.9998 -0.0059 0.0178
vn 0.9979 -0.0060 0.0638
vn -0.0902 -0.0057 -0.9959
vn -0.0902 -0.0055 -0.9959
vn 0.0000 -0.0058 -1.0000
vn 0.0000 -0.0056 -1.0000
vn -0.2670 -0.0056 -0.9637
vn -0.5575 -0.0057 -0.8302
vn -0.2670 -0.0054 -0.9637
vn -0.5575 -0.0055 -0.8302
vn -0.2670 -0.0057 -0.9637
vn -0.0902 -0.0058 -0.9959
vn 0.2449 -0.0067 0.9695
vn 0.2449 -0.0065 0.9695
vn 0.0000 -0.0058 1.0000
vn 0.0000 -0.0056 1.0000
vn 0.8100 -0.0074 0.5864
vn 0.9846 -0.0063 0.1749
vn 0.8100 -0.0072 0.5865
vn 0.9846 -0.0060 0.1749
vn 0.8100 -0.0076 0.5864
vn 0.9846 -0.0064 0.1748
vn -0.9891 -0.0055 -0.1473
vn -0.9891 -0.0053 -0.1473
vn -0.8813 -0.0056 -0.4724
vn -0.8813 -0.0054 -0.4725
vn -0.9891 -0.0055 0.1473
vn -0.8813 -0.0056 0.4725
vn -0.9891 -0.0053 0.1473
vn -0.8813 -0.0054 0.4725
vn -0.8813 -0.0057 0.4725
vn -0.8813 -0.0058 0.4725
vn -0.8813 -0.0057 -0.4725
vn 0.9998 -0.0104 0.0142
vn 1.0000 -0.0003 0.0091
vn 0.9982 -0.0008 0.0593
vn 0.9980 0.0459 0.0423
vn 0.9997 -0.0147 -0.0186
vn 0.9997 -0.0129 -0.0199
vn 0.9997 -0.0153 -0.0179
vn 0.9997 -0.0147 0.0171
vn 0.9979 -0.0135 0.0630
vn -0.5575 -0.0150 -0.8301
vn -0.5575 -0.0151 -0.8301
vn 0.2215 0.0266 0.9748
vn 0.1724 0.7525 0.6356
vn 0.0000 0.0208 0.9998
vn 0.0000 0.7657 0.6431
vn 0.7762 0.0335 0.6296
vn 0.9832 0.0131 0.1818
vn 0.6826 0.5603 0.4692
vn 0.9708 0.1802 0.1586
vn 0.8032 -0.0135 0.5955
vn 0.9842 -0.0128 0.1766
vn 0.9845 -0.0166 0.1749
vn 0.2400 -0.0126 0.9707
vn 0.0000 -0.0113 0.9999
vn -0.9881 -0.0089 -0.1537
vn -0.9864 0.0065 -0.1645
vn -0.9926 0.0270 0.1185
vn -0.8910 0.0958 0.4439
vn -0.9909 0.1112 0.0752
vn -0.8524 0.4261 0.3030
vn -0.9899 -0.0085 0.1416
vn -0.8839 0.0005 0.4676
vn -0.9888 -0.0136 -0.1486
vn 0.1422 -0.9890 0.0404
vn 0.1631 -0.7868 0.5953
vn 0.0000 -0.9993 0.0375
vn 0.0000 -0.7745 0.6325
vn 0.6107 -0.7907 0.0438
vn 0.9551 -0.2953 0.0245
vn 0.6525 -0.6384 0.4082
vn 0.9593 -0.2515 0.1285
vn 0.6381 -0.7699 0.0054
vn 0.9568 -0.2906 0.0033
vn 0.1518 -0.9884 0.0049
vn 0.0000 -1.0000 0.0045
vn -0.9813 0.1892 0.0341
vn -0.9863 0.1381 0.0899
vn -0.7789 0.6232 0.0697
vn -0.8402 0.4773 0.2572
vn -0.9769 -0.2111 0.0344
vn -0.7745 -0.6283 0.0735
vn -0.9825 -0.1629 0.0900
vn -0.8350 -0.4814 0.2665
vn -0.9712 -0.2383 0.0052
vn -0.7559 -0.6545 0.0107
vn -0.9759 0.2180 0.0052
vn -0.7610 0.6487 0.0101
vn 0.9992 -0.0393 0.0042
vn 0.9994 -0.0332 0.0110
vn 0.9939 -0.1096 0.0113
vn 0.9959 -0.0817 0.0383
vn 0.9999 0.0094 0.0042
vn 0.9966 0.0815 0.0106
vn 0.9999 0.0031 0.0109
vn 0.9979 0.0540 0.0364
vn 0.9999 0.0130 0.0006
vn 0.9961 0.0877 0.0016
vn 0.9991 -0.0429 0.0006
vn 0.9932 -0.1161 0.0017
vn -0.0493 0.9986 0.0181
vn -0.0508 0.9502 0.3074
vn -0.0000 0.9999 0.0137
vn 0.0000 0.9578 0.2873
vn -0.1478 0.9883 0.0375
vn -0.3675 0.9276 0.0669
vn -0.1531 0.9211 0.3579
vn -0.3744 0.8516 0.3670
vn -0.1627 0.9867 0.0048
vn -0.3775 0.9260 0.0092
vn -0.0539 0.9985 0.0022
vn 0.0000 1.0000 0.0016
vn 0.1418 -0.9892 -0.0369
vn 0.0000 -0.9994 -0.0339
vn 0.1601 -0.8424 -0.5145
vn -0.0000 -0.8424 -0.5389
vn 0.1518 -0.9884 -0.0045
vn 0.0000 -1.0000 -0.0041
vn 0.6380 -0.7700 -0.0052
vn 0.9568 -0.2907 -0.0032
vn 0.6461 -0.7632 -0.0000
vn 0.6097 -0.7916 -0.0412
vn 0.6463 -0.6676 -0.3696
vn 0.9549 -0.2959 -0.0236
vn 0.9587 -0.2570 -0.1223
vn -0.9817 0.1872 -0.0351
vn -0.7834 0.6164 -0.0792
vn -0.9868 0.1348 -0.0902
vn -0.8471 0.4529 -0.2779
vn -0.9760 0.2175 -0.0054
vn -0.7620 0.6475 -0.0117
vn -0.9712 -0.2382 -0.0051
vn -0.7559 -0.6547 -0.0105
vn -0.9770 -0.2106 -0.0335
vn -0.9829 -0.1622 -0.0876
vn -0.7743 -0.6288 -0.0717
vn -0.8353 -0.4852 -0.2584
vn 0.9992 -0.0392 -0.0041
vn 0.9939 -0.1097 -0.0111
vn 0.9994 -0.0331 -0.0107
vn 0.9959 -0.0822 -0.0371
vn 0.9991 -0.0428 -0.0006
vn 0.9932 -0.1161 -0.0017
vn 0.9999 0.0130 -0.0007
vn 0.9962 0.0874 -0.0018
vn 0.9999 0.0091 -0.0043
vn 0.9999 0.0027 -0.0109
vn 0.9967 0.0800 -0.0120
vn 0.9980 0.0500 -0.0391
vn -0.0514 0.9968 -0.0614
vn -0.0000 0.9983 -0.0587
vn -0.0605 0.6900 -0.7213
vn -0.0000 0.6579 -0.7531
vn -0.0542 0.9985 -0.0075
vn -0.0000 1.0000 -0.0071
vn -0.1635 0.9865 -0.0096
vn -0.3788 0.9254 -0.0127
vn -0.1536 0.9854 -0.0741
vn -0.1754 0.7528 -0.6344
vn -0.3750 0.9225 -0.0919
vn -0.4015 0.7795 -0.4809
vn -0.0902 -0.0057 0.9959
vn -0.0902 -0.0055 0.9959
vn -0.0902 -0.0058 0.9959
vn -0.2670 -0.0057 0.9637
vn -0.2670 -0.0056 0.9637
vn -0.2670 -0.0054 0.9637
vn -0.5575 -0.0057 0.8302
vn -0.5575 -0.0055 0.8302
vn 0.2449 -0.0067 -0.9695
vn 0.2449 -0.0065 -0.9695
vn 0.8100 -0.0074 -0.5864
vn 0.8099 -0.0072 -0.5865
vn 0.9846 -0.0063 -0.1749
vn 0.9846 -0.0060 -0.1749
vn -0.8813 -0.0056 0.4724
vn -0.8813 -0.0054 0.4724
vn -0.8813 -0.0056 -0.4725
vn 0.9998 -0.0112 -0.0143
vn 0.9982 -0.0031 -0.0594
vn 0.9999 -0.0042 -0.0093
vn 0.9986 0.0282 -0.0441
vn 0.9997 -0.0147 -0.0171
vn 0.9979 -0.0137 -0.0630
vn 0.9997 -0.0153 0.0179
vn 0.9997 -0.0148 0.0185
vn 0.9997 -0.0135 0.0199
vn 0.9978 -0.0157 0.0638
vn 0.2219 0.0230 -0.9748
vn 0.0000 0.0189 -0.9998
vn 0.1976 0.3174 -0.9275
vn 0.0000 0.2913 -0.9566
vn 0.2401 -0.0123 -0.9707
vn 0.0000 -0.0109 -0.9999
vn 0.8033 -0.0135 -0.5954
vn 0.9842 -0.0130 -0.1765
vn 0.8098 -0.0197 -0.5864
vn 0.7768 0.0265 -0.6292
vn 0.7345 0.2865 -0.6152
vn 0.9833 0.0085 -0.1819
vn 0.9776 0.1121 -0.1784
vn -0.9881 -0.0098 0.1537
vn -0.9864 0.0012 0.1643
vn -0.9888 -0.0137 0.1485
vn -0.9899 -0.0088 -0.1416
vn -0.8839 -0.0003 -0.4676
vn -0.9927 0.0206 -0.1188
vn -0.9939 0.0791 -0.0770
vn -0.8921 0.0785 -0.4449
vn -0.8905 0.3130 -0.3301
vn 0.7449 0.0458 0.6656
vn 0.6492 0.4991 0.5740
vn 0.4467 0.1035 0.8887
vn 0.3419 0.6100 0.7148
vn 0.9024 0.0458 0.4285
vn 0.9924 0.1035 0.0670
vn 0.7809 0.4990 0.3758
vn 0.7915 0.6100 0.0378
vn 0.9107 -0.0067 0.4131
vn 0.9987 0.0012 0.0509
vn 0.7340 -0.0067 0.6792
vn 0.4343 0.0012 0.9008
vn 0.6588 0.0300 -0.7517
vn 0.6184 0.1156 -0.7773
vn 0.8859 0.0965 -0.4537
vn 0.7520 0.4184 -0.5092
vn 0.4019 -0.0081 -0.9156
vn 0.3905 0.0080 -0.9206
vn 0.4074 -0.0134 -0.9132
vn 0.6780 -0.0078 -0.7350
vn 0.9007 0.0011 -0.4345
vn -0.6881 -0.0081 0.7256
vn -0.6971 0.0080 0.7170
vn -0.4373 0.0300 0.8988
vn -0.0746 0.0965 0.9925
vn -0.4766 0.1156 0.8715
vn -0.1777 0.4184 0.8907
vn -0.4145 -0.0078 0.9100
vn -0.0511 0.0011 0.9987
vn -0.6837 -0.0134 0.7297
vn 0.7307 -0.0054 0.6827
vn 0.7307 -0.0052 0.6827
vn 0.4297 -0.0055 0.9030
vn 0.4297 -0.0053 0.9030
vn 0.9126 -0.0054 0.4088
vn 0.9989 -0.0055 0.0458
vn 0.9126 -0.0052 0.4088
vn 0.9989 -0.0053 0.0458
vn 0.9126 -0.0055 0.4088
vn 0.9989 -0.0056 0.0458
vn 0.7307 -0.0055 0.6826
vn 0.4297 -0.0056 0.9030
vn 0.6826 -0.0054 -0.7307
vn 0.6827 -0.0052 -0.7307
vn 0.9030 -0.0055 -0.4297
vn 0.9030 -0.0053 -0.4297
vn 0.4088 -0.0054 -0.9126
vn 0.0458 -0.0055 -0.9989
vn 0.4088 -0.0052 -0.9126
vn 0.0458 -0.0053 -0.9989
vn 0.4088 -0.0055 -0.9126
vn 0.0458 -0.0056 -0.9989
vn 0.6826 -0.0055 -0.7307
vn 0.9030 -0.0056 -0.4297
vn 0.6827 -0.0056 -0.7307
vn -0.6826 -0.0054 0.7307
vn -0.6826 -0.0052 0.7307
vn -0.9030 -0.0055 0.4297
vn -0.9030 -0.0053 0.4297
vn -0.4088 -0.0054 0.9126
vn -0.0458 -0.0055 0.9989
vn -0.4088 -0.0052 0.9126
vn -0.0458 -0.0053 0.9989
vn -0.4088 -0.0055 0.9126
vn -0.4087 -0.0056 0.9126
vn -0.0458 -0.0056 0.9989
vn -0.6826 -0.0055 0.7307
vn -0.9030 -0.0056 0.4297
vn -0.7307 -0.0054 -0.6827
vn -0.7307 -0.0052 -0.6827
vn -0.4297 -0.0055 -0.9030
vn -0.4297 -0.0053 -0.9030
vn -0.9126 -0.0054 -0.4088
vn -0.9989 -0.0055 -0.0458
vn -0.9126 -0.0052 -0.4088
vn -0.9989 -0.0053 -0.0458
vn -0.9126 -0.0055 -0.4088
vn -0.9989 -0.0056 -0.0458
vn -0.7307 -0.0055 -0.6826
vn -0.4297 -0.0056 -0.9030
vn 0.4414 -0.2601 -0.8588
vn 0.4414 -0.2600 -0.8588
vn 0.3324 -0.6862 -0.6470
vn 0.3326 -0.6861 -0.6470
vn 0.4431 0.2446 -0.8625
vn 0.3339 0.6827 -0.6499
vn 0.4432 0.2445 -0.8624
vn 0.3338 0.6826 -0.6501
vn 0.4432 0.2445 -0.8625
vn 0.3338 0.6827 -0.6500
vn 0.3339 0.6827 -0.6500
vn 0.4413 -0.2601 -0.8589
vn 0.3325 -0.6861 -0.6470
vn 0.0480 0.9944 -0.0936
vn 0.1629 0.9342 -0.3173
vn 0.1630 0.9342 -0.3174
vn -0.0481 0.9944 0.0937
vn -0.1629 0.9341 0.3178
vn -0.0480 0.9944 0.0937
vn -0.1629 0.9341 0.3177
vn -0.0481 0.9944 0.0936
vn 0.0480 0.9944 -0.0937
vn -0.0487 -0.9943 0.0948
vn -0.1640 -0.9333 0.3194
vn 0.0487 -0.9943 -0.0949
vn 0.1644 -0.9331 -0.3198
vn 0.0488 -0.9943 -0.0948
vn 0.1643 -0.9331 -0.3198
vn 0.1643 -0.9331 -0.3197
vn -0.1641 -0.9333 0.3194
vn -0.1640 -0.9333 0.3195
vn -0.4428 0.2414 0.8635
vn -0.3339 0.6813 0.6514
vn -0.3339 0.6814 0.6514
vn -0.4404 -0.2630 0.8584
vn -0.3317 -0.6874 0.6461
vn -0.4406 -0.2632 0.8583
vn -0.3317 -0.6875 0.6460
vn -0.4405 -0.2630 0.8584
vn -0.3316 -0.6874 0.6461
vn -0.4428 0.2415 0.8635
vn -0.3339 0.6814 0.6513
vn -0.3340 0.6813 0.6514
vn 0.7307 -0.0054 -0.6827
vn 0.4297 -0.0055 -0.9030
vn 0.7307 -0.0052 -0.6827
vn 0.4297 -0.0053 -0.9030
vn 0.7307 -0.0055 -0.6827
vn 0.7307 -0.0056 -0.6827
vn 0.4297 -0.0056 -0.9030
vn 0.9126 -0.0055 -0.4088
vn 0.9989 -0.0056 -0.0458
vn 0.9126 -0.0054 -0.4088
vn 0.9126 -0.0052 -0.4088
vn 0.9989 -0.0055 -0.0458
vn 0.9989 -0.0053 -0.0458
vn 0.6827 -0.0054 0.7307
vn 0.9030 -0.0055 0.4297
vn 0.6826 -0.0052 0.7307
vn 0.9030 -0.0053 0.4297
vn 0.6826 -0.0055 0.7307
vn 0.6826 -0.0056 0.7307
vn 0.9030 -0.0056 0.4297
vn 0.4088 -0.0055 0.9126
vn 0.0458 -0.0056 0.9989
vn 0.4088 -0.0054 0.9126
vn 0.4088 -0.0052 0.9126
vn 0.0458 -0.0055 0.9989
vn 0.0458 -0.0053 0.9989
vn -0.6826 -0.0054 -0.7307
vn -0.9030 -0.0055 -0.4297
vn -0.6826 -0.0052 -0.7307
vn -0.9030 -0.0053 -0.4297
vn -0.6826 -0.0055 -0.7307
vn -0.9030 -0.0056 -0.4297
vn -0.4088 -0.0055 -0.9126
vn -0.0458 -0.0056 -0.9989
vn -0.4088 -0.0054 -0.9126
vn -0.4088 -0.0052 -0.9126
vn -0.0458 -0.0055 -0.9989
vn -0.0458 -0.0053 -0.9989
vn -0.7307 -0.0054 0.6827
vn -0.4297 -0.0055 0.9030
vn -0.7307 -0.0052 0.6827
vn -0.4297 -0.0053 0.9030
vn -0.7307 -0.0055 0.6826
vn -0.4297 -0.0056 0.9030
vn -0.9126 -0.0055 0.4088
vn -0.9989 -0.0056 0.0458
vn -0.9126 -0.0054 0.4088
vn -0.9126 -0.0052 0.4088
vn -0.9989 -0.0055 0.0458
vn -0.9989 -0.0053 0.0458
vn 0.7451 0.0419 -0.6657
vn 0.4472 0.0960 -0.8893
vn 0.6996 0.3734 -0.6093
vn 0.3786 0.5333 -0.7565
vn 0.7340 -0.0068 -0.6792
vn 0.4343 0.0009 -0.9008
vn 0.9107 -0.0068 -0.4131
vn 0.9987 0.0009 -0.0509
vn 0.9025 0.0419 -0.4286
vn 0.8329 0.3734 -0.4085
vn 0.9931 0.0960 -0.0673
vn 0.8441 0.5333 -0.0555
vn 0.6590 0.0275 0.7517
vn 0.8866 0.0898 0.4537
vn 0.6199 0.1029 0.7779
vn 0.7703 0.3757 0.5152
vn 0.6780 -0.0079 0.7350
vn 0.9007 0.0007 0.4344
vn 0.4074 -0.0134 0.9132
vn 0.4019 -0.0084 0.9156
vn 0.3905 0.0059 0.9206
vn -0.6881 -0.0084 -0.7256
vn -0.6970 0.0059 -0.7170
vn -0.6837 -0.0134 -0.7297
vn -0.4145 -0.0079 -0.9100
vn -0.0511 0.0008 -0.9987
vn -0.4372 0.0275 -0.8989
vn -0.4766 0.1029 -0.8731
vn -0.0743 0.0898 -0.9932
vn -0.1761 0.3757 -0.9099
vn 0.4414 -0.2600 0.8588
vn 0.3325 -0.6862 0.6470
vn 0.4414 -0.2601 0.8588
vn 0.4413 -0.2601 0.8588
vn 0.3326 -0.6861 0.6470
vn 0.4432 0.2445 0.8624
vn 0.3339 0.6827 0.6500
vn 0.4431 0.2445 0.8625
vn 0.4432 0.2446 0.8624
vn 0.0480 0.9944 0.0937
vn 0.0480 0.9944 0.0936
vn -0.0481 0.9944 -0.0937
vn -0.1629 0.9341 -0.3178
vn -0.0481 0.9944 -0.0936
vn -0.1640 -0.9333 -0.3195
vn -0.0487 -0.9943 -0.0949
vn -0.1640 -0.9333 -0.3194
vn -0.1641 -0.9333 -0.3195
vn 0.1643 -0.9331 0.3197
vn 0.1644 -0.9331 0.3198
vn 0.0487 -0.9943 0.0948
vn -0.4428 0.2415 -0.8635
vn -0.4428 0.2416 -0.8635
vn -0.3339 0.6814 -0.6513
vn -0.4405 -0.2630 -0.8584
vn -0.4404 -0.2629 -0.8584
vn -0.3317 -0.6873 -0.6462
vn -0.4404 -0.2630 -0.8584
vn 0.7307 -0.0039 -0.6827
vn 0.7307 -0.0047 -0.6827
vn 0.4297 -0.0040 -0.9030
vn 0.4297 -0.0048 -0.9030
vn 0.9126 -0.0039 -0.4088
vn 0.9989 -0.0040 -0.0458
vn 0.9126 -0.0047 -0.4088
vn 0.9989 -0.0048 -0.0458
vn 0.9126 -0.0024 -0.4088
vn 0.9989 -0.0024 -0.0458
vn 0.7307 -0.0024 -0.6827
vn 0.4297 -0.0024 -0.9030
vn 0.3141 -0.6166 0.7219
vn 0.1399 -0.9196 0.3670
vn 0.0259 -0.6451 0.7636
vn -0.0089 -0.9129 0.4082
vn 0.5436 -0.6166 0.5695
vn 0.6938 -0.6451 0.3200
vn 0.2840 -0.9196 0.2713
vn 0.3797 -0.9128 0.1501
vn 0.6725 -0.1764 0.7188
vn 0.8880 -0.1837 0.4216
vn 0.4017 -0.1764 0.8986
vn 0.0442 -0.1837 0.9820
vn -0.7219 -0.6166 0.3141
vn -0.3670 -0.9196 0.1399
vn -0.7636 -0.6451 0.0259
vn -0.4082 -0.9129 -0.0090
vn -0.5695 -0.6166 0.5436
vn -0.3200 -0.6451 0.6938
vn -0.2713 -0.9196 0.2840
vn -0.1501 -0.9129 0.3797
vn -0.7188 -0.1764 0.6725
vn -0.4216 -0.1837 0.8880
vn -0.8986 -0.1763 0.4017
vn -0.9820 -0.1837 0.0442
vn -0.3141 -0.6166 -0.7219
vn -0.1399 -0.9196 -0.3670
vn -0.0259 -0.6451 -0.7636
vn 0.0090 -0.9129 -0.4082
vn -0.5436 -0.6166 -0.5695
vn -0.6938 -0.6451 -0.3200
vn -0.2840 -0.9196 -0.2713
vn -0.3797 -0.9128 -0.1501
vn -0.6725 -0.1764 -0.7188
vn -0.8880 -0.1837 -0.4216
vn -0.4017 -0.1763 -0.8986
vn -0.0442 -0.1837 -0.9820
vn 0.7307 -0.0038 0.6826
vn 0.4297 -0.0039 0.9030
vn 0.7307 -0.0047 0.6826
vn 0.4297 -0.0048 0.9030
vn 0.7307 -0.0023 0.6827
vn 0.4297 -0.0024 0.9030
vn 0.9126 -0.0023 0.4088
vn 0.9989 -0.0024 0.0458
vn 0.9126 -0.0047 0.4088
vn 0.9989 -0.0039 0.0458
vn 0.9989 -0.0048 0.0458
vn 0.2975 -0.6671 -0.6830
vn 0.0248 -0.6937 -0.7199
vn 0.1185 -0.9430 -0.3109
vn -0.0076 -0.9380 -0.3465
vn 0.4007 -0.1900 -0.8963
vn 0.0441 -0.1976 -0.9793
vn 0.6707 -0.1899 -0.7170
vn 0.8855 -0.1976 -0.4205
vn 0.5141 -0.6671 -0.5391
vn 0.2406 -0.9430 -0.2298
vn 0.6539 -0.6937 -0.3020
vn 0.3223 -0.9380 -0.1274
vn -0.6830 -0.6671 -0.2975
vn -0.7198 -0.6937 -0.0248
vn -0.3109 -0.9430 -0.1185
vn -0.3465 -0.9380 0.0076
vn -0.8963 -0.1899 -0.4007
vn -0.9793 -0.1976 -0.0442
vn -0.7170 -0.1900 -0.6707
vn -0.4205 -0.1976 -0.8855
vn -0.5391 -0.6671 -0.5141
vn -0.2298 -0.9430 -0.2406
vn -0.3020 -0.6937 -0.6539
vn -0.1274 -0.9380 -0.3223
vn -0.2975 -0.6671 0.6830
vn -0.0248 -0.6937 0.7199
vn -0.1185 -0.9430 0.3109
vn 0.0076 -0.9380 0.3465
vn -0.4007 -0.1900 0.8963
vn -0.0441 -0.1976 0.9793
vn -0.6707 -0.1900 0.7170
vn -0.8855 -0.1976 0.4205
vn -0.5141 -0.6671 0.5391
vn -0.2406 -0.9430 0.2298
vn -0.6539 -0.6937 0.3020
vn -0.3223 -0.9380 0.1274
vn 0.9998 -0.0041 0.0178
vn 0.9980 -0.0042 0.0638
vn 0.9998 -0.0050 0.0178
vn 0.9979 -0.0051 0.0638
vn 0.9998 -0.0025 0.0178
vn 0.9980 -0.0025 0.0638
vn 0.9998 -0.0025 -0.0178
vn 0.9980 -0.0025 -0.0638
vn 0.9998 -0.0041 -0.0178
vn 0.9998 -0.0051 -0.0178
vn 0.9980 -0.0042 -0.0638
vn 0.9979 -0.0051 -0.0638
vn 0.1815 -0.6578 -0.7310
vn 0.0000 -0.6702 -0.7422
vn 0.0953 -0.9392 -0.3300
vn 0.0000 -0.9433 -0.3319
vn 0.2380 -0.1923 -0.9521
vn 0.0000 -0.2000 -0.9798
vn 0.8031 -0.1164 -0.5843
vn 0.9838 -0.0410 -0.1744
vn 0.7184 -0.4697 -0.5131
vn 0.4819 -0.8284 -0.2855
vn 0.9675 -0.1894 -0.1675
vn 0.8846 -0.4463 -0.1354
vn -0.7703 -0.6259 0.1220
vn -0.6561 -0.6629 0.3608
vn -0.3585 -0.9307 0.0723
vn -0.3152 -0.9286 0.1960
vn -0.9745 -0.1708 0.1457
vn -0.8663 -0.1821 0.4652
vn -0.9745 -0.1708 -0.1457
vn -0.8663 -0.1821 -0.4652
vn -0.7703 -0.6259 -0.1220
vn -0.3585 -0.9307 -0.0723
vn -0.6560 -0.6629 -0.3608
vn -0.3152 -0.9286 -0.1960
vn -0.0668 -0.6684 0.7408
vn 0.0000 -0.6702 0.7422
vn -0.0352 -0.9430 0.3309
vn 0.0000 -0.9433 0.3319
vn -0.0877 -0.1977 0.9763
vn 0.0000 -0.1999 0.9798
vn -0.2620 -0.1932 0.9455
vn -0.5479 -0.1915 0.8143
vn -0.2057 -0.6704 0.7129
vn -0.1149 -0.9403 0.3202
vn -0.4152 -0.6816 0.6026
vn -0.2206 -0.9334 0.2830
vn 0.9998 -0.0050 -0.0178
vn 0.1824 -0.6540 0.7342
vn 0.0965 -0.9375 0.3343
vn 0.0000 -0.6663 0.7457
vn 0.0000 -0.9417 0.3363
vn 0.7201 -0.4659 0.5142
vn 0.9679 -0.1875 0.1675
vn 0.4869 -0.8245 0.2884
vn 0.8871 -0.4412 0.1358
vn 0.8032 -0.1158 0.5843
vn 0.9838 -0.0408 0.1744
vn 0.2380 -0.1912 0.9523
vn 0.0000 -0.1988 0.9800
vn -0.7734 -0.6220 -0.1225
vn -0.3632 -0.9288 -0.0733
vn -0.6589 -0.6592 -0.3624
vn -0.3192 -0.9266 -0.1986
vn -0.7734 -0.6220 0.1225
vn -0.6589 -0.6592 0.3624
vn -0.3632 -0.9288 0.0733
vn -0.3192 -0.9266 0.1986
vn -0.9746 -0.1699 0.1458
vn -0.8664 -0.1811 0.4653
vn -0.9746 -0.1698 -0.1458
vn -0.8664 -0.1811 -0.4653
vn -0.0672 -0.6646 -0.7442
vn -0.0357 -0.9414 -0.3354
vn 0.0000 -0.6663 -0.7456
vn 0.0000 -0.9417 -0.3363
vn -0.2067 -0.6667 -0.7161
vn -0.4172 -0.6779 -0.6054
vn -0.1164 -0.9387 -0.3245
vn -0.2234 -0.9316 -0.2867
vn -0.2621 -0.1921 -0.9457
vn -0.5480 -0.1905 -0.8145
vn -0.0877 -0.1966 -0.9766
vn 0.0000 -0.1988 -0.9800
vn 0.7201 -0.4659 -0.5142
vn 0.4869 -0.8245 -0.2884
vn 0.9679 -0.1876 -0.1675
vn 0.8871 -0.4412 -0.1358
vn 0.1824 -0.6539 -0.7342
vn 0.0000 -0.6663 -0.7457
vn 0.0965 -0.9375 -0.3343
vn 0.2380 -0.1912 -0.9523
vn 0.8032 -0.1158 -0.5843
vn 0.9838 -0.0408 -0.1744
vn -0.2067 -0.6667 0.7161
vn -0.1164 -0.9387 0.3245
vn -0.4172 -0.6778 0.6054
vn -0.2234 -0.9316 0.2867
vn -0.0672 -0.6646 0.7442
vn -0.0357 -0.9414 0.3354
vn -0.0878 -0.1966 0.9766
vn -0.2621 -0.1921 0.9457
vn -0.5480 -0.1905 0.8145
vn 0.7185 -0.4696 0.5131
vn 0.9675 -0.1895 0.1675
vn 0.4819 -0.8284 0.2855
vn 0.8846 -0.4463 0.1354
vn 0.8031 -0.1165 0.5843
vn 0.9838 -0.0410 0.1744
vn 0.2380 -0.1923 0.9521
vn 0.2449 0.0000 0.9696
vn 0.1815 -0.6578 0.7310
vn 0.0953 -0.9392 0.3300
vn -0.2057 -0.6704 -0.7129
vn -0.4152 -0.6815 -0.6026
vn -0.1149 -0.9403 -0.3202
vn -0.2206 -0.9334 -0.2830
vn -0.2620 -0.1932 -0.9455
vn -0.5479 -0.1915 -0.8144
vn -0.0877 -0.1977 -0.9763
vn -0.0669 -0.6684 -0.7408
vn -0.0352 -0.9430 -0.3310
vn -0.2376 0.0598 -0.9695
vn -0.5392 0.1007 -0.8361
vn -0.2066 0.4302 -0.8788
vn -0.4716 0.5070 -0.7215
vn -0.2607 -0.0044 -0.9654
vn -0.5537 0.0021 -0.8327
vn -0.0882 -0.0094 -0.9961
vn -0.0808 0.0268 -0.9964
vn -0.0712 0.3262 -0.9426
vn 0.8098 -0.0197 0.5864
vn 0.8100 -0.0074 0.5865
vn 0.8100 -0.0072 0.5864
vn 0.6202 0.7823 -0.0579
vn 0.9627 0.2693 -0.0281
vn 0.6751 0.5637 -0.4759
vn 0.9677 0.2108 -0.1383
vn 0.6418 0.7669 -0.0073
vn 0.6489 0.7609 -0.0000
vn 0.9635 0.2676 -0.0039
vn 0.9640 0.2660 -0.0000
vn 0.1501 0.9886 -0.0075
vn 0.1525 0.9883 0.0000
vn 0.1431 0.9878 -0.0607
vn 0.1689 0.6809 -0.7126
vn 0.0000 0.6578 -0.7532
vn -0.1523 -0.9869 -0.0535
vn -0.3723 -0.9249 -0.0767
vn -0.1657 -0.8580 -0.4862
vn -0.3858 -0.8263 -0.4103
vn -0.1653 -0.9862 -0.0069
vn -0.1692 -0.9856 -0.0000
vn -0.3800 -0.9249 -0.0107
vn -0.3829 -0.9238 0.0000
vn -0.0550 -0.9985 -0.0046
vn -0.0561 -0.9984 -0.0000
vn -0.0511 -0.9980 -0.0375
vn -0.0574 -0.8511 -0.5218
vn 0.0000 -0.8424 -0.5388
vn 0.6050 0.7957 0.0290
vn 0.6216 0.7313 0.2808
vn 0.9609 0.2761 0.0208
vn 0.9622 0.2479 0.1125
vn 0.1373 0.9904 0.0177
vn 0.1422 0.9420 0.3039
vn -0.0000 0.9579 0.2873
vn 0.1493 0.9888 0.0022
vn 0.6396 0.7687 0.0036
vn 0.9632 0.2687 0.0028
vn -0.1527 -0.9866 0.0569
vn -0.1683 -0.8247 0.5399
vn -0.3728 -0.9245 0.0796
vn -0.3884 -0.8131 0.4335
vn -0.0512 -0.9978 0.0410
vn -0.0586 -0.7950 0.6038
vn 0.0000 -0.7746 0.6325
vn -0.0550 -0.9985 0.0050
vn -0.1653 -0.9862 0.0073
vn -0.3801 -0.9249 0.0109
vn -0.2371 0.0712 0.9689
vn -0.1777 0.7659 0.6178
vn -0.5379 0.1216 0.8342
vn -0.4201 0.7017 0.5755
vn -0.0807 0.0306 0.9963
vn -0.0617 0.7648 0.6413
vn 0.0000 0.7657 0.6432
vn -0.0882 -0.0097 0.9961
vn -0.2606 -0.0043 0.9654
vn -0.5536 0.0028 0.8328
vn 0.2448 -0.0178 -0.9694
vn -0.5575 -0.0057 0.8301
vn -0.5575 -0.0058 0.8301
vn 0.8100 -0.0072 -0.5864
vn 0.8099 -0.0076 -0.5865
vn 0.9846 -0.0001 0.1749
vn 0.9846 0.0001 0.1749
vn -0.2591 -0.0367 -0.9651
vn -0.5489 -0.0904 -0.8310
vn -0.2230 -0.2262 -0.9482
vn -0.1531 -0.4910 -0.8576
vn -0.4505 -0.5107 -0.7323
vn -0.1800 -0.8962 -0.4054
vn -0.0789 -0.0395 -0.9961
vn -0.0619 -0.1045 -0.9926
vn -0.0879 -0.0062 -0.9961
vn 0.6490 0.7608 -0.0000
vn 0.8098 -0.0192 0.5863
vn 0.9845 -0.0162 0.1748
vn 0.8098 -0.0186 0.5863
vn 0.9845 -0.0157 0.1748
vn 0.8098 -0.0195 0.5863
vn 0.9845 -0.0165 0.1748
vn 0.2449 -0.0177 0.9694
vn 0.2449 -0.0174 0.9694
vn 0.2449 -0.0168 0.9694
vn 0.0010 0.2723 -0.9622
vn 0.0022 0.2727 -0.9621
vn 0.0009 0.0000 -1.0000
vn 0.0020 0.0000 -1.0000
vn 0.0005 0.9081 -0.4187
vn 0.0001 0.9991 -0.0427
vn 0.0011 0.9084 -0.4181
vn 0.0002 0.9991 -0.0426
vn 0.0002 0.9080 -0.4189
vn 0.0003 0.2721 -0.9623
vn 0.0003 0.0000 -1.0000
vn 0.0352 0.9994 -0.0045
vn 0.0433 0.9989 -0.0157
vn 0.1461 0.9893 -0.0057
vn 0.1653 0.9861 -0.0176
vn 0.0062 1.0000 -0.0043
vn 0.0074 0.9999 -0.0154
vn 0.0062 1.0000 0.0043
vn 0.0074 0.9999 0.0154
vn 0.0352 0.9994 0.0045
vn 0.1461 0.9893 0.0057
vn 0.0432 0.9989 0.0157
vn 0.1653 0.9861 0.0176
vn 0.8098 -0.0185 0.5864
vn 0.8099 -0.0172 0.5864
vn 0.9845 -0.0145 0.1748
vn 0.2449 -0.0156 0.9694
vn 0.2449 -0.0175 0.9694
vn -0.2670 -0.0130 -0.9636
vn -0.5575 -0.0142 -0.8301
vn -0.5575 -0.0132 -0.8301
vn -0.0902 -0.0132 -0.9958
vn 0.7979 0.1591 0.5814
vn 0.9831 0.0558 0.1744
vn 0.4995 0.7836 0.3694
vn 0.0705 0.9966 0.0417
vn 0.9028 0.3997 0.1586
vn 0.2340 0.9716 0.0358
vn 0.1009 0.9017 0.4203
vn 0.0123 0.9990 0.0426
vn 0.2336 0.2615 0.9365
vn 0.8100 -0.0080 0.5864
vn 0.9846 -0.0067 0.1749
vn 0.8099 -0.0099 0.5864
vn 0.8099 -0.0170 0.5864
vn 0.9846 -0.0084 0.1748
vn 0.9845 -0.0144 0.1748
vn 0.2449 -0.0090 0.9695
vn 0.2449 -0.0155 0.9694
vn 0.2449 -0.0072 0.9695
vn -0.2606 -0.0161 -0.9653
vn -0.5535 -0.0226 -0.8326
vn -0.2369 -0.0844 -0.9679
vn -0.1974 -0.5997 -0.7755
vn -0.5375 -0.1272 -0.8336
vn -0.4468 -0.6164 -0.6484
vn -0.0807 -0.0505 -0.9955
vn -0.0696 -0.5227 -0.8497
vn -0.0000 -0.4930 -0.8700
vn -0.0882 -0.0115 -0.9960
vn -0.0902 -0.0050 0.9959
vn 0.8100 -0.0032 -0.5864
vn 0.9846 -0.0027 -0.1749
vn 0.2449 0.0000 -0.9696
vn 0.2449 -0.0048 -0.9695
vn 0.2449 -0.0059 -0.9695
vn 0.9846 -0.0045 -0.1749
vn 0.8100 -0.0064 -0.5865
vn 0.2819 -0.9588 -0.0360
vn 0.7765 -0.6294 -0.0305
vn 0.3376 -0.9333 -0.1225
vn 0.8106 -0.5792 -0.0864
vn 0.2819 -0.9588 0.0360
vn 0.3376 -0.9333 0.1225
vn 0.7765 -0.6294 0.0305
vn 0.8106 -0.5792 0.0864
vn 0.0517 -0.9980 0.0358
vn 0.0613 -0.9899 0.1275
vn 0.0517 -0.9980 -0.0358
vn 0.0613 -0.9899 -0.1275
vn 0.9846 -0.0001 -0.1749
vn 0.9846 0.0001 -0.1749
vn -0.2587 -0.0712 0.9633
vn -0.5428 -0.1735 0.8217
vn -0.0879 -0.0121 0.9961
vn -0.0789 -0.0338 0.9963
vn -0.0624 -0.0485 0.9969
vn -0.2253 -0.1920 0.9552
vn -0.4716 -0.4402 0.7641
vn -0.1729 -0.2493 0.9529
vn -0.3198 -0.6579 0.6818
vn 0.6489 0.7608 0.0000
vn 0.9640 0.2659 0.0000
vn 0.8098 -0.0191 -0.5863
vn 0.8099 -0.0185 -0.5863
vn 0.9845 -0.0161 -0.1748
vn 0.9845 -0.0156 -0.1748
vn 0.2449 -0.0174 -0.9694
vn 0.2448 -0.0168 -0.9694
vn 0.2448 -0.0177 -0.9694
vn 0.8098 -0.0195 -0.5863
vn 0.9845 -0.0165 -0.1748
vn 0.0010 0.2443 0.9697
vn 0.0009 0.0000 1.0000
vn 0.0022 0.2446 0.9696
vn 0.0020 0.0000 1.0000
vn 0.0003 0.2441 0.9697
vn 0.0003 0.0000 1.0000
vn 0.0002 0.8397 0.5430
vn 0.0001 0.9919 0.1272
vn 0.0000 0.9919 0.1272
vn 0.0007 0.8399 0.5427
vn 0.0015 0.8403 0.5421
vn 0.0002 0.9919 0.1271
vn 0.0005 0.9919 0.1269
vn 0.1050 0.9944 0.0134
vn 0.4050 0.9142 0.0159
vn 0.1287 0.9906 0.0467
vn 0.4487 0.8924 0.0478
vn 0.1050 0.9944 -0.0134
vn 0.1287 0.9906 -0.0467
vn 0.4050 0.9142 -0.0159
vn 0.4487 0.8924 -0.0478
vn 0.0186 0.9997 -0.0129
vn 0.0222 0.9987 -0.0462
vn 0.0186 0.9997 0.0129
vn 0.0222 0.9987 0.0462
vn 0.8098 -0.0193 -0.5864
vn 0.2449 -0.0170 -0.9694
vn 0.2449 -0.0159 -0.9694
vn 0.8098 -0.0187 -0.5864
vn 0.9845 -0.0158 -0.1748
vn 0.8099 -0.0176 -0.5864
vn 0.9845 -0.0148 -0.1748
vn -0.5575 -0.0151 0.8301
vn -0.0902 -0.0144 0.9958
vn -0.0902 -0.0135 0.9958
vn -0.2670 -0.0142 0.9636
vn -0.5575 -0.0144 0.8301
vn -0.2670 -0.0133 0.9636
vn -0.5575 -0.0135 0.8301
vn 0.8001 0.1423 -0.5827
vn 0.9834 0.0500 -0.1744
vn 0.2355 0.2346 -0.9431
vn 0.1319 0.8307 -0.5409
vn 0.0367 0.9912 -0.1270
vn 0.5994 0.6711 -0.4362
vn 0.9383 0.3045 -0.1637
vn 0.2059 0.9709 -0.1220
vn 0.5832 0.8074 -0.0893
vn 0.8100 -0.0080 -0.5864
vn 0.9846 -0.0067 -0.1749
vn 0.2449 -0.0072 -0.9695
vn 0.2449 -0.0090 -0.9695
vn 0.2448 -0.0153 -0.9694
vn 0.8099 -0.0099 -0.5864
vn 0.9846 -0.0084 -0.1749
vn 0.8099 -0.0168 -0.5863
vn 0.9845 -0.0143 -0.1748
vn -0.2605 -0.0154 0.9654
vn -0.5534 -0.0221 0.8327
vn -0.0882 -0.0108 0.9960
vn -0.0805 -0.0447 0.9957
vn -0.0701 -0.4456 0.8925
vn -0.2365 -0.0790 0.9684
vn -0.5371 -0.1230 0.8345
vn -0.1998 -0.5485 0.8119
vn -0.4511 -0.5933 0.6667
vn -0.0902 -0.0049 -0.9959
vn 0.9846 -0.0027 0.1748
vn 0.9846 0.0000 0.1748
vn 0.8099 -0.0053 0.5865
vn 0.8099 -0.0065 0.5865
vn 0.9846 -0.0044 0.1748
vn 0.9846 -0.0055 0.1749
vn 0.2449 -0.0058 0.9695
vn 0.2449 -0.0029 0.9696
vn 0.2780 -0.9599 0.0355
vn 0.3331 -0.9351 0.1209
vn 0.7718 -0.6351 0.0303
vn 0.8067 -0.5846 0.0860
vn 0.0509 -0.9981 0.0352
vn 0.0604 -0.9902 0.1256
vn 0.0509 -0.9981 -0.0352
vn 0.0604 -0.9902 -0.1256
vn 0.2780 -0.9599 -0.0355
vn 0.7719 -0.6350 -0.0303
vn 0.3331 -0.9351 -0.1209
vn 0.8067 -0.5846 -0.0860
vn -0.4105 0.9110 0.0397
vn -0.0417 0.9991 0.0040
vn -0.4098 0.9104 0.0574
vn -0.0417 0.9991 0.0058
vn -0.4109 0.9115 0.0194
vn -0.4111 0.9116 0.0040
vn -0.0417 0.9991 0.0020
vn -0.0417 0.9991 0.0004
vn -0.9596 0.2777 0.0452
vn -0.9606 0.2779 0.0094
vn -0.9564 0.2769 0.0925
vn -0.9519 0.2758 0.1333
vn -0.4079 0.9091 0.0839
vn -0.0415 0.9991 0.0085
vn -0.4084 0.9086 0.0879
vn -0.0416 0.9991 0.0089
vn -0.4083 0.9095 0.0785
vn -0.4090 0.9098 0.0706
vn -0.0416 0.9991 0.0080
vn -0.0416 0.9991 0.0072
vn -0.9443 0.2744 0.1815
vn -0.9475 0.2750 0.1634
vn -0.9420 0.2739 0.1938
vn -0.9404 0.2729 0.2027
vn -0.4101 0.9053 0.1103
vn -0.0419 0.9991 0.0112
vn -0.4039 0.9057 0.1285
vn -0.0413 0.9991 0.0131
vn -0.4112 0.9062 0.0986
vn -0.4100 0.9075 0.0912
vn -0.0420 0.9991 0.0100
vn -0.0418 0.9991 0.0093
vn -0.9364 0.2693 0.2250
vn -0.9394 0.2712 0.2096
vn -0.9303 0.2680 0.2506
vn -0.9179 0.2685 0.2923
vn 0.0859 0.9096 -0.4065
vn 0.0087 0.9991 -0.0414
vn 0.1195 0.9084 -0.4007
vn 0.0121 0.9991 -0.0408
vn 0.0564 0.9104 -0.4099
vn 0.0349 0.9106 -0.4117
vn 0.0057 0.9991 -0.0417
vn 0.0036 0.9991 -0.0419
vn 0.1311 0.2759 -0.9522
vn 0.0811 0.2763 -0.9576
vn 0.1990 0.2746 -0.9407
vn 0.2752 0.2727 -0.9219
vn -0.0088 0.9094 0.4158
vn -0.0007 0.9991 0.0423
vn -0.0014 0.9088 0.4171
vn -0.0000 0.9991 0.0425
vn -0.0203 0.9099 0.4144
vn -0.0293 0.9103 0.4129
vn -0.0019 0.9991 0.0422
vn -0.0029 0.9991 0.0420
vn -0.0479 0.2751 0.9602
vn -0.0686 0.2757 0.9588
vn -0.0213 0.2743 0.9614
vn -0.0039 0.2734 0.9619
vn 0.2103 0.9061 -0.3670
vn 0.0214 0.9991 -0.0375
vn 0.2356 0.9060 -0.3516
vn 0.0240 0.9991 -0.0359
vn 0.1839 0.9064 -0.3803
vn 0.1546 0.9071 -0.3915
vn 0.0187 0.9991 -0.0389
vn 0.0157 0.9991 -0.0400
vn 0.4197 0.2695 -0.8667
vn 0.3540 0.2706 -0.8952
vn 0.4793 0.2691 -0.8353
vn 0.5365 0.2690 -0.7999
vn 0.2908 0.9068 -0.3051
vn 0.0297 0.9991 -0.0312
vn 0.3013 0.9079 -0.2915
vn 0.0307 0.9991 -0.0297
vn 0.2780 0.9062 -0.3187
vn 0.2608 0.9059 -0.3337
vn 0.0284 0.9991 -0.0326
vn 0.0266 0.9991 -0.0341
vn 0.6333 0.2691 -0.7256
vn 0.5933 0.2688 -0.7588
vn 0.6644 0.2702 -0.6968
vn 0.6918 0.2719 -0.6689
vn 0.8132 -0.2994 -0.4990
vn 0.7863 -0.4934 -0.3720
vn 0.6953 -0.5486 -0.4643
vn 0.4036 -0.8782 -0.2567
vn 0.8618 -0.0633 -0.5033
vn 0.9123 -0.1132 -0.3935
vn 0.8033 -0.0617 -0.5923
vn 0.7499 -0.1079 -0.6527
vn 0.7798 -0.2948 -0.5522
vn 0.6989 -0.5481 -0.4595
vn 0.6767 -0.4783 -0.5597
vn 0.3977 -0.8766 -0.2710
vn -0.7815 -0.1557 0.6041
vn -0.6820 -0.3500 0.6422
vn -0.7519 -0.2645 0.6040
vn -0.4270 -0.7815 0.4549
vn -0.7972 -0.0314 0.6029
vn -0.7380 -0.0740 0.6707
vn -0.8709 -0.0292 0.4906
vn -0.9253 -0.0673 0.3732
vn -0.8673 -0.1435 0.4766
vn -0.8612 -0.2308 0.4529
vn -0.8864 -0.3188 0.3357
vn -0.6479 -0.7364 0.1946
vn -0.0179 -0.0410 0.9990
vn -0.0404 -0.0886 0.9952
vn -0.0039 -0.0080 1.0000
vn -0.0114 -0.0396 0.9992
vn -0.0168 -0.0910 0.9957
vn -0.0510 -0.1956 0.9794
vn -0.1054 -0.3952 0.9125
vn -0.0679 -0.4117 0.9088
vn -0.1376 -0.8179 0.5586
vn -0.5085 -0.6604 0.5525
vn -0.1753 -0.9639 0.2002
vn -0.5900 -0.5403 0.6000
vn -0.2406 -0.9319 0.2714
vn -0.4567 -0.7120 0.5333
vn -0.4216 -0.7227 0.5476
vn -0.1577 -0.9696 0.1871
vn -0.1464 -0.9708 0.1900
vn -0.6407 -0.1895 0.7441
vn -0.5983 -0.1943 0.7774
vn -0.6743 -0.1681 0.7191
vn -0.7054 -0.1262 0.6975
vn -0.3345 -0.7237 0.6036
vn -0.1162 -0.9710 0.2091
vn -0.3778 -0.7233 0.5781
vn -0.1312 -0.9709 0.2004
vn -0.2906 -0.7245 0.6251
vn -0.2438 -0.7259 0.6432
vn -0.1009 -0.9711 0.2164
vn -0.0845 -0.9713 0.2223
vn -0.4130 -0.1952 0.8895
vn -0.3471 -0.1960 0.9171
vn -0.4751 -0.1948 0.8581
vn -0.5363 -0.1946 0.8213
vn -0.1384 -0.7307 0.6685
vn -0.0486 -0.9720 0.2297
vn -0.1899 -0.7283 0.6584
vn -0.0656 -0.9717 0.2269
vn -0.0940 -0.7322 0.6746
vn -0.0644 -0.7325 0.6777
vn -0.0356 -0.9722 0.2313
vn -0.0306 -0.9722 0.2321
vn -0.1314 -0.1996 0.9710
vn -0.0830 -0.1998 0.9763
vn -0.1975 -0.1987 0.9599
vn -0.2714 -0.1974 0.9420
vn -0.0593 -0.6758 -0.7347
vn -0.0925 -0.9620 -0.2570
vn -0.0755 -0.5768 -0.8134
vn -0.1335 -0.9296 -0.3437
vn -0.0099 -0.7219 -0.6919
vn 0.0282 -0.7325 -0.6802
vn -0.0456 -0.9702 -0.2378
vn -0.0113 -0.9723 -0.2335
vn 0.0369 -0.1946 -0.9802
vn 0.0649 -0.1995 -0.9778
vn 0.0037 -0.1761 -0.9844
vn -0.0136 -0.1406 -0.9900
vn 0.7023 -0.6871 -0.1860
vn 0.2431 -0.9672 -0.0735
vn 0.7388 -0.6258 -0.2503
vn 0.2839 -0.9514 -0.1192
vn 0.6814 -0.7162 -0.1509
vn 0.6739 -0.7262 -0.1356
vn 0.2358 -0.9702 -0.0555
vn 0.2328 -0.9714 -0.0473
vn 0.9591 -0.1918 -0.2080
vn 0.9615 -0.1962 -0.1926
vn 0.9534 -0.1804 -0.2417
vn 0.9411 -0.1576 -0.2993
vn 0.6764 -0.7335 -0.0664
vn 0.2317 -0.9725 -0.0227
vn 0.6744 -0.7320 -0.0969
vn 0.2314 -0.9723 -0.0332
vn 0.6777 -0.7346 -0.0320
vn 0.6782 -0.7348 -0.0067
vn 0.2319 -0.9727 -0.0110
vn 0.2319 -0.9727 -0.0023
vn 0.9785 -0.2008 -0.0462
vn 0.9795 -0.2010 -0.0096
vn 0.9750 -0.2003 -0.0957
vn 0.9699 -0.1994 -0.1395
vn 0.6703 -0.7297 -0.1352
vn 0.2307 -0.9719 -0.0466
vn 0.6712 -0.7286 -0.1365
vn 0.2313 -0.9717 -0.0473
vn 0.6707 -0.7302 -0.1305
vn 0.6721 -0.7307 -0.1200
vn 0.2307 -0.9720 -0.0449
vn 0.2310 -0.9721 -0.0411
vn 0.9621 -0.1984 -0.1873
vn 0.9648 -0.1986 -0.1724
vn 0.9609 -0.1981 -0.1937
vn 0.9607 -0.1975 -0.1949
vn -0.0493 -0.1966 -0.9792
vn -0.0641 -0.4137 -0.9082
vn -0.1040 -0.3975 -0.9117
vn -0.1349 -0.8200 -0.5562
vn -0.0096 -0.0398 -0.9992
vn -0.0127 -0.0914 -0.9957
vn -0.0032 -0.0080 -1.0000
vn -0.0173 -0.0411 -0.9990
vn -0.0400 -0.0892 -0.9952
vn -0.0046 0.0000 1.0000
vn -0.5334 0.8446 -0.0456
vn -0.5324 0.8437 -0.0693
vn -0.1243 0.9922 -0.0106
vn -0.1242 0.9921 -0.0162
vn -0.9651 0.2487 -0.0824
vn -0.9607 0.2478 -0.1250
vn -0.9677 0.2493 -0.0381
vn -0.9684 0.2494 -0.0076
vn -0.5340 0.8452 -0.0210
vn -0.1243 0.9922 -0.0049
vn -0.5342 0.8453 -0.0042
vn -0.1244 0.9922 -0.0010
vn -0.5292 0.8415 -0.1084
vn -0.5296 0.8406 -0.1140
vn -0.1238 0.9920 -0.0253
vn -0.1240 0.9919 -0.0266
vn -0.9496 0.2458 -0.1946
vn -0.9478 0.2449 -0.2043
vn -0.9522 0.2463 -0.1805
vn -0.9558 0.2470 -0.1593
vn -0.5298 0.8421 -0.1005
vn -0.1238 0.9920 -0.0235
vn -0.5310 0.8427 -0.0886
vn -0.1240 0.9921 -0.0207
vn -0.5305 0.8356 -0.1427
vn -0.5225 0.8362 -0.1663
vn -0.1249 0.9916 -0.0335
vn -0.1229 0.9916 -0.0391
vn -0.9372 0.2404 -0.2525
vn -0.9248 0.2409 -0.2945
vn -0.9435 0.2416 -0.2267
vn -0.9467 0.2434 -0.2112
vn -0.5323 0.8369 -0.1276
vn -0.1251 0.9917 -0.0298
vn -0.5312 0.8390 -0.1182
vn -0.1246 0.9918 -0.0275
vn 0.1115 0.8422 0.5275
vn 0.1549 0.8403 0.5195
vn 0.0260 0.9920 0.1233
vn 0.0362 0.9919 0.1216
vn 0.2005 0.2464 0.9482
vn 0.2774 0.2447 0.9291
vn 0.1322 0.2476 0.9598
vn 0.0818 0.2480 0.9653
vn 0.0733 0.8435 0.5321
vn 0.0171 0.9921 0.1241
vn 0.0455 0.8438 0.5347
vn 0.0107 0.9921 0.1247
vn -0.0110 0.8419 -0.5395
vn -0.0015 0.8410 -0.5410
vn -0.0022 0.9920 -0.1261
vn -0.0001 0.9920 -0.1266
vn -0.0213 0.2461 -0.9690
vn -0.0038 0.2453 -0.9694
vn -0.0046 0.0000 -1.0000
vn -0.0481 0.2468 -0.9679
vn -0.0690 0.2475 -0.9664
vn -0.0259 0.8427 -0.5378
vn -0.0057 0.9921 -0.1256
vn -0.0378 0.8433 -0.5361
vn -0.0086 0.9921 -0.1251
vn 0.2722 0.8368 0.4750
vn 0.3049 0.8367 0.4550
vn 0.0638 0.9917 0.1117
vn 0.0716 0.9917 0.1070
vn 0.4830 0.2414 0.8417
vn 0.5406 0.2413 0.8059
vn 0.4229 0.2418 0.8733
vn 0.3567 0.2428 0.9021
vn 0.2381 0.8372 0.4923
vn 0.0558 0.9917 0.1157
vn 0.2002 0.8383 0.5071
vn 0.0468 0.9918 0.1190
vn 0.3765 0.8379 0.3951
vn 0.3905 0.8396 0.3777
vn 0.0884 0.9918 0.0928
vn 0.0914 0.9919 0.0886
vn 0.6694 0.2424 0.7022
vn 0.6972 0.2440 0.6741
vn 0.6381 0.2415 0.7311
vn 0.5978 0.2411 0.7645
vn 0.3599 0.8368 0.4125
vn 0.0845 0.9917 0.0970
vn 0.3375 0.8364 0.4318
vn 0.0793 0.9917 0.1016
vn 0.8153 -0.2914 0.5003
vn 0.7140 -0.5124 0.4771
vn 0.7914 -0.4830 0.3746
vn 0.4310 -0.8594 0.2753
vn 0.7818 -0.2869 0.5536
vn 0.6810 -0.4681 0.5631
vn 0.7179 -0.5120 0.4717
vn 0.4254 -0.8577 0.2889
vn 0.8033 -0.0624 0.5923
vn 0.7498 -0.1092 0.6526
vn 0.8618 -0.0640 0.5033
vn 0.9122 -0.1146 0.3935
vn -0.7821 -0.1512 -0.6046
vn -0.7564 -0.2421 -0.6077
vn -0.6842 -0.3415 -0.6444
vn -0.4493 -0.7537 -0.4796
vn -0.8679 -0.1394 -0.4768
vn -0.8889 -0.3109 -0.3365
vn -0.8652 -0.2108 -0.4549
vn -0.6786 -0.7058 -0.2031
vn -0.8709 -0.0296 -0.4906
vn -0.9253 -0.0681 -0.3731
vn -0.7972 -0.0318 -0.6029
vn -0.7380 -0.0749 -0.6707
vn -0.0179 -0.0361 -0.9992
vn -0.0407 -0.0592 -0.9974
vn -0.0517 -0.1747 -0.9833
vn -0.0707 -0.3791 -0.9226
vn -0.1122 -0.2793 -0.9536
vn -0.1780 -0.7117 -0.6796
vn -0.0115 -0.0393 -0.9992
vn -0.0169 -0.0908 -0.9957
vn -0.0039 -0.0079 -1.0000
vn -0.5127 -0.6532 -0.5572
vn -0.5939 -0.5311 -0.6043
vn -0.1856 -0.9594 -0.2125
vn -0.2563 -0.9220 -0.2901
vn -0.6740 -0.1705 -0.7188
vn -0.7053 -0.1278 -0.6973
vn -0.6403 -0.1923 -0.7436
vn -0.5979 -0.1972 -0.7769
vn -0.4604 -0.7063 -0.5378
vn -0.1665 -0.9660 -0.1978
vn -0.4250 -0.7174 -0.5520
vn -0.1545 -0.9674 -0.2005
vn -0.3372 -0.7184 -0.6084
vn -0.3808 -0.7179 -0.5827
vn -0.1226 -0.9676 -0.2207
vn -0.1384 -0.9675 -0.2115
vn -0.4748 -0.1978 -0.8576
vn -0.5360 -0.1975 -0.8208
vn -0.4128 -0.1982 -0.8890
vn -0.3469 -0.1989 -0.9165
vn -0.2929 -0.7191 -0.6301
vn -0.1065 -0.9677 -0.2284
vn -0.2457 -0.7206 -0.6484
vn -0.0892 -0.9680 -0.2347
vn -0.1395 -0.7254 -0.6740
vn -0.1914 -0.7230 -0.6638
vn -0.0512 -0.9688 -0.2425
vn -0.0692 -0.9684 -0.2395
vn -0.1974 -0.2016 -0.9594
vn -0.2712 -0.2003 -0.9415
vn -0.1313 -0.2026 -0.9704
vn -0.0830 -0.2028 -0.9757
vn -0.0947 -0.7269 -0.6801
vn -0.0373 -0.9690 -0.2441
vn -0.0648 -0.7273 -0.6833
vn -0.0316 -0.9690 -0.2451
vn -0.0659 -0.6605 0.7480
vn -0.0816 -0.5493 0.8317
vn -0.1193 -0.9512 0.2845
vn -0.1854 -0.8903 0.4160
vn 0.0032 -0.1779 0.9840
vn -0.0139 -0.1411 0.9899
vn 0.0045 0.0000 1.0000
vn 0.0367 -0.1974 0.9796
vn 0.0648 -0.2024 0.9772
vn -0.0116 -0.7148 0.6993
vn -0.0526 -0.9659 0.2535
vn 0.0288 -0.7272 0.6858
vn -0.0102 -0.9691 0.2465
vn 0.7086 -0.6801 0.1880
vn 0.7455 -0.6166 0.2530
vn 0.2576 -0.9630 0.0786
vn 0.3035 -0.9441 0.1288
vn 0.9530 -0.1830 0.2416
vn 0.9407 -0.1596 0.2992
vn 0.9586 -0.1945 0.2079
vn 0.9609 -0.1991 0.1925
vn 0.6870 -0.7105 0.1523
vn 0.2491 -0.9667 0.0589
vn 0.6794 -0.7209 0.1367
vn 0.2458 -0.9680 0.0499
vn 0.6824 -0.7286 0.0589
vn 0.6804 -0.7272 0.0906
vn 0.2446 -0.9694 0.0211
vn 0.2444 -0.9691 0.0325
vn 0.9755 -0.2034 0.0843
vn 0.9707 -0.2026 0.1293
vn 0.9782 -0.2039 0.0385
vn 0.9789 -0.2040 0.0077
vn 0.6835 -0.7295 0.0269
vn 0.2448 -0.9695 0.0096
vn 0.6838 -0.7296 0.0054
vn 0.2449 -0.9696 0.0019
vn 0.6758 -0.7244 0.1357
vn 0.6767 -0.7233 0.1376
vn 0.2435 -0.9687 0.0490
vn 0.2441 -0.9685 0.0499
vn 0.9604 -0.2011 0.1927
vn 0.9601 -0.2005 0.1948
vn 0.9620 -0.2014 0.1846
vn 0.9652 -0.2018 0.1665
vn 0.6764 -0.7250 0.1297
vn 0.2435 -0.9688 0.0467
vn 0.6780 -0.7257 0.1168
vn 0.2439 -0.9689 0.0419
vn -0.0500 -0.1756 0.9832
vn -0.1108 -0.2810 0.9533
vn -0.0668 -0.3810 0.9222
vn -0.1748 -0.7144 0.6775
vn -0.0174 -0.0362 0.9992
vn -0.0402 -0.0595 0.9974
vn -0.0032 -0.0079 1.0000
vn -0.0096 -0.0395 0.9992
vn -0.0128 -0.0912 0.9957
vn -0.9917 0.0000 -0.1290
vn 0.2070 0.0000 0.9783
vn 0.4360 0.0000 0.9000
vn 0.4413 -0.2605 0.8587
vn 0.3326 -0.6861 0.6471
vn 0.4413 -0.2603 0.8588
vn 0.4413 -0.2607 0.8587
vn 0.4413 -0.2610 0.8586
vn 0.4434 0.2422 0.8630
vn 0.3349 0.6802 0.6520
vn 0.4435 0.2415 0.8631
vn 0.3353 0.6795 0.6526
vn 0.4434 0.2429 0.8628
vn 0.4433 0.2436 0.8627
vn 0.3346 0.6810 0.6514
vn 0.3343 0.6817 0.6508
vn 0.0482 0.9944 0.0940
vn 0.1636 0.9337 0.3186
vn 0.0481 0.9944 0.0939
vn 0.1633 0.9339 0.3181
vn 0.0483 0.9944 0.0942
vn 0.0484 0.9944 0.0944
vn 0.1639 0.9334 0.3192
vn 0.1641 0.9332 0.3197
vn -0.0483 0.9944 -0.0941
vn -0.1633 0.9337 -0.3185
vn -0.0484 0.9944 -0.0943
vn -0.1634 0.9336 -0.3188
vn -0.0482 0.9944 -0.0940
vn -0.0482 0.9944 -0.0939
vn -0.1632 0.9338 -0.3183
vn -0.1631 0.9339 -0.3181
vn -0.0488 -0.9943 -0.0950
vn -0.1645 -0.9330 -0.3202
vn -0.1643 -0.9331 -0.3199
vn -0.1647 -0.9328 -0.3206
vn -0.1648 -0.9326 -0.3210
vn -0.4423 0.2462 -0.8624
vn -0.3335 0.6824 -0.6505
vn -0.4425 0.2443 -0.8629
vn -0.3337 0.6819 -0.6509
vn -0.4420 0.2483 -0.8619
vn -0.4418 0.2503 -0.8615
vn -0.3333 0.6828 -0.6501
vn -0.3331 0.6833 -0.6498
vn -0.4415 -0.2546 -0.8604
vn -0.3334 -0.6834 -0.6495
vn -0.4418 -0.2521 -0.8610
vn -0.3339 -0.6822 -0.6505
vn -0.4411 -0.2572 -0.8598
vn -0.4409 -0.2596 -0.8592
vn -0.3329 -0.6847 -0.6484
vn -0.3324 -0.6858 -0.6475
vn 0.4413 -0.2605 -0.8587
vn 0.4413 -0.2603 -0.8587
vn 0.3326 -0.6861 -0.6471
vn 0.4434 0.2429 -0.8628
vn 0.3346 0.6809 -0.6514
vn 0.4433 0.2436 -0.8627
vn 0.3343 0.6816 -0.6508
vn 0.4434 0.2421 -0.8630
vn 0.4435 0.2414 -0.8631
vn 0.3350 0.6801 -0.6521
vn 0.3353 0.6794 -0.6527
vn 0.4413 -0.2608 -0.8586
vn 0.4413 -0.2610 -0.8586
vn 0.0482 0.9944 -0.0940
vn 0.0481 0.9944 -0.0939
vn 0.1636 0.9337 -0.3186
vn 0.1633 0.9339 -0.3181
vn -0.0482 0.9944 0.0940
vn -0.1632 0.9338 0.3183
vn -0.0482 0.9944 0.0939
vn -0.1631 0.9339 0.3181
vn -0.0483 0.9944 0.0941
vn -0.0484 0.9944 0.0943
vn -0.1633 0.9337 0.3186
vn -0.1634 0.9336 0.3188
vn 0.0483 0.9944 -0.0942
vn 0.1639 0.9334 -0.3192
vn 0.0484 0.9944 -0.0944
vn 0.1642 0.9332 -0.3197
vn -0.0488 -0.9943 0.0950
vn -0.1645 -0.9329 0.3203
vn -0.1643 -0.9331 0.3199
vn -0.1647 -0.9328 0.3206
vn -0.1648 -0.9326 0.3210
vn -0.4423 0.2463 0.8624
vn -0.4425 0.2443 0.8629
vn -0.3335 0.6824 0.6505
vn -0.3337 0.6819 0.6509
vn -0.4412 -0.2571 0.8598
vn -0.3329 -0.6846 0.6485
vn -0.4409 -0.2595 0.8592
vn -0.3324 -0.6858 0.6475
vn -0.4415 -0.2545 0.8604
vn -0.4418 -0.2519 0.8610
vn -0.3335 -0.6833 0.6495
vn -0.3340 -0.6821 0.6505
vn -0.4420 0.2484 0.8619
vn -0.3333 0.6828 0.6501
vn -0.4418 0.2505 0.8615
vn -0.3331 0.6833 0.6498
vn -0.4428 0.2417 -0.8634
vn -0.4427 0.2421 -0.8634
vn -0.4426 0.2429 -0.8632
vn -0.3339 0.6815 -0.6513
vn -0.3338 0.6816 -0.6511
vn -0.4405 -0.2623 -0.8586
vn -0.3319 -0.6871 -0.6464
vn -0.4406 -0.2613 -0.8588
vn -0.3320 -0.6866 -0.6468
vn -0.4405 -0.2627 -0.8585
vn -0.4405 -0.2629 -0.8584
vn -0.3318 -0.6873 -0.6462
vn -0.1642 -0.9332 -0.3197
vn 0.1643 -0.9331 0.3198
vn 0.1629 0.9342 0.3174
vn 0.0481 0.9944 0.0937
vn 0.0481 0.9944 0.0938
vn 0.1630 0.9342 0.3175
vn 0.1631 0.9341 0.3177
vn -0.1629 0.9340 -0.3178
vn -0.0481 0.9944 -0.0938
vn -0.1630 0.9340 -0.3179
vn -0.1630 0.9341 -0.3178
vn 0.3325 -0.6861 0.6470
vn 0.4413 -0.2602 0.8588
vn 0.4432 0.2443 0.8625
vn 0.3340 0.6825 0.6502
vn 0.4432 0.2441 0.8625
vn 0.3341 0.6822 0.6504
vn 0.3339 0.6826 0.6501
vn -0.4428 0.2417 0.8634
vn -0.4405 -0.2628 0.8584
vn -0.3317 -0.6873 0.6462
vn -0.4405 -0.2623 0.8586
vn -0.4407 -0.2613 0.8588
vn -0.3319 -0.6871 0.6464
vn -0.3321 -0.6866 0.6468
vn -0.4427 0.2420 0.8634
vn -0.3339 0.6815 0.6513
vn -0.4426 0.2429 0.8632
vn -0.3338 0.6816 0.6511
vn 0.1644 -0.9332 -0.3197
vn -0.1642 -0.9332 0.3197
vn -0.0481 0.9944 0.0938
vn -0.1629 0.9340 0.3178
vn -0.1630 0.9340 0.3179
vn 0.0481 0.9944 -0.0937
vn 0.1630 0.9342 -0.3175
vn 0.0481 0.9944 -0.0938
vn 0.1631 0.9341 -0.3177
vn 0.4413 -0.2600 -0.8588
vn 0.3325 -0.6862 -0.6470
vn 0.3339 0.6826 -0.6500
vn 0.4431 0.2445 -0.8625
vn 0.4432 0.2444 -0.8625
vn 0.4432 0.2440 -0.8626
vn 0.3340 0.6825 -0.6502
vn 0.3341 0.6822 -0.6504
vn 0.4413 -0.2602 -0.8588
vn -0.2670 -0.0076 -0.9637
vn -0.5575 -0.0076 -0.8301
vn -0.2670 -0.0106 -0.9636
vn -0.5575 -0.0107 -0.8301
vn -0.2670 -0.0038 -0.9637
vn -0.5575 -0.0038 -0.8302
vn -0.0902 -0.0039 -0.9959
vn 0.0000 -0.0040 -1.0000
vn -0.0902 -0.0077 -0.9959
vn -0.0902 -0.0108 -0.9959
vn 0.0000 -0.0079 -1.0000
vn 0.0000 -0.0110 -0.9999
vn 0.8099 -0.0100 0.5864
vn 0.9846 -0.0084 0.1749
vn 0.8099 -0.0140 0.5864
vn 0.9845 -0.0118 0.1748
vn 0.8100 -0.0050 0.5865
vn 0.9846 -0.0042 0.1749
vn 0.2449 -0.0046 0.9695
vn 0.0000 -0.0040 1.0000
vn 0.2449 -0.0091 0.9695
vn 0.2449 -0.0127 0.9695
vn 0.0000 -0.0079 1.0000
vn 0.0000 -0.0110 0.9999
vn -0.0902 -0.0077 0.9959
vn -0.0902 -0.0108 0.9959
vn -0.0902 -0.0039 0.9959
vn -0.2670 -0.0038 0.9637
vn -0.5575 -0.0038 0.8302
vn -0.2670 -0.0076 0.9637
vn -0.2670 -0.0106 0.9636
vn -0.5575 -0.0107 0.8301
vn 0.9998 -0.0078 -0.0178
vn 0.9998 -0.0110 -0.0178
vn 0.9979 -0.0111 -0.0638
vn 0.9998 -0.0039 -0.0178
vn 0.9980 -0.0040 -0.0638
vn 0.9998 -0.0039 0.0178
vn 0.9980 -0.0040 0.0638
vn 0.9998 -0.0078 0.0178
vn 0.9998 -0.0110 0.0178
vn 0.9979 -0.0111 0.0638
vn -0.9891 -0.0073 0.1473
vn -0.8813 -0.0076 0.4724
vn -0.9890 -0.0103 0.1473
vn -0.8813 -0.0106 0.4724
vn -0.9891 -0.0037 0.1473
vn -0.8813 -0.0038 0.4725
vn -0.9891 -0.0037 -0.1473
vn -0.8813 -0.0038 -0.4725
vn -0.9891 -0.0073 -0.1473
vn -0.9890 -0.0103 -0.1473
vn -0.8813 -0.0076 -0.4724
vn -0.8813 -0.0106 -0.4724
vn 0.2449 -0.0091 -0.9695
vn 0.2449 -0.0127 -0.9695
vn 0.2449 -0.0045 -0.9695
vn 0.8100 -0.0050 -0.5865
vn 0.9846 -0.0042 -0.1748
vn 0.8099 -0.0100 -0.5864
vn 0.8099 -0.0140 -0.5864
vn 0.9846 -0.0084 -0.1748
vn 0.9845 -0.0118 -0.1748
vn 0.8099 -0.0110 -0.5864
vn 0.8099 -0.0148 -0.5864
vn 0.9845 -0.0093 -0.1749
vn 0.9845 -0.0125 -0.1749
vn 0.2449 -0.0099 -0.9695
vn 0.0000 -0.0086 -1.0000
vn 0.2449 -0.0134 -0.9695
vn 0.0000 -0.0117 -0.9999
vn 0.2449 -0.0052 -0.9695
vn 0.0000 -0.0045 -1.0000
vn 0.8100 -0.0058 -0.5865
vn 0.9846 -0.0049 -0.1749
vn -0.2670 -0.0083 0.9637
vn -0.2670 -0.0112 0.9636
vn -0.5575 -0.0084 0.8301
vn -0.5575 -0.0113 0.8301
vn -0.0902 -0.0084 0.9959
vn 0.0000 -0.0086 1.0000
vn -0.0902 -0.0114 0.9959
vn 0.0000 -0.0117 0.9999
vn -0.0902 -0.0044 0.9959
vn 0.0000 -0.0045 1.0000
vn -0.2670 -0.0044 0.9637
vn -0.5575 -0.0044 0.8302
vn 0.2449 -0.0099 0.9695
vn 0.2449 -0.0134 0.9695
vn 0.8099 -0.0110 0.5864
vn 0.9845 -0.0093 0.1749
vn 0.8099 -0.0148 0.5864
vn 0.9845 -0.0125 0.1749
vn 0.8100 -0.0058 0.5864
vn 0.9846 -0.0049 0.1749
vn 0.2449 -0.0052 0.9695
vn -0.9891 -0.0081 -0.1473
vn -0.9890 -0.0109 -0.1473
vn -0.8813 -0.0083 -0.4724
vn -0.8813 -0.0112 -0.4724
vn -0.9891 -0.0081 0.1473
vn -0.8813 -0.0083 0.4724
vn -0.9890 -0.0109 0.1473
vn -0.8813 -0.0112 0.4724
vn -0.9891 -0.0042 0.1473
vn -0.8813 -0.0044 0.4725
vn -0.9891 -0.0042 -0.1473
vn -0.8813 -0.0044 -0.4725
vn 0.9998 -0.0086 0.0178
vn 0.9998 -0.0116 0.0178
vn 0.9979 -0.0087 0.0638
vn 0.9979 -0.0118 0.0638
vn 0.9998 -0.0086 -0.0178
vn 0.9979 -0.0087 -0.0638
vn 0.9998 -0.0116 -0.0178
vn 0.9979 -0.0118 -0.0638
vn 0.9998 -0.0045 -0.0178
vn 0.9980 -0.0046 -0.0638
vn 0.9998 -0.0045 0.0178
vn 0.9980 -0.0046 0.0638
vn -0.0902 -0.0084 -0.9959
vn -0.0902 -0.0114 -0.9959
vn -0.2670 -0.0083 -0.9637
vn -0.5575 -0.0084 -0.8301
vn -0.2670 -0.0112 -0.9636
vn -0.5575 -0.0113 -0.8301
vn -0.2670 -0.0044 -0.9637
vn -0.5575 -0.0044 -0.8302
vn -0.0902 -0.0044 -0.9959
vn -0.0117 0.0000 0.9999
vn -0.0052 0.7997 0.6004
vn 0.0019 0.7982 0.6024
vn -0.0023 0.0000 1.0000
vn 0.0196 0.0000 0.9998
vn 0.0187 0.7957 0.6054
vn 0.0072 0.7924 0.6100
vn -0.0731 -0.0000 0.9973
vn -0.0370 0.7876 0.6150
vn -0.0741 0.7812 0.6199
vn -0.1314 -0.0000 0.9913
vn -0.1769 -0.0000 0.9842
vn -0.1040 0.7736 0.6251
vn -0.1803 0.7589 0.6258
vn -0.2862 0.0000 0.9582
vn -0.4433 0.0000 0.8964
vn -0.3013 0.7290 0.6146
vn -0.3772 0.7008 0.6055
vn -0.5295 0.0000 0.8483
vn -0.5641 -0.0000 0.8257
vn -0.4124 0.6813 0.6048
vn -0.4487 0.6595 0.6030
vn -0.5978 0.0000 0.8017
vn -0.6304 0.0000 0.7763
vn -0.4862 0.6354 0.6000
vn -0.5245 0.6087 0.5952
vn -0.6619 0.0000 0.7496
vn -0.6923 0.0000 0.7216
vn -0.5636 0.5795 0.5887
vn -0.6031 0.5477 0.5799
vn -0.7216 0.0000 0.6923
vn -0.7496 0.0000 0.6619
vn -0.6426 0.5135 0.5687
vn -0.6817 0.4771 0.5547
vn -0.7763 0.0000 0.6304
vn -0.8017 0.0000 0.5978
vn -0.7199 0.4387 0.5379
vn -0.7567 0.3987 0.5181
vn -0.8257 0.0000 0.5641
vn -0.8483 0.0000 0.5295
vn -0.7917 0.3577 0.4952
vn -0.8243 0.3164 0.4694
vn -0.8694 0.0000 0.4940
vn -0.8891 0.0000 0.4577
vn -0.8544 0.2752 0.4407
vn -0.8815 0.2349 0.4095
vn -0.9073 0.0000 0.4205
vn -0.9239 -0.0000 0.3827
vn -0.9056 0.1963 0.3759
vn -0.9266 0.1598 0.3404
vn -0.9389 0.0000 0.3442
vn -0.9523 0.0000 0.3051
vn -0.9445 0.1262 0.3032
vn -0.9595 0.0960 0.2648
vn -0.9641 0.0000 0.2655
vn -0.9743 0.0000 0.2254
vn -0.9718 0.0693 0.2253
vn -0.9816 0.0467 0.1851
vn -0.9827 0.0000 0.1849
vn -0.9896 0.0000 0.1442
vn -0.9891 0.0284 0.1444
vn -0.9939 0.0436 0.1012
vn -0.9947 0.0000 0.1033
vn -0.9991 0.0000 0.0413
vn -0.9711 0.2360 0.0355
vn -0.9992 0.0051 -0.0400
vn -0.9992 0.0000 -0.0398
vn -0.9992 0.0000 -0.0412
vn -0.9992 0.0020 -0.0411
vn -0.9981 0.0026 -0.0620
vn -0.9981 0.0000 -0.0620
vn -0.9947 0.0000 -0.1032
vn -0.9946 0.0056 -0.1032
vn -0.9895 0.0105 -0.1443
vn -0.9896 0.0000 -0.1442
vn -0.9827 -0.0000 -0.1850
vn -0.9826 0.0173 -0.1851
vn -0.9739 0.0256 -0.2255
vn -0.9743 0.0000 -0.2254
vn -0.9641 0.0000 -0.2655
vn -0.9635 0.0355 -0.2655
vn -0.9512 0.0469 -0.3050
vn -0.9523 0.0000 -0.3051
vn -0.9389 0.0000 -0.3442
vn -0.9371 0.0596 -0.3438
vn -0.9213 0.0736 -0.3819
vn -0.9239 0.0000 -0.3827
vn -0.9073 0.0000 -0.4205
vn -0.9036 0.0888 -0.4192
vn -0.8841 0.1049 -0.4554
vn -0.8891 0.0000 -0.4577
vn -0.8694 0.0000 -0.4940
vn -0.8628 0.1221 -0.4906
vn -0.8398 0.1399 -0.5246
vn -0.8483 0.0000 -0.5295
vn -0.8257 0.0000 -0.5641
vn -0.8151 0.1583 -0.5573
vn -0.7888 0.1772 -0.5886
vn -0.8017 0.0000 -0.5978
vn -0.7763 0.0000 -0.6304
vn -0.7609 0.1963 -0.6184
vn -0.7317 0.2155 -0.6467
vn -0.7496 0.0000 -0.6619
vn -0.7216 0.0000 -0.6923
vn -0.7012 0.2346 -0.6733
vn -0.6694 0.2537 -0.6982
vn -0.6923 0.0000 -0.7216
vn -0.6619 0.0000 -0.7496
vn -0.6366 0.2723 -0.7215
vn -0.6029 0.2904 -0.7430
vn -0.6304 0.0000 -0.7763
vn -0.5978 0.0000 -0.8017
vn -0.5684 0.3079 -0.7629
vn -0.5333 0.3247 -0.7811
vn -0.5641 0.0000 -0.8257
vn -0.5295 0.0000 -0.8483
vn -0.4976 0.3407 -0.7977
vn -0.4116 0.3654 -0.8349
vn -0.4433 0.0000 -0.8964
vn -0.2862 0.0000 -0.9582
vn -0.2598 0.3945 -0.8814
vn -0.1570 0.4103 -0.8983
vn -0.1769 0.0000 -0.9842
vn -0.1314 0.0000 -0.9913
vn -0.1151 0.4189 -0.9007
vn -0.0618 0.4265 -0.9024
vn -0.0731 0.0000 -0.9973
vn -0.0023 0.0000 -1.0000
vn 0.0026 0.4323 -0.9017
vn 0.0214 0.4363 -0.8995
vn 0.0196 0.0000 -0.9998
vn -0.0117 0.0000 -0.9999
vn -0.0095 0.4447 -0.8956
vn 0.2885 0.4904 -0.8224
vn 0.2779 0.0000 -0.9606
vn 0.0056 -1.0000 0.0002
vn 0.0010 -1.0000 0.0010
vn -0.0020 -1.0000 -0.0001
vn -0.0021 -1.0000 -0.0002
vn -0.0024 -1.0000 -0.0004
vn -0.0027 -1.0000 -0.0007
vn -0.0031 -1.0000 -0.0011
vn -0.0034 -1.0000 -0.0015
vn -0.0037 -1.0000 -0.0020
vn -0.0038 -1.0000 -0.0025
vn -0.0039 -1.0000 -0.0030
vn -0.0037 -1.0000 -0.0034
vn -0.0034 -1.0000 -0.0037
vn -0.0029 -1.0000 -0.0038
vn -0.0024 -1.0000 -0.0037
vn 0.0056 -1.0000 -0.0002
vn 0.0112 -0.9999 0.0031
vn 0.0066 -1.0000 -0.0021
vn 0.0022 -1.0000 -0.0078
vn 0.0049 -1.0000 -0.0029
vn 1.0000 0.0000 0.0000
vn 0.9377 -0.0000 -0.3476
vn 0.7816 0.5181 -0.3474
vn 0.8763 0.4818 0.0000
vn -0.6086 0.7934 0.0133
vn -0.7736 0.6328 0.0332
vn -0.9851 0.0941 -0.1441
vn -0.9934 0.0503 -0.1034
vn -0.9490 0.2253 -0.2204
vn -0.9709 0.1537 -0.1834
vn -0.8767 0.3897 -0.2820
vn -0.9179 0.3052 -0.2537
vn -0.7686 0.5541 -0.3196
vn -0.8262 0.4742 -0.3041
vn -0.6435 0.6895 -0.3325
vn -0.7066 0.6265 -0.3288
vn -0.5232 0.7867 -0.3278
vn -0.5817 0.7427 -0.3318
vn -0.4199 0.8514 -0.3143
vn -0.4690 0.8225 -0.3217
vn -0.3360 0.8935 -0.2979
vn -0.3756 0.8747 -0.3062
vn -0.2692 0.9210 -0.2817
vn -0.3007 0.9087 -0.2896
vn -0.2160 0.9392 -0.2670
vn -0.2411 0.9310 -0.2741
vn -0.1731 0.9515 -0.2543
vn -0.1934 0.9459 -0.2604
vn 0.0030 1.0000 -0.0000
vn -0.1175 0.9625 -0.2443
vn -0.1547 0.9561 -0.2487
vn 0.0087 1.0000 0.0000
vn 0.0113 0.9999 0.0000
vn -0.0315 0.9712 -0.2363
vn -0.0632 0.9686 -0.2405
vn 0.0108 0.9999 0.0000
vn 0.0110 0.9999 0.0000
vn -0.0062 0.9734 -0.2289
vn -0.0203 0.9724 -0.2323
vn 0.0117 0.9999 0.0000
vn 0.0093 1.0000 -0.0000
vn 0.0132 0.9747 -0.2233
vn 0.0107 0.9741 -0.2258
vn 0.0024 1.0000 0.0000
vn 0.2001 0.9798 0.0000
vn 0.2271 0.9406 -0.2523
vn -0.0002 0.9759 -0.2184
vn 0.0014 0.9966 0.0823
vn 0.2355 0.9671 0.0958
vn 0.2002 0.9798 0.0000
vn 0.0113 0.9963 0.0852
vn 0.0107 0.9964 0.0842
vn -0.0009 0.9961 0.0878
vn 0.0045 0.9962 0.0864
vn -0.0184 0.9957 0.0912
vn -0.0048 0.9960 0.0894
vn -0.0589 0.9937 0.0954
vn -0.0427 0.9947 0.0932
vn -0.0744 0.9921 0.1008
vn -0.0662 0.9930 0.0979
vn -0.0940 0.9897 0.1075
vn -0.0836 0.9911 0.1040
vn -0.1196 0.9860 0.1160
vn -0.1059 0.9881 0.1115
vn -0.1543 0.9799 0.1266
vn -0.1356 0.9834 0.1210
vn -0.2026 0.9692 0.1399
vn -0.1763 0.9753 0.1329
vn -0.2726 0.9493 0.1565
vn -0.2343 0.9609 0.1478
vn -0.3761 0.9097 0.1762
vn -0.3192 0.9330 0.1660
vn -0.5279 0.8264 0.1956
vn -0.4453 0.8758 0.1864
vn -0.7255 0.6580 0.2019
vn -0.6231 0.7557 0.2017
vn -0.9044 0.3906 0.1720
vn -0.8238 0.5332 0.1926
vn -0.9336 0.3474 0.0880
vn -0.9580 0.2498 0.1411
vn 0.9908 0.0000 0.1352
vn 0.8267 0.5462 0.1352
vn -0.9991 0.0130 -0.0408
vn -0.4913 0.8709 0.0107
vn -0.9978 0.0238 -0.0620
vn 0.8764 0.4816 0.0000
vn 0.8763 0.4817 0.0000
vn 0.0058 -1.0000 0.0014
vn 0.0023 -1.0000 0.0067
vn 0.0066 -1.0000 0.0022
vn 0.0111 -0.9999 -0.0017
vn 0.0110 -0.9999 -0.0015
vn 0.0055 -1.0000 0.0006
vn -0.0014 -1.0000 0.0022
vn -0.0017 -1.0000 0.0022
vn -0.0019 -1.0000 0.0021
vn -0.0021 -1.0000 0.0019
vn -0.0022 -1.0000 0.0017
vn -0.0022 -1.0000 0.0015
vn -0.0022 -1.0000 0.0012
vn -0.0021 -1.0000 0.0009
vn -0.0020 -1.0000 0.0007
vn -0.0018 -1.0000 0.0005
vn -0.0017 -1.0000 0.0003
vn -0.0015 -1.0000 0.0001
vn 0.0003 -1.0000 -0.0003
vn 0.0055 -1.0000 -0.0002
vn 0.0066 -1.0000 -0.0000
vn -0.9981 0.0000 0.0621
vn -0.9927 0.1066 0.0572
vn -0.9837 0.1761 0.0360
vn -0.0099 -0.9999 -0.0115
vn -0.0182 -0.9998 -0.0004
vn 0.0225 -0.9997 -0.0008
vn 0.0195 -0.9998 0.0000
vn 0.0456 -0.9983 -0.0362
vn 0.0211 -0.9998 0.0015
vn 0.0186 -0.9998 -0.0004
vn 0.0664 -0.9940 0.0865
vn 0.9376 0.0000 -0.3476
vn 0.0248 -0.9997 0.0070
vn 0.2780 -0.0000 -0.9606
vn -0.0493 -0.9901 -0.1312
vn 0.0228 -0.9996 -0.0135
vn -0.0025 -0.9991 -0.0412
vn 0.0203 -0.9996 -0.0196
vn -0.0044 -0.9992 -0.0397
vn 0.0115 -0.9995 -0.0281
vn -0.0097 -0.9991 -0.0416
vn -0.0136 -0.9989 -0.0440
vn -0.0335 -0.9981 -0.0508
vn -0.0229 -0.9985 -0.0504
vn -0.0518 -0.9971 -0.0553
vn -0.0330 -0.9979 -0.0550
vn -0.0564 -0.9971 -0.0511
vn -0.0426 -0.9975 -0.0570
vn -0.0587 -0.9973 -0.0444
vn -0.0504 -0.9972 -0.0559
vn -0.0578 -0.9977 -0.0355
vn -0.0557 -0.9971 -0.0521
vn -0.0540 -0.9982 -0.0257
vn -0.0583 -0.9972 -0.0465
vn -0.0480 -0.9987 -0.0161
vn -0.0586 -0.9975 -0.0400
vn -0.0408 -0.9991 -0.0077
vn -0.0572 -0.9978 -0.0334
vn -0.0334 -0.9994 -0.0009
vn -0.0548 -0.9981 -0.0272
vn -0.0264 -0.9996 0.0041
vn -0.0518 -0.9984 -0.0217
vn -0.0201 -0.9998 0.0077
vn -0.0486 -0.9987 -0.0169
vn -0.0148 -0.9998 0.0100
vn -0.0574 -0.9981 -0.0205
vn -0.0103 -0.9999 0.0115
vn -0.0161 -0.9999 0.0033
vn 0.0325 -0.9988 0.0372
vn -0.0137 -0.9999 -0.0102
vn -0.0408 -0.9990 0.0162
vn -0.0179 -0.9998 -0.0082
vn -0.0421 -0.9989 0.0199
vn -0.0226 -0.9997 -0.0054
vn -0.0431 -0.9988 0.0241
vn -0.0274 -0.9996 -0.0016
vn -0.0433 -0.9987 0.0284
vn -0.0323 -0.9995 0.0032
vn -0.0426 -0.9986 0.0327
vn -0.0368 -0.9993 0.0090
vn -0.0407 -0.9985 0.0367
vn -0.0404 -0.9991 0.0153
vn -0.0374 -0.9985 0.0398
vn -0.0427 -0.9988 0.0219
vn -0.0328 -0.9986 0.0418
vn -0.0433 -0.9987 0.0282
vn -0.0270 -0.9987 0.0422
vn -0.0424 -0.9985 0.0335
vn -0.0204 -0.9990 0.0410
vn -0.0399 -0.9985 0.0376
vn -0.0138 -0.9992 0.0383
vn -0.0275 -0.9989 0.0376
vn -0.0075 -0.9994 0.0345
vn -0.0085 -0.9994 0.0343
vn 0.0124 -0.9996 0.0254
vn -0.0040 -0.9994 0.0338
vn 0.0203 -0.9996 0.0194
vn -0.0026 -0.9994 0.0357
vn 0.0228 -0.9996 0.0143
vn -0.0077 -0.9991 0.0428
vn 0.0151 -0.9997 0.0187
vn -0.0234 -0.9973 0.0696
vn 0.6267 0.0000 0.7793
vn 0.0248 -0.9997 -0.0034
vn 0.0115 -0.9997 -0.0207
vn -0.0117 -0.9981 -0.0603
vn 0.0014 0.9966 0.0828
vn 0.0014 0.9966 0.0825
vn -0.0002 0.9758 -0.2189
vn -0.0003 0.9756 -0.2196
vn -0.0095 0.4426 -0.8967
vn -0.0095 0.4439 -0.8960
vn 0.4550 0.7572 0.4686
vn -0.0052 0.8026 0.5965
vn -0.0003 0.4394 -0.8983
vn -0.0095 0.4412 -0.8974
vn 0.0045 1.0000 0.0000
vn -0.0003 0.9754 -0.2205
vn 0.0038 0.9751 -0.2215
vn 0.0042 0.9965 0.0835
vn 0.0014 0.9965 0.0831
vn 0.0151 -0.9997 -0.0195
vn -0.0078 -0.9987 -0.0503
vn -0.0116 -0.9986 0.0512
vn 0.0115 -0.9997 0.0193
vn -0.0052 0.8019 0.5974
vn -0.0052 0.8009 0.5988
usemtl BMD_BeechWood
s off
f 1765//612 1769//612 1770//612 1766//612
f 1766//613 1770//613 5455//613 5456//613
f 1769//614 5459//614 5458//614 1770//614
f 1770//615 5458//615 7951//615 5455//615
f 1765//616 1766//616 1771//616 1767//616
f 1767//617 1771//617 5464//617 5465//617
f 1766//618 5456//618 5457//618 1771//618
f 1771//619 5457//619 7952//619 5464//619
f 1765//620 1767//620 1772//620 1768//620
f 1768//621 1772//621 5470//621 5471//621
f 1767//622 5465//622 5466//622 1772//622
f 1772//623 5466//623 7953//623 5470//623
f 1765//624 1768//624 1773//624 1769//624
f 1769//625 1773//625 5460//625 5459//625
f 1768//626 5471//626 5472//626 1773//626
f 1773//627 5472//627 7954//627 5460//627
f 1774//628 1778//628 1779//628 1775//628
f 1775//629 1779//629 6786//629 6785//629
f 1778//630 6767//630 6768//630 1779//630
f 1779//631 6768//631 8172//631 6786//631
f 1774//632 1775//632 1780//632 1776//632
f 1776//633 1780//633 5503//633 5504//633
f 1775//634 6785//634 6784//634 1780//634
f 1780//635 6784//635 8171//635 5503//635
f 1774//636 1776//636 1781//636 1777//636
f 1777//637 1781//637 5497//637 5498//637
f 1776//638 5504//638 5505//638 1781//638
f 1781//639 5505//639 7960//639 5497//639
f 1774//640 1777//640 1782//640 1778//640
f 1778//641 1782//641 6766//641 6767//641
f 1777//642 5498//642 5499//642 1782//642
f 1782//643 5499//643 7962//643 6766//643
f 1783//644 1787//644 1788//644 1784//644
f 1784//645 1788//645 5461//645 5462//645
f 1787//646 6929//646 6928//646 1788//646
f 1788//647 6928//647 8195//647 5461//647
f 1783//648 1784//648 1789//648 1785//648
f 1785//649 1789//649 5479//649 5480//649
f 1784//650 5462//650 5463//650 1789//650
f 1789//651 5463//651 7955//651 5479//651
f 1783//652 1785//652 1790//652 1786//652
f 1786//653 1790//653 5469//653 5468//653
f 1785//654 5480//654 5481//654 1790//654
f 1790//655 5481//655 7956//655 5469//655
f 1783//656 1786//656 1791//656 1787//656
f 1787//657 1791//657 6930//657 6929//657
f 1786//658 5468//658 5467//658 1791//658
f 1791//659 5467//659 8196//659 6930//659
f 1792//660 1796//660 1797//660 1793//660
f 1793//661 1797//661 5467//661 5468//661
f 1796//662 6926//662 6925//662 1797//662
f 1797//663 6925//663 8196//663 5467//663
f 1792//664 1793//664 1798//664 1794//664
f 1794//665 1798//665 5485//665 5486//665
f 1793//666 5468//666 5469//666 1798//666
f 1798//667 5469//667 7956//667 5485//667
f 1792//668 1794//668 1799//668 1795//668
f 1795//669 1799//669 5475//669 5474//669
f 1794//670 5486//670 5487//670 1799//670
f 1799//671 5487//671 7957//671 5475//671
f 1792//672 1795//672 1800//672 1796//672
f 1796//673 1800//673 6927//673 6926//673
f 1795//674 5474//674 5473//674 1800//674
f 1800//675 5473//675 8197//675 6927//675
f 1801//676 1805//676 1806//676 1802//676
f 1802//677 1806//677 5473//677 5474//677
f 1805//678 6923//678 6922//678 1806//678
f 1806//679 6922//679 8197//679 5473//679
f 1801//680 1802//680 1807//680 1803//680
f 1803//681 1807//681 5488//681 5489//681
f 1802//682 5474//682 5475//682 1807//682
f 1807//683 5475//683 7957//683 5488//683
f 1801//684 1803//684 1808//684 1804//684
f 1804//685 1808//685 5478//685 5477//685
f 1803//686 5489//686 5490//686 1808//686
f 1808//687 5490//687 7958//687 5478//687
f 1801//688 1804//688 1809//688 1805//688
f 1805//689 1809//689 6924//689 6923//689
f 1804//690 5477//690 5476//690 1809//690
f 1809//691 5476//691 8198//691 6924//691
f 1810//692 1814//692 1815//692 1811//692
f 1811//693 1815//693 6909//693 6908//693
f 1814//694 6920//694 6919//694 1815//694
f 1815//695 6919//695 8195//695 6909//695
f 1810//696 1811//696 1816//696 1812//696
f 1812//697 1816//697 5458//697 5459//697
f 1811//698 6908//698 6907//698 1816//698
f 1816//699 6907//699 7951//699 5458//699
f 1810//700 1812//700 1817//700 1813//700
f 1813//701 1817//701 6916//701 6917//701
f 1812//702 5459//702 5460//702 1817//702
f 1817//703 5460//703 7954//703 6916//703
f 1810//704 1813//704 1818//704 1814//704
f 1814//705 1818//705 6921//705 6920//705
f 1813//706 6917//706 6918//706 1818//706
f 1818//707 6918//707 8198//707 6921//707
f 1819//708 1823//708 1824//708 1820//708
f 1820//709 1824//709 6762//709 6761//709
f 1823//710 6746//710 6747//710 1824//710
f 1824//711 6747//711 8169//711 6762//711
f 1819//712 1820//712 1825//712 1821//712
f 1821//713 1825//713 5527//713 5528//713
f 1820//714 6761//714 6760//714 1825//714
f 1825//715 6760//715 8167//715 5527//715
f 1819//716 1821//716 1826//716 1822//716
f 1822//717 1826//717 5521//717 5522//717
f 1821//718 5528//718 5529//718 1826//718
f 1826//719 5529//719 7964//719 5521//719
f 1819//720 1822//720 1827//720 1823//720
f 1823//721 1827//721 6745//721 6746//721
f 1822//722 5522//722 5523//722 1827//722
f 1827//723 5523//723 7966//723 6745//723
f 1828//724 1832//724 1833//724 1829//724
f 1829//725 1833//725 6783//725 6782//725
f 1832//726 5504//726 5503//726 1833//726
f 1833//727 5503//727 8171//727 6783//727
f 1828//728 1829//728 1834//728 1830//728
f 1830//729 1834//729 5509//729 5510//729
f 1829//730 6782//730 6781//730 1834//730
f 1834//731 6781//731 8173//731 5509//731
f 1828//732 1830//732 1835//732 1831//732
f 1831//733 1835//733 5491//733 5492//733
f 1830//734 5510//734 5511//734 1835//734
f 1835//735 5511//735 7959//735 5491//735
f 1828//736 1831//736 1836//736 1832//736
f 1832//737 1836//737 5505//737 5504//737
f 1831//738 5492//738 5493//738 1836//738
f 1836//739 5493//739 7960//739 5505//739
f 1837//740 1841//740 1842//740 1838//740
f 1838//741 1842//741 6780//741 6779//741
f 1841//742 6773//742 6774//742 1842//742
f 1842//743 6774//743 8174//743 6780//743
f 1837//744 1838//744 1843//744 1839//744
f 1839//745 1843//745 6768//745 6767//745
f 1838//746 6779//746 6778//746 1843//746
f 1843//747 6778//747 8172//747 6768//747
f 1837//748 1839//748 1844//748 1840//748
f 1840//749 1844//749 5500//749 5501//749
f 1839//750 6767//750 6766//750 1844//750
f 1844//751 6766//751 7962//751 5500//751
f 1837//752 1840//752 1845//752 1841//752
f 1841//753 1845//753 6772//753 6773//753
f 1840//754 5501//754 5502//754 1845//754
f 1845//755 5502//755 7961//755 6772//755
f 1846//756 1850//756 1851//756 1847//756
f 1847//757 1851//757 6777//757 6776//757
f 1850//758 5510//758 5509//758 1851//758
f 1851//759 5509//759 8173//759 6777//759
f 1846//760 1847//760 1852//760 1848//760
f 1848//761 1852//761 6774//761 6773//761
f 1847//762 6776//762 6775//762 1852//762
f 1852//763 6775//763 8174//763 6774//763
f 1846//764 1848//764 1853//764 1849//764
f 1849//765 1853//765 5496//765 5495//765
f 1848//766 6773//766 6772//766 1853//766
f 1853//767 6772//767 7961//767 5496//767
f 1846//768 1849//768 1854//768 1850//768
f 1850//769 1854//769 5511//769 5510//769
f 1849//770 5495//770 5494//770 1854//770
f 1854//771 5494//771 7959//771 5511//771
f 1855//772 1859//772 1860//772 1856//772
f 1856//773 1860//773 5794//773 5795//773
f 1859//774 7781//774 7780//774 1860//774
f 1860//775 7780//775 8321//775 5794//775
f 1855//776 1856//776 1861//776 1857//776
f 1857//777 1861//777 5851//777 5852//777
f 1856//778 5795//778 5796//778 1861//778
f 1861//779 5796//779 8008//779 5851//779
f 1855//780 1857//780 1862//780 1858//780
f 1858//781 1862//781 5847//781 5846//781
f 1857//782 5852//782 5853//782 1862//782
f 1862//783 5853//783 8018//783 5847//783
f 1855//784 1858//784 1863//784 1859//784
f 1859//785 1863//785 7782//785 7781//785
f 1858//786 5846//786 5845//786 1863//786
f 1863//787 5845//787 8325//787 7782//787
f 1864//788 1868//788 1869//788 1865//788
f 1865//789 1869//789 6759//789 6758//789
f 1868//790 5528//790 5527//790 1869//790
f 1869//791 5527//791 8167//791 6759//791
f 1864//792 1865//792 1870//792 1866//792
f 1866//793 1870//793 5533//793 5534//793
f 1865//794 6758//794 6757//794 1870//794
f 1870//795 6757//795 8168//795 5533//795
f 1864//796 1866//796 1871//796 1867//796
f 1867//797 1871//797 5515//797 5516//797
f 1866//798 5534//798 5535//798 1871//798
f 1871//799 5535//799 7963//799 5515//799
f 1864//800 1867//800 1872//800 1868//800
f 1868//801 1872//801 5529//801 5528//801
f 1867//802 5516//802 5517//802 1872//802
f 1872//803 5517//803 7964//803 5529//803
f 1873//804 1877//804 1878//804 1874//804
f 1874//805 1878//805 6756//805 6755//805
f 1877//806 6749//806 6750//806 1878//806
f 1878//807 6750//807 8170//807 6756//807
f 1873//808 1874//808 1879//808 1875//808
f 1875//809 1879//809 6747//809 6746//809
f 1874//810 6755//810 6754//810 1879//810
f 1879//811 6754//811 8169//811 6747//811
f 1873//812 1875//812 1880//812 1876//812
f 1876//813 1880//813 5524//813 5525//813
f 1875//814 6746//814 6745//814 1880//814
f 1880//815 6745//815 7966//815 5524//815
f 1873//816 1876//816 1881//816 1877//816
f 1877//817 1881//817 6748//817 6749//817
f 1876//818 5525//818 5526//818 1881//818
f 1881//819 5526//819 7965//819 6748//819
f 1882//820 1886//820 1887//820 1883//820
f 1883//821 1887//821 6753//821 6752//821
f 1886//822 5534//822 5533//822 1887//822
f 1887//823 5533//823 8168//823 6753//823
f 1882//824 1883//824 1888//824 1884//824
f 1884//825 1888//825 6750//825 6749//825
f 1883//826 6752//826 6751//826 1888//826
f 1888//827 6751//827 8170//827 6750//827
f 1882//828 1884//828 1889//828 1885//828
f 1885//829 1889//829 5520//829 5519//829
f 1884//830 6749//830 6748//830 1889//830
f 1889//831 6748//831 7965//831 5520//831
f 1882//832 1885//832 1890//832 1886//832
f 1886//833 1890//833 5535//833 5534//833
f 1885//834 5519//834 5518//834 1890//834
f 1890//835 5518//835 7963//835 5535//835
f 1891//836 1895//836 1896//836 1892//836
f 1892//837 1896//837 5542//837 5543//837
f 1895//838 5540//838 5539//838 1896//838
f 1896//839 5539//839 7967//839 5542//839
f 1891//840 1892//840 1897//840 1893//840
f 1893//841 1897//841 5550//841 5549//841
f 1892//842 5543//842 5544//842 1897//842
f 1897//843 5544//843 7969//843 5550//843
f 1891//844 1893//844 1898//844 1894//844
f 1894//845 1898//845 5547//845 5546//845
f 1893//846 5549//846 5548//846 1898//846
f 1898//847 5548//847 7970//847 5547//847
f 1891//848 1894//848 1899//848 1895//848
f 1895//849 1899//849 5541//849 5540//849
f 1894//850 5546//850 5545//850 1899//850
f 1899//851 5545//851 7968//851 5541//851
f 1900//852 1904//852 1905//852 1901//852
f 1901//853 1905//853 7650//853 7649//853
f 1904//854 7541//854 7542//854 1905//854
f 1905//855 7542//855 8304//855 7650//855
f 1900//856 1901//856 1906//856 1902//856
f 1902//857 1906//857 7539//857 7538//857
f 1901//858 7649//858 7648//858 1906//858
f 1906//859 7648//859 8303//859 7539//859
f 1900//860 1902//860 1907//860 1903//860
f 1903//861 1907//861 5544//861 5543//861
f 1902//862 7538//862 7537//862 1907//862
f 1907//863 7537//863 7969//863 5544//863
f 1900//864 1903//864 1908//864 1904//864
f 1904//865 1908//865 7540//865 7541//865
f 1903//866 5543//866 5542//866 1908//866
f 1908//867 5542//867 7967//867 7540//867
f 1909//868 1913//868 1914//868 1910//868
f 1910//869 1914//869 7647//869 7646//869
f 1913//870 5552//870 5551//870 1914//870
f 1914//871 5551//871 8299//871 7647//871
f 1909//872 1910//872 1915//872 1911//872
f 1911//873 1915//873 5560//873 5561//873
f 1910//874 7646//874 7645//874 1915//874
f 1915//875 7645//875 8300//875 5560//875
f 1909//876 1911//876 1916//876 1912//876
f 1912//877 1916//877 5545//877 5546//877
f 1911//878 5561//878 5562//878 1916//878
f 1916//879 5562//879 7968//879 5545//879
f 1909//880 1912//880 1917//880 1913//880
f 1913//881 1917//881 5553//881 5552//881
f 1912//882 5546//882 5547//882 1917//882
f 1917//883 5547//883 7970//883 5553//883
f 1918//884 1922//884 1923//884 1919//884
f 1919//885 1923//885 5539//885 5540//885
f 1922//886 5939//886 5940//886 1923//886
f 1923//887 5940//887 7967//887 5539//887
f 1918//888 1919//888 1924//888 1920//888
f 1920//889 1924//889 5935//889 5936//889
f 1919//890 5540//890 5541//890 1924//890
f 1924//891 5541//891 7968//891 5935//891
f 1918//892 1920//892 1925//892 1921//892
f 1921//893 1925//893 5925//893 5924//893
f 1920//894 5936//894 5937//894 1925//894
f 1925//895 5937//895 8028//895 5925//895
f 1918//896 1921//896 1926//896 1922//896
f 1922//897 1926//897 5938//897 5939//897
f 1921//898 5924//898 5923//898 1926//898
f 1926//899 5923//899 8027//899 5938//899
f 1927//900 1931//900 1932//900 1928//900
f 1928//901 1932//901 5563//901 5564//901
f 1931//902 7265//902 7264//902 1932//902
f 1932//903 7264//903 8207//903 5563//903
f 1927//904 1928//904 1933//904 1929//904
f 1929//905 1933//905 5572//905 5573//905
f 1928//906 5564//906 5565//906 1933//906
f 1933//907 5565//907 7972//907 5572//907
f 1927//908 1929//908 1934//908 1930//908
f 1930//909 1934//909 6982//909 6983//909
f 1929//910 5573//910 5574//910 1934//910
f 1934//911 5574//911 7973//911 6982//911
f 1927//912 1930//912 1935//912 1931//912
f 1931//913 1935//913 7266//913 7265//913
f 1930//914 6983//914 6984//914 1935//914
f 1935//915 6984//915 8208//915 7266//915
f 1936//916 1940//916 1941//916 1937//916
f 1937//917 1941//917 6618//917 6617//917
f 1940//918 6599//918 6600//918 1941//918
f 1941//919 6600//919 8144//919 6618//919
f 1936//920 1937//920 1942//920 1938//920
f 1938//921 1942//921 5611//921 5612//921
f 1937//922 6617//922 6616//922 1942//922
f 1942//923 6616//923 8143//923 5611//923
f 1936//924 1938//924 1943//924 1939//924
f 1939//925 1943//925 5605//925 5606//925
f 1938//926 5612//926 5613//926 1943//926
f 1943//927 5613//927 7980//927 5605//927
f 1936//928 1939//928 1944//928 1940//928
f 1940//929 1944//929 6598//929 6599//929
f 1939//930 5606//930 5607//930 1944//930
f 1944//931 5607//931 7982//931 6598//931
f 1945//932 1949//932 1950//932 1946//932
f 1946//933 1950//933 7263//933 7262//933
f 1949//934 6953//934 6952//934 1950//934
f 1950//935 6952//935 8252//935 7263//935
f 1945//936 1946//936 1951//936 1947//936
f 1947//937 1951//937 5587//937 5588//937
f 1946//938 7262//938 7261//938 1951//938
f 1951//939 7261//939 8209//939 5587//939
f 1945//940 1947//940 1952//940 1948//940
f 1948//941 1952//941 5577//941 5576//941
f 1947//942 5588//942 5589//942 1952//942
f 1952//943 5589//943 7976//943 5577//943
f 1945//944 1948//944 1953//944 1949//944
f 1949//945 1953//945 6954//945 6953//945
f 1948//946 5576//946 5575//946 1953//946
f 1953//947 5575//947 8200//947 6954//947
f 1954//948 1958//948 1959//948 1955//948
f 1955//949 1959//949 5575//949 5576//949
f 1958//950 6950//950 6949//950 1959//950
f 1959//951 6949//951 8200//951 5575//951
f 1954//952 1955//952 1960//952 1956//952
f 1956//953 1960//953 5593//953 5594//953
f 1955//954 5576//954 5577//954 1960//954
f 1960//955 5577//955 7976//955 5593//955
f 1954//956 1956//956 1961//956 1957//956
f 1957//957 1961//957 5583//957 5582//957
f 1956//958 5594//958 5595//958 1961//958
f 1961//959 5595//959 7977//959 5583//959
f 1954//960 1957//960 1962//960 1958//960
f 1958//961 1962//961 6951//961 6950//961
f 1957//962 5582//962 5581//962 1962//962
f 1962//963 5581//963 8201//963 6951//963
f 1963//964 1967//964 1968//964 1964//964
f 1964//965 1968//965 7260//965 7259//965
f 1967//966 6947//966 6946//966 1968//966
f 1968//967 6946//967 8251//967 7260//967
f 1963//968 1964//968 1969//968 1965//968
f 1965//969 1969//969 5596//969 5597//969
f 1964//970 7259//970 7258//970 1969//970
f 1969//971 7258//971 8210//971 5596//971
f 1963//972 1965//972 1970//972 1966//972
f 1966//973 1970//973 5586//973 5585//973
f 1965//974 5597//974 5598//974 1970//974
f 1970//975 5598//975 7978//975 5586//975
f 1963//976 1966//976 1971//976 1967//976
f 1967//977 1971//977 6948//977 6947//977
f 1966//978 5585//978 5584//978 1971//978
f 1971//979 5584//979 8202//979 6948//979
f 1972//980 1976//980 1977//980 1973//980
f 1973//981 1977//981 6933//981 6932//981
f 1976//982 6944//982 6943//982 1977//982
f 1977//983 6943//983 8199//983 6933//983
f 1972//984 1973//984 1978//984 1974//984
f 1974//985 1978//985 5566//985 5567//985
f 1973//986 6932//986 6931//986 1978//986
f 1978//987 6931//987 7971//987 5566//987
f 1972//988 1974//988 1979//988 1975//988
f 1975//989 1979//989 6940//989 6941//989
f 1974//990 5567//990 5568//990 1979//990
f 1979//991 5568//991 7974//991 6940//991
f 1972//992 1975//992 1980//992 1976//992
f 1976//993 1980//993 6945//993 6944//993
f 1975//994 6941//994 6942//994 1980//994
f 1980//995 6942//995 8202//995 6945//995
f 1981//996 1985//996 1986//996 1982//996
f 1982//997 1986//997 6642//997 6641//997
f 1985//998 6626//998 6627//998 1986//998
f 1986//999 6627//999 8149//999 6642//999
f 1981//1000 1982//1000 1987//1000 1983//1000
f 1983//1001 1987//1001 5635//1001 5636//1001
f 1982//1002 6641//1002 6640//1002 1987//1002
f 1987//1003 6640//1003 8147//1003 5635//1003
f 1981//1004 1983//1004 1988//1004 1984//1004
f 1984//1005 1988//1005 5629//1005 5630//1005
f 1983//1006 5636//1006 5637//1006 1988//1006
f 1988//1007 5637//1007 7984//1007 5629//1007
f 1981//1008 1984//1008 1989//1008 1985//1008
f 1985//1009 1989//1009 6625//1009 6626//1009
f 1984//1010 5630//1010 5631//1010 1989//1010
f 1989//1011 5631//1011 7986//1011 6625//1011
f 1990//1012 1994//1012 1995//1012 1991//1012
f 1991//1013 1995//1013 7080//1013 7079//1013
f 1994//1014 7256//1014 7255//1014 1995//1014
f 1995//1015 7255//1015 8240//1015 7080//1015
f 1990//1016 1991//1016 1996//1016 1992//1016
f 1992//1017 1996//1017 5617//1017 5618//1017
f 1991//1018 7079//1018 7078//1018 1996//1018
f 1996//1019 7078//1019 8145//1019 5617//1019
f 1990//1020 1992//1020 1997//1020 1993//1020
f 1993//1021 1997//1021 6991//1021 6992//1021
f 1992//1022 5618//1022 5619//1022 1997//1022
f 1997//1023 5619//1023 7979//1023 6991//1023
f 1990//1024 1993//1024 1998//1024 1994//1024
f 1994//1025 1998//1025 7257//1025 7256//1025
f 1993//1026 6992//1026 6993//1026 1998//1026
f 1998//1027 6993//1027 8211//1027 7257//1027
f 1999//1028 2003//1028 2004//1028 2000//1028
f 2000//1029 2004//1029 7077//1029 7076//1029
f 2003//1030 7253//1030 7252//1030 2004//1030
f 2004//1031 7252//1031 8239//1031 7077//1031
f 1999//1032 2000//1032 2005//1032 2001//1032
f 2001//1033 2005//1033 6600//1033 6599//1033
f 2000//1034 7076//1034 7075//1034 2005//1034
f 2005//1035 7075//1035 8144//1035 6600//1035
f 1999//1036 2001//1036 2006//1036 2002//1036
f 2002//1037 2006//1037 6994//1037 6995//1037
f 2001//1038 6599//1038 6598//1038 2006//1038
f 2006//1039 6598//1039 7982//1039 6994//1039
f 1999//1040 2002//1040 2007//1040 2003//1040
f 2003//1041 2007//1041 7254//1041 7253//1041
f 2002//1042 6995//1042 6996//1042 2007//1042
f 2007//1043 6996//1043 8212//1043 7254//1043
f 2008//1044 2012//1044 2013//1044 2009//1044
f 2009//1045 2013//1045 6609//1045 6608//1045
f 2012//1046 5618//1046 5617//1046 2013//1046
f 2013//1047 5617//1047 8145//1047 6609//1047
f 2008//1048 2009//1048 2014//1048 2010//1048
f 2010//1049 2014//1049 6606//1049 6605//1049
f 2009//1050 6608//1050 6607//1050 2014//1050
f 2014//1051 6607//1051 8146//1051 6606//1051
f 2008//1052 2010//1052 2015//1052 2011//1052
f 2011//1053 2015//1053 5604//1053 5603//1053
f 2010//1054 6605//1054 6604//1054 2015//1054
f 2015//1055 6604//1055 7981//1055 5604//1055
f 2008//1056 2011//1056 2016//1056 2012//1056
f 2012//1057 2016//1057 5619//1057 5618//1057
f 2011//1058 5603//1058 5602//1058 2016//1058
f 2016//1059 5602//1059 7979//1059 5619//1059
f 2017//1060 2021//1060 2022//1060 2018//1060
f 2018//1061 2022//1061 7644//1061 7643//1061
f 2021//1062 7250//1062 7249//1062 2022//1062
f 2022//967 7249//967 8320//967 7644//967
f 2017//1063 2018//1063 2023//1063 2019//1063
f 2019//1064 2023//1064 5659//1064 5660//1064
f 2018//1065 7643//1065 7642//1065 2023//1065
f 2023//1066 7642//1066 8301//1066 5659//1066
f 2017//1067 2019//1067 2024//1067 2020//1067
f 2020//1068 2024//1068 7006//1068 7007//1068
f 2019//1069 5660//1069 5661//1069 2024//1069
f 2024//1070 5661//1070 7990//1070 7006//1070
f 2017//1071 2020//1071 2025//1071 2021//1071
f 2021//1072 2025//1072 7251//1072 7250//1072
f 2020//1073 7007//1073 7008//1073 2025//1073
f 2025//1073 7008//1073 8216//1073 7251//1073
f 2026//1074 2030//1074 2031//1074 2027//1074
f 2027//1075 2031//1075 7086//1075 7085//1075
f 2030//1076 7247//1076 7246//1076 2031//1076
f 2031//1077 7246//1077 8242//1077 7086//1077
f 2026//1078 2027//1078 2032//1078 2028//1078
f 2028//1079 2032//1079 5641//1079 5642//1079
f 2027//1080 7085//1080 7084//1080 2032//1080
f 2032//1081 7084//1081 8148//1081 5641//1081
f 2026//1082 2028//1082 2033//1082 2029//1082
f 2029//1083 2033//1083 6997//1083 6998//1083
f 2028//1084 5642//1084 5643//1084 2033//1084
f 2033//1085 5643//1085 7983//1085 6997//1085
f 2026//1086 2029//1086 2034//1086 2030//1086
f 2030//1087 2034//1087 7248//1087 7247//1087
f 2029//1088 6998//1088 6999//1088 2034//1088
f 2034//1089 6999//1089 8213//1089 7248//1089
f 2035//1090 2039//1090 2040//1090 2036//1090
f 2036//1091 2040//1091 7083//1091 7082//1091
f 2039//1092 7244//1092 7243//1092 2040//1092
f 2040//1093 7243//1093 8241//1093 7083//1093
f 2035//1094 2036//1094 2041//1094 2037//1094
f 2037//1095 2041//1095 6627//1095 6626//1095
f 2036//1096 7082//1096 7081//1096 2041//1096
f 2041//1097 7081//1097 8149//1097 6627//1097
f 2035//1098 2037//1098 2042//1098 2038//1098
f 2038//1099 2042//1099 7000//1099 7001//1099
f 2037//1100 6626//1100 6625//1100 2042//1100
f 2042//1101 6625//1101 7986//1101 7000//1101
f 2035//1102 2038//1102 2043//1102 2039//1102
f 2039//1103 2043//1103 7245//1103 7244//1103
f 2038//1104 7001//1104 7002//1104 2043//1104
f 2043//1105 7002//1105 8214//1105 7245//1105
f 2044//1106 2048//1106 2049//1106 2045//1106
f 2045//1107 2049//1107 6633//1107 6632//1107
f 2048//1108 5642//1108 5641//1108 2049//1108
f 2049//1109 5641//1109 8148//1109 6633//1109
f 2044//1110 2045//1110 2050//1110 2046//1110
f 2046//1111 2050//1111 6630//1111 6629//1111
f 2045//1112 6632//1112 6631//1112 2050//1112
f 2050//1113 6631//1113 8150//1113 6630//1113
f 2044//1114 2046//1114 2051//1114 2047//1114
f 2047//1115 2051//1115 5628//1115 5627//1115
f 2046//1116 6629//1116 6628//1116 2051//1116
f 2051//1117 6628//1117 7985//1117 5628//1117
f 2044//1118 2047//1118 2052//1118 2048//1118
f 2048//1119 2052//1119 5643//1119 5642//1119
f 2047//1120 5627//1120 5626//1120 2052//1120
f 2052//1121 5626//1121 7983//1121 5643//1121
f 2053//1122 2057//1122 2058//1122 2054//1122
f 2054//1122 2058//1122 7242//1122 7241//1122
f 2057//1123 5648//1123 5647//1123 2058//1123
f 2058//1123 5647//1123 8215//1123 7242//1123
f 2053//1124 2054//1124 2059//1124 2055//1124
f 2055//1125 2059//1125 7008//1125 7007//1125
f 2054//1124 7241//1124 7240//1124 2059//1124
f 2059//1125 7240//1125 8216//1125 7008//1125
f 2053//1124 2055//1124 2060//1124 2056//1124
f 2056//1124 2060//1124 5655//1124 5654//1124
f 2055//1125 7007//1125 7006//1125 2060//1125
f 2060//1126 7006//1126 7990//1126 5655//1126
f 2053//1122 2056//1122 2061//1122 2057//1122
f 2057//1127 2061//1127 5649//1127 5648//1127
f 2056//1128 5654//1128 5653//1128 2061//1128
f 2061//1129 5653//1129 7988//1129 5649//1129
f 2062//1130 2066//1130 2067//1130 2063//1130
f 2063//982 2067//982 7641//982 7640//982
f 2066//1131 7547//1131 7548//1131 2067//1131
f 2067//983 7548//983 8306//983 7641//983
f 2062//1132 2063//1132 2068//1132 2064//1132
f 2064//1133 2068//1133 7545//1133 7544//1133
f 2063//993 7640//993 7639//993 2068//993
f 2068//995 7639//995 8305//995 7545//995
f 2062//1134 2064//1134 2069//1134 2065//1134
f 2065//1135 2069//1135 5652//1135 5651//1135
f 2064//1136 7544//1136 7543//1136 2069//1136
f 2069//1137 7543//1137 7989//1137 5652//1137
f 2062//1138 2065//1138 2070//1138 2066//1138
f 2066//1139 2070//1139 7546//1139 7547//1139
f 2065//1140 5651//1140 5650//1140 2070//1140
f 2070//1141 5650//1141 7987//1141 7546//1141
f 2071//1142 2075//1142 2076//1142 2072//1142
f 2072//1143 2076//1143 5917//1143 5918//1143
f 2075//1144 5831//1144 5830//1144 2076//1144
f 2076//1145 5830//1145 8014//1145 5917//1145
f 2071//1146 2072//1146 2077//1146 2073//1146
f 2073//1147 2077//1147 5898//1147 5897//1147
f 2072//1148 5918//1148 5919//1148 2077//1148
f 2077//1149 5919//1149 8026//1149 5898//1149
f 2071//1150 2073//1150 2078//1150 2074//1150
f 2074//1151 2078//1151 5913//1151 5912//1151
f 2073//1152 5897//1152 5896//1152 2078//1152
f 2078//1153 5896//1153 8025//1153 5913//1153
f 2071//1154 2074//1154 2079//1154 2075//1154
f 2075//1155 2079//1155 5832//1155 5831//1155
f 2074//1156 5912//1156 5911//1156 2079//1156
f 2079//1157 5911//1157 8011//1157 5832//1157
f 2080//1158 2084//1158 2085//1158 2081//1158
f 2081//1159 2085//1159 7638//1159 7637//1159
f 2084//1160 7238//1160 7237//1160 2085//1160
f 2085//935 7237//935 8319//935 7638//935
f 2080//1161 2081//1161 2086//1161 2082//1161
f 2082//1162 2086//1162 7548//1162 7547//1162
f 2081//1163 7637//1163 7636//1163 2086//1163
f 2086//1164 7636//1164 8306//1164 7548//1164
f 2080//1165 2082//1165 2087//1165 2083//1165
f 2083//1166 2087//1166 7003//1166 7004//1166
f 2082//1167 7547//1167 7546//1167 2087//1167
f 2087//1168 7546//1168 7987//1168 7003//1168
f 2080//1169 2083//1169 2088//1169 2084//1169
f 2084//1170 2088//1170 7239//1170 7238//1170
f 2083//1171 7004//1171 7005//1171 2088//1171
f 2088//1172 7005//1172 8215//1172 7239//1172
f 2089//1173 2093//1173 2094//1173 2090//1173
f 2090//1174 2094//1174 5602//1174 5603//1174
f 2093//1175 5678//1175 5677//1175 2094//1175
f 2094//1176 5677//1176 7979//1176 5602//1176
f 2089//1177 2090//1177 2095//1177 2091//1177
f 2091//1178 2095//1178 5646//1178 5645//1178
f 2090//1179 5603//1179 5604//1179 2095//1179
f 2095//1180 5604//1180 7981//1180 5646//1180
f 2089//1181 2091//1181 2096//1181 2092//1181
f 2092//1182 2096//1182 5683//1182 5684//1182
f 2091//1183 5645//1183 5644//1183 2096//1183
f 2096//1113 5644//1113 7994//1113 5683//1113
f 2089//1184 2092//1184 2097//1184 2093//1184
f 2093//1185 2097//1185 5679//1185 5678//1185
f 2092//1186 5684//1186 5685//1186 2097//1186
f 2097//1187 5685//1187 7993//1187 5679//1187
f 2098//1188 2102//1188 2103//1188 2099//1188
f 2099//1189 2103//1189 6996//1189 6995//1189
f 2102//1190 7235//1190 7234//1190 2103//1190
f 2103//1191 7234//1191 8212//1191 6996//1191
f 2098//1192 2099//1192 2104//1192 2100//1192
f 2100//1193 2104//1193 5640//1193 5639//1193
f 2099//1194 6995//1194 6994//1194 2104//1194
f 2104//1195 6994//1195 7982//1195 5640//1195
f 2098//1196 2100//1196 2105//1196 2101//1196
f 2101//1096 2105//1096 7009//1096 7010//1096
f 2100//1197 5639//1197 5638//1197 2105//1197
f 2105//1097 5638//1097 7992//1097 7009//1097
f 2098//1198 2101//1198 2106//1198 2102//1198
f 2102//1199 2106//1199 7236//1199 7235//1199
f 2101//1091 7010//1091 7011//1091 2106//1091
f 2106//1093 7011//1093 8217//1093 7236//1093
f 2107//1200 2111//1200 2112//1200 2108//1200
f 2108//1200 2112//1200 7092//1200 7091//1200
f 2111//1201 7232//1201 7231//1201 2112//1201
f 2112//1201 7231//1201 8244//1201 7092//1201
f 2107//1202 2108//1202 2113//1202 2109//1202
f 2109//1203 2113//1203 5707//1203 5708//1203
f 2108//1202 7091//1202 7090//1202 2113//1202
f 2113//1204 7090//1204 8151//1204 5707//1204
f 2107//1202 2109//1202 2114//1202 2110//1202
f 2110//1202 2114//1202 5706//1202 5705//1202
f 2109//1204 5708//1204 5709//1204 2114//1204
f 2114//1203 5709//1203 8085//1203 5706//1203
f 2107//1200 2110//1200 2115//1200 2111//1200
f 2111//1201 2115//1201 7233//1201 7232//1201
f 2110//1200 5705//1200 5704//1200 2115//1200
f 2115//1201 5704//1201 8220//1201 7233//1201
f 2116//1205 2120//1205 2121//1205 2117//1205
f 2117//1206 2121//1206 5607//1206 5606//1206
f 2120//1207 5639//1207 5640//1207 2121//1207
f 2121//1208 5640//1208 7982//1208 5607//1208
f 2116//1209 2117//1209 2122//1209 2118//1209
f 2118//1210 2122//1210 5671//1210 5672//1210
f 2117//1211 5606//1211 5605//1211 2122//1211
f 2122//1212 5605//1212 7980//1212 5671//1212
f 2116//1213 2118//1213 2123//1213 2119//1213
f 2119//1214 2123//1214 5692//1214 5693//1214
f 2118//1215 5672//1215 5673//1215 2123//1215
f 2123//1216 5673//1216 7991//1216 5692//1216
f 2116//1217 2119//1217 2124//1217 2120//1217
f 2120//1218 2124//1218 5638//1218 5639//1218
f 2119//1219 5693//1219 5694//1219 2124//1219
f 2124//999 5694//999 7992//999 5638//999
f 2125//1220 2129//1220 2130//1220 2126//1220
f 2126//1221 2130//1221 5538//1221 5537//1221
f 2129//1222 5759//1222 5760//1222 2130//1222
f 2130//1223 5760//1223 7961//1223 5538//1223
f 2125//1224 2126//1224 2131//1224 2127//1224
f 2127//1225 2131//1225 5755//1225 5756//1225
f 2126//1226 5537//1226 5536//1226 2131//1226
f 2131//1227 5536//1227 7998//1227 5755//1227
f 2125//1228 2127//1228 2132//1228 2128//1228
f 2128//1229 2132//1229 5746//1229 5747//1229
f 2127//1230 5756//1230 5757//1230 2132//1230
f 2132//1231 5757//1231 8001//1231 5746//1231
f 2125//1232 2128//1232 2133//1232 2129//1232
f 2129//1233 2133//1233 5758//1233 5759//1233
f 2128//1234 5747//1234 5748//1234 2133//1234
f 2133//1235 5748//1235 8000//1235 5758//1235
f 2134//1236 2138//1236 2139//1236 2135//1236
f 2135//1236 2139//1236 6663//1236 6662//1236
f 2138//1237 6650//1237 6651//1237 2139//1237
f 2139//1237 6651//1237 8153//1237 6663//1237
f 2134//1238 2135//1238 2140//1238 2136//1238
f 2136//1239 2140//1239 6648//1239 6647//1239
f 2135//1240 6662//1240 6661//1240 2140//1240
f 2140//1241 6661//1241 8152//1241 6648//1241
f 2134//1238 2136//1238 2141//1238 2137//1238
f 2137//1238 2141//1238 5703//1238 5702//1238
f 2136//1241 6647//1241 6646//1241 2141//1241
f 2141//1241 6646//1241 8086//1241 5703//1241
f 2134//1236 2137//1236 2142//1236 2138//1236
f 2138//1237 2142//1237 6649//1237 6650//1237
f 2137//1236 5702//1236 5701//1236 2142//1236
f 2142//1237 5701//1237 8083//1237 6649//1237
f 2143//1242 2147//1242 2148//1242 2144//1242
f 2144//1242 2148//1242 6660//1242 6659//1242
f 2147//1243 5708//1243 5707//1243 2148//1243
f 2148//1243 5707//1243 8151//1243 6660//1243
f 2143//1244 2144//1244 2149//1244 2145//1244
f 2145//1245 2149//1245 5716//1245 5717//1245
f 2144//1244 6659//1244 6658//1244 2149//1244
f 2149//1245 6658//1245 8154//1245 5716//1245
f 2143//1244 2145//1244 2150//1244 2146//1244
f 2146//1244 2150//1244 5698//1244 5699//1244
f 2145//1245 5717//1245 5718//1245 2150//1245
f 2150//1245 5718//1245 8084//1245 5698//1245
f 2143//1242 2146//1242 2151//1242 2147//1242
f 2147//1243 2151//1243 5709//1243 5708//1243
f 2146//1242 5699//1242 5700//1242 2151//1242
f 2151//1246 5700//1246 8085//1246 5709//1246
f 2152//1247 2156//1247 2157//1247 2153//1247
f 2153//1247 2157//1247 7089//1247 7088//1247
f 2156//1248 7229//1248 7228//1248 2157//1248
f 2157//1248 7228//1248 8243//1248 7089//1248
f 2152//1249 2153//1249 2158//1249 2154//1249
f 2154//1250 2158//1250 6651//1250 6650//1250
f 2153//1251 7088//1251 7087//1251 2158//1251
f 2158//1252 7087//1252 8153//1252 6651//1252
f 2152//1249 2154//1249 2159//1249 2155//1249
f 2155//1249 2159//1249 7015//1249 7016//1249
f 2154//1250 6650//1250 6649//1250 2159//1250
f 2159//1250 6649//1250 8083//1250 7015//1250
f 2152//1247 2155//1247 2160//1247 2156//1247
f 2156//1248 2160//1248 7230//1248 7229//1248
f 2155//1247 7016//1247 7017//1247 2160//1247
f 2160//1248 7017//1248 8219//1248 7230//1248
f 2161//1253 2165//1253 2166//1253 2162//1253
f 2162//1254 2166//1254 5502//1254 5501//1254
f 2165//1255 5537//1255 5538//1255 2166//1255
f 2166//1256 5538//1256 7961//1256 5502//1256
f 2161//1257 2162//1257 2167//1257 2163//1257
f 2163//1258 2167//1258 5532//1258 5531//1258
f 2162//1259 5501//1259 5500//1259 2167//1259
f 2167//814 5500//814 7962//814 5532//814
f 2161//1260 2163//1260 2168//1260 2164//1260
f 2164//1261 2168//1261 5734//1261 5735//1261
f 2163//1262 5531//1262 5530//1262 2168//1262
f 2168//811 5530//811 7996//811 5734//811
f 2161//1263 2164//1263 2169//1263 2165//1263
f 2165//1264 2169//1264 5536//1264 5537//1264
f 2164//1265 5735//1265 5736//1265 2169//1265
f 2169//1266 5736//1266 7998//1266 5536//1266
f 2170//1267 2174//1267 2175//1267 2171//1267
f 2171//1268 2175//1268 5493//1268 5492//1268
f 2174//1269 5720//1269 5719//1269 2175//1269
f 2175//801 5719//801 7960//801 5493//801
f 2170//1270 2171//1270 2176//1270 2172//1270
f 2172//1271 2176//1271 5725//1271 5726//1271
f 2171//1272 5492//1272 5491//1272 2176//1272
f 2176//1273 5491//1273 7959//1273 5725//1273
f 2170//1274 2172//1274 2177//1274 2173//1274
f 2173//1275 2177//1275 5737//1275 5738//1275
f 2172//1276 5726//1276 5727//1276 2177//1276
f 2177//1277 5727//1277 7997//1277 5737//1277
f 2170//1278 2173//1278 2178//1278 2174//1278
f 2174//1279 2178//1279 5721//1279 5720//1279
f 2173//1280 5738//1280 5739//1280 2178//1280
f 2178//791 5739//791 7995//791 5721//791
f 2179//1281 2183//1281 2184//1281 2180//1281
f 2180//720 2184//720 5499//720 5498//720
f 2183//1282 5531//1282 5532//1282 2184//1282
f 2184//721 5532//721 7962//721 5499//721
f 2179//1283 2180//1283 2185//1283 2181//1283
f 2181//713 2185//713 5719//713 5720//713
f 2180//716 5498//716 5497//716 2185//716
f 2185//718 5497//718 7960//718 5719//718
f 2179//1284 2181//1284 2186//1284 2182//1284
f 2182//714 2186//714 5740//714 5741//714
f 2181//1285 5720//1285 5721//1285 2186//1285
f 2186//715 5721//715 7995//715 5740//715
f 2179//1286 2182//1286 2187//1286 2183//1286
f 2183//1287 2187//1287 5530//1287 5531//1287
f 2182//709 5741//709 5742//709 2187//709
f 2187//711 5742//711 7996//711 5530//711
f 2188//1288 2192//1288 2193//1288 2189//1288
f 2189//1289 2193//1289 7830//1289 7829//1289
f 2192//1290 7814//1290 7815//1290 2193//1290
f 2193//1291 7815//1291 8349//1291 7830//1291
f 2188//1292 2189//1292 2194//1292 2190//1292
f 2190//1293 2194//1293 5779//1293 5780//1293
f 2189//1294 7829//1294 7828//1294 2194//1294
f 2194//1295 7828//1295 8347//1295 5779//1295
f 2188//1296 2190//1296 2195//1296 2191//1296
f 2191//1297 2195//1297 5773//1297 5774//1297
f 2190//1298 5780//1298 5781//1298 2195//1298
f 2195//1299 5781//1299 8003//1299 5773//1299
f 2188//1300 2191//1300 2196//1300 2192//1300
f 2192//1301 2196//1301 7813//1301 7814//1301
f 2191//1302 5774//1302 5775//1302 2196//1302
f 2196//1303 5775//1303 8006//1303 7813//1303
f 2197//1304 2201//1304 2202//1304 2198//1304
f 2198//1305 2202//1305 5731//1305 5732//1305
f 2201//1306 5756//1306 5755//1306 2202//1306
f 2202//1307 5755//1307 7998//1307 5731//1307
f 2197//1308 2198//1308 2203//1308 2199//1308
f 2199//1309 2203//1309 5761//1309 5762//1309
f 2198//1310 5732//1310 5733//1310 2203//1310
f 2203//1311 5733//1311 7997//1311 5761//1311
f 2197//1312 2199//1312 2204//1312 2200//1312
f 2200//1313 2204//1313 5754//1313 5753//1313
f 2199//1314 5762//1314 5763//1314 2204//1314
f 2204//1315 5763//1315 8002//1315 5754//1315
f 2197//1316 2200//1316 2205//1316 2201//1316
f 2201//1317 2205//1317 5757//1317 5756//1317
f 2200//1318 5753//1318 5752//1318 2205//1318
f 2205//1319 5752//1319 8001//1319 5757//1319
f 2206//1320 2210//1320 2211//1320 2207//1320
f 2207//1321 2211//1321 5494//1321 5495//1321
f 2210//1322 5765//1322 5766//1322 2211//1322
f 2211//1323 5766//1323 7959//1323 5494//1323
f 2206//1324 2207//1324 2212//1324 2208//1324
f 2208//1325 2212//1325 5760//1325 5759//1325
f 2207//1326 5495//1326 5496//1326 2212//1326
f 2212//1327 5496//1327 7961//1327 5760//1327
f 2206//1328 2208//1328 2213//1328 2209//1328
f 2209//1329 2213//1329 5745//1329 5744//1329
f 2208//1330 5759//1330 5758//1330 2213//1330
f 2213//1331 5758//1331 8000//1331 5745//1331
f 2206//1332 2209//1332 2214//1332 2210//1332
f 2210//1333 2214//1333 5764//1333 5765//1333
f 2209//1334 5744//1334 5743//1334 2214//1334
f 2214//1335 5743//1335 7999//1335 5764//1335
f 2215//1336 2219//1336 2220//1336 2216//1336
f 2216//1337 2220//1337 5727//1337 5726//1337
f 2219//1338 5762//1338 5761//1338 2220//1338
f 2220//1339 5761//1339 7997//1339 5727//1339
f 2215//1340 2216//1340 2221//1340 2217//1340
f 2217//1341 2221//1341 5766//1341 5765//1341
f 2216//1342 5726//1342 5725//1342 2221//1342
f 2221//1343 5725//1343 7959//1343 5766//1343
f 2215//1344 2217//1344 2222//1344 2218//1344
f 2218//1345 2222//1345 5749//1345 5750//1345
f 2217//1346 5765//1346 5764//1346 2222//1346
f 2222//1347 5764//1347 7999//1347 5749//1347
f 2215//1348 2218//1348 2223//1348 2219//1348
f 2219//1349 2223//1349 5763//1349 5762//1349
f 2218//1350 5750//1350 5751//1350 2223//1350
f 2223//1351 5751//1351 8002//1351 5763//1351
f 2224//1352 2228//1352 2229//1352 2225//1352
f 2225//1353 2229//1353 7827//1353 7826//1353
f 2228//1354 5780//1354 5779//1354 2229//1354
f 2229//1355 5779//1355 8347//1355 7827//1355
f 2224//1356 2225//1356 2230//1356 2226//1356
f 2226//1357 2230//1357 5785//1357 5786//1357
f 2225//1329 7826//1329 7825//1329 2230//1329
f 2230//1357 7825//1357 8348//1357 5785//1357
f 2224//1356 2226//1356 2231//1356 2227//1356
f 2227//1356 2231//1356 5769//1356 5768//1356
f 2226//1357 5786//1357 5787//1357 2231//1357
f 2231//1357 5787//1357 8004//1357 5769//1357
f 2224//1352 2227//1352 2232//1352 2228//1352
f 2228//1358 2232//1358 5781//1358 5780//1358
f 2227//1359 5768//1359 5767//1359 2232//1359
f 2232//1360 5767//1360 8003//1360 5781//1360
f 2233//1361 2237//1361 2238//1361 2234//1361
f 2234//1362 2238//1362 7824//1362 7823//1362
f 2237//1363 7817//1363 7818//1363 2238//1363
f 2238//1364 7818//1364 8350//1364 7824//1364
f 2233//1365 2234//1365 2239//1365 2235//1365
f 2235//1366 2239//1366 7815//1366 7814//1366
f 2234//1367 7823//1367 7822//1367 2239//1367
f 2239//1368 7822//1368 8349//1368 7815//1368
f 2233//1365 2235//1365 2240//1365 2236//1365
f 2236//1365 2240//1365 5778//1365 5777//1365
f 2235//1369 7814//1369 7813//1369 2240//1369
f 2240//1370 7813//1370 8006//1370 5778//1370
f 2233//1371 2236//1371 2241//1371 2237//1371
f 2237//1372 2241//1372 7816//1372 7817//1372
f 2236//1371 5777//1371 5776//1371 2241//1371
f 2241//1373 5776//1373 8005//1373 7816//1373
f 2242//1374 2246//1374 2247//1374 2243//1374
f 2243//1375 2247//1375 7821//1375 7820//1375
f 2246//1376 5786//1376 5785//1376 2247//1376
f 2247//1377 5785//1377 8348//1377 7821//1377
f 2242//1378 2243//1378 2248//1378 2244//1378
f 2244//1379 2248//1379 7818//1379 7817//1379
f 2243//1380 7820//1380 7819//1380 2248//1380
f 2248//1381 7819//1381 8350//1381 7818//1381
f 2242//1382 2244//1382 2249//1382 2245//1382
f 2245//1383 2249//1383 5770//1383 5771//1383
f 2244//1384 7817//1384 7816//1384 2249//1384
f 2249//1385 7816//1385 8005//1385 5770//1385
f 2242//1386 2245//1386 2250//1386 2246//1386
f 2246//1377 2250//1377 5787//1377 5786//1377
f 2245//1386 5771//1386 5772//1386 2250//1386
f 2250//1376 5772//1376 8004//1376 5787//1376
f 2251//1387 2255//1387 2256//1387 2252//1387
f 2252//657 2256//657 6570//657 6569//657
f 2255//1388 5801//1388 5800//1388 2256//1388
f 2256//659 5800//659 8138//659 6570//659
f 2251//1389 2252//1389 2257//1389 2253//1389
f 2253//1390 2257//1390 6552//1390 6551//1390
f 2252//646 6569//646 6568//646 2257//646
f 2257//647 6568//647 8136//647 6552//647
f 2251//1391 2253//1391 2258//1391 2254//1391
f 2254//1392 2258//1392 5803//1392 5804//1392
f 2253//1393 6551//1393 6550//1393 2258//1393
f 2258//1394 6550//1394 8009//1394 5803//1394
f 2251//1395 2254//1395 2259//1395 2255//1395
f 2255//1396 2259//1396 5802//1396 5801//1396
f 2254//1397 5804//1397 5805//1397 2259//1397
f 2259//1398 5805//1398 8010//1398 5802//1398
f 2260//1399 2264//1399 2265//1399 2261//1399
f 2261//673 2265//673 6567//673 6566//673
f 2264//1400 5792//1400 5791//1400 2265//1400
f 2265//675 5791//675 8137//675 6567//675
f 2260//1401 2261//1401 2266//1401 2262//1401
f 2262//1402 2266//1402 5800//1402 5801//1402
f 2261//662 6566//662 6565//662 2266//662
f 2266//1403 6565//1403 8138//1403 5800//1403
f 2260//1404 2262//1404 2267//1404 2263//1404
f 2263//1405 2267//1405 5806//1405 5807//1405
f 2262//1406 5801//1406 5802//1406 2267//1406
f 2267//1407 5802//1407 8010//1407 5806//1407
f 2260//1408 2263//1408 2268//1408 2264//1408
f 2264//1409 2268//1409 5793//1409 5792//1409
f 2263//1410 5807//1410 5808//1410 2268//1410
f 2268//1411 5808//1411 8007//1411 5793//1411
f 2269//1412 2273//1412 2274//1412 2270//1412
f 2270//694 2274//694 6564//694 6563//694
f 2273//1413 6551//1413 6552//1413 2274//1413
f 2274//695 6552//695 8136//695 6564//695
f 2269//1414 2270//1414 2275//1414 2271//1414
f 2271//1415 2275//1415 6549//1415 6548//1415
f 2270//705 6563//705 6562//705 2275//705
f 2275//707 6562//707 8135//707 6549//707
f 2269//1416 2271//1416 2276//1416 2272//1416
f 2272//1417 2276//1417 5809//1417 5810//1417
f 2271//1418 6548//1418 6547//1418 2276//1418
f 2276//1419 6547//1419 8008//1419 5809//1419
f 2269//1420 2272//1420 2277//1420 2273//1420
f 2273//1421 2277//1421 6550//1421 6551//1421
f 2272//1422 5810//1422 5811//1422 2277//1422
f 2277//1423 5811//1423 8009//1423 6550//1423
f 2278//1424 2282//1424 2283//1424 2279//1424
f 2279//689 2283//689 6561//689 6560//689
f 2282//1425 6548//1425 6549//1425 2283//1425
f 2283//691 6549//691 8135//691 6561//691
f 2278//1426 2279//1426 2284//1426 2280//1426
f 2280//1427 2284//1427 5791//1427 5792//1427
f 2279//678 6560//678 6559//678 2284//678
f 2284//679 6559//679 8137//679 5791//679
f 2278//1428 2280//1428 2285//1428 2281//1428
f 2281//1429 2285//1429 5812//1429 5813//1429
f 2280//1430 5792//1430 5793//1430 2285//1430
f 2285//1431 5793//1431 8007//1431 5812//1431
f 2278//1432 2281//1432 2286//1432 2282//1432
f 2282//1433 2286//1433 6547//1433 6548//1433
f 2281//1434 5813//1434 5814//1434 2286//1434
f 2286//1435 5814//1435 8008//1435 6547//1435
f 2287//1159 2291//1159 2292//1159 2288//1159
f 2288//1159 2292//1159 7074//1159 7073//1159
f 2291//935 7226//935 7225//935 2292//935
f 2292//935 7225//935 8238//935 7074//935
f 2287//1163 2288//1163 2293//1163 2289//1163
f 2289//1164 2293//1164 6576//1164 6575//1164
f 2288//1163 7073//1163 7072//1163 2293//1163
f 2293//1164 7072//1164 8140//1164 6576//1164
f 2287//1436 2289//1436 2294//1436 2290//1436
f 2290//1163 2294//1163 7021//1163 7022//1163
f 2289//1164 6575//1164 6574//1164 2294//1164
f 2294//1164 6574//1164 8013//1164 7021//1164
f 2287//1159 2290//1159 2295//1159 2291//1159
f 2291//935 2295//935 7227//935 7226//935
f 2290//1159 7022//1159 7023//1159 2295//1159
f 2295//935 7023//935 8221//935 7227//935
f 2296//1437 2300//1437 2301//1437 2297//1437
f 2297//961 2301//961 6591//961 6590//961
f 2300//1438 5816//1438 5815//1438 2301//1438
f 2301//1439 5815//1439 8141//1439 6591//1439
f 2296//1440 2297//1440 2302//1440 2298//1440
f 2298//1441 2302//1441 5824//1441 5825//1441
f 2297//950 6590//950 6589//950 2302//950
f 2302//951 6589//951 8142//951 5824//951
f 2296//1442 2298//1442 2303//1442 2299//1442
f 2299//1443 2303//1443 5830//1443 5831//1443
f 2298//1444 5825//1444 5826//1444 2303//1444
f 2303//1445 5826//1445 8014//1445 5830//1445
f 2296//1446 2299//1446 2304//1446 2300//1446
f 2300//1447 2304//1447 5817//1447 5816//1447
f 2299//1448 5831//1448 5832//1448 2304//1448
f 2304//1449 5832//1449 8011//1449 5817//1449
f 2305//982 2309//982 2310//982 2306//982
f 2306//982 2310//982 6588//982 6587//982
f 2309//1450 6575//1450 6576//1450 2310//1450
f 2310//1451 6576//1451 8140//1451 6588//1451
f 2305//993 2306//993 2311//993 2307//993
f 2307//995 2311//995 6573//995 6572//995
f 2306//993 6587//993 6586//993 2311//993
f 2311//995 6586//995 8139//995 6573//995
f 2305//993 2307//993 2312//993 2308//993
f 2308//993 2312//993 5833//993 5834//993
f 2307//995 6572//995 6571//995 2312//995
f 2312//995 6571//995 8012//995 5833//995
f 2305//982 2308//982 2313//982 2309//982
f 2309//983 2313//983 6574//983 6575//983
f 2308//982 5834//982 5835//982 2313//982
f 2313//983 5835//983 8013//983 6574//983
f 2314//1452 2318//1452 2319//1452 2315//1452
f 2315//1453 2319//1453 7071//1453 7070//1453
f 2318//967 7223//967 7222//967 2319//967
f 2319//967 7222//967 8237//967 7071//967
f 2314//1454 2315//1454 2320//1454 2316//1454
f 2316//1455 2320//1455 5815//1455 5816//1455
f 2315//1456 7070//1456 7069//1456 2320//1456
f 2320//1457 7069//1457 8141//1457 5815//1457
f 2314//1458 2316//1458 2321//1458 2317//1458
f 2317//1459 2321//1459 7024//1459 7025//1459
f 2316//1460 5816//1460 5817//1460 2321//1460
f 2321//1461 5817//1461 8011//1461 7024//1461
f 2314//1462 2317//1462 2322//1462 2318//1462
f 2318//967 2322//967 7224//967 7223//967
f 2317//1463 7025//1463 7026//1463 2322//1463
f 2322//967 7026//967 8222//967 7224//967
f 2323//1464 2327//1464 2328//1464 2324//1464
f 2324//1465 2328//1465 5839//1465 5840//1465
f 2327//1466 5879//1466 5880//1466 2328//1466
f 2328//1467 5880//1467 8015//1467 5839//1467
f 2323//1468 2324//1468 2329//1468 2325//1468
f 2325//1469 2329//1469 5875//1469 5876//1469
f 2324//1470 5840//1470 5841//1470 2329//1470
f 2329//1471 5841//1471 8016//1471 5875//1471
f 2323//1472 2325//1472 2330//1472 2326//1472
f 2326//1473 2330//1473 5865//1473 5864//1473
f 2325//1474 5876//1474 5877//1474 2330//1474
f 2330//1475 5877//1475 8020//1475 5865//1475
f 2323//1476 2326//1476 2331//1476 2327//1476
f 2327//1477 2331//1477 5878//1477 5879//1477
f 2326//1478 5864//1478 5863//1478 2331//1478
f 2331//1479 5863//1479 8019//1479 5878//1479
f 2332//1480 2336//1480 2337//1480 2333//1480
f 2333//1481 2337//1481 5551//1481 5552//1481
f 2336//1482 7634//1482 7633//1482 2337//1482
f 2337//1483 7633//1483 8299//1483 5551//1483
f 2332//1484 2333//1484 2338//1484 2334//1484
f 2334//1485 2338//1485 5857//1485 5858//1485
f 2333//1486 5552//1486 5553//1486 2338//1486
f 2338//1487 5553//1487 7970//1487 5857//1487
f 2332//1488 2334//1488 2339//1488 2335//1488
f 2335//1489 2339//1489 5844//1489 5843//1489
f 2334//1490 5858//1490 5859//1490 2339//1490
f 2339//1491 5859//1491 8015//1491 5844//1491
f 2332//1492 2335//1492 2340//1492 2336//1492
f 2336//1493 2340//1493 7635//1493 7634//1493
f 2335//1494 5843//1494 5842//1494 2340//1494
f 2340//1495 5842//1495 8307//1495 7635//1495
f 2341//1496 2345//1496 2346//1496 2342//1496
f 2342//1497 2346//1497 5548//1497 5549//1497
f 2345//1498 5858//1498 5857//1498 2346//1498
f 2346//1499 5857//1499 7970//1499 5548//1499
f 2341//1500 2342//1500 2347//1500 2343//1500
f 2343//1501 2347//1501 5856//1501 5855//1501
f 2342//1502 5549//1502 5550//1502 2347//1502
f 2347//1503 5550//1503 7969//1503 5856//1503
f 2341//1504 2343//1504 2348//1504 2344//1504
f 2344//1505 2348//1505 5841//1505 5840//1505
f 2343//1506 5855//1506 5854//1506 2348//1506
f 2348//1507 5854//1507 8016//1507 5841//1507
f 2341//1508 2344//1508 2349//1508 2345//1508
f 2345//1509 2349//1509 5859//1509 5858//1509
f 2344//1510 5840//1510 5839//1510 2349//1510
f 2349//1511 5839//1511 8015//1511 5859//1511
f 2350//1512 2354//1512 2355//1512 2351//1512
f 2351//1513 2355//1513 5814//1513 5813//1513
f 2354//1514 5852//1514 5851//1514 2355//1514
f 2355//1515 5851//1515 8008//1515 5814//1515
f 2350//1516 2351//1516 2356//1516 2352//1516
f 2352//1517 2356//1517 5862//1517 5861//1517
f 2351//1518 5813//1518 5812//1518 2356//1518
f 2356//1519 5812//1519 8007//1519 5862//1519
f 2350//1520 2352//1520 2357//1520 2353//1520
f 2353//1521 2357//1521 5848//1521 5849//1521
f 2352//1522 5861//1522 5860//1522 2357//1522
f 2357//1523 5860//1523 8017//1523 5848//1523
f 2350//1524 2353//1524 2358//1524 2354//1524
f 2354//1525 2358//1525 5853//1525 5852//1525
f 2353//1526 5849//1526 5850//1526 2358//1526
f 2358//1527 5850//1527 8018//1527 5853//1527
f 2359//1528 2363//1528 2364//1528 2360//1528
f 2360//1529 2364//1529 5874//1529 5873//1529
f 2363//1530 5903//1530 5904//1530 2364//1530
f 2364//1531 5904//1531 8022//1531 5874//1531
f 2359//1532 2360//1532 2365//1532 2361//1532
f 2361//1533 2365//1533 5899//1533 5900//1533
f 2360//1534 5873//1534 5872//1534 2365//1534
f 2365//1535 5872//1535 8021//1535 5899//1535
f 2359//1536 2361//1536 2366//1536 2362//1536
f 2362//1537 2366//1537 5896//1537 5897//1537
f 2361//1538 5900//1538 5901//1538 2366//1538
f 2366//1539 5901//1539 8025//1539 5896//1539
f 2359//1540 2362//1540 2367//1540 2363//1540
f 2363//1541 2367//1541 5902//1541 5903//1541
f 2362//1542 5897//1542 5898//1542 2367//1542
f 2367//1543 5898//1543 8026//1543 5902//1543
f 2368//1544 2372//1544 2373//1544 2369//1544
f 2369//1545 2373//1545 5850//1545 5849//1545
f 2372//1546 5885//1546 5886//1546 2373//1546
f 2373//1547 5886//1547 8018//1547 5850//1547
f 2368//1548 2369//1548 2374//1548 2370//1548
f 2370//1549 2374//1549 5881//1549 5882//1549
f 2369//1550 5849//1550 5848//1550 2374//1550
f 2374//1551 5848//1551 8017//1551 5881//1551
f 2368//1552 2370//1552 2375//1552 2371//1552
f 2371//1553 2375//1553 5872//1553 5873//1553
f 2370//1554 5882//1554 5883//1554 2375//1554
f 2375//1555 5883//1555 8021//1555 5872//1555
f 2368//1556 2371//1556 2376//1556 2372//1556
f 2372//1557 2376//1557 5884//1557 5885//1557
f 2371//1558 5873//1558 5874//1558 2376//1558
f 2376//1559 5874//1559 8022//1559 5884//1559
f 2377//1560 2381//1560 2382//1560 2378//1560
f 2378//1561 2382//1561 5842//1561 5843//1561
f 2381//1562 7631//1562 7630//1562 2382//1562
f 2382//1563 7630//1563 8307//1563 5842//1563
f 2377//1564 2378//1564 2383//1564 2379//1564
f 2379//1565 2383//1565 5880//1565 5879//1565
f 2378//1566 5843//1566 5844//1566 2383//1566
f 2383//1567 5844//1567 8015//1567 5880//1567
f 2377//1568 2379//1568 2384//1568 2380//1568
f 2380//1569 2384//1569 5868//1569 5867//1569
f 2379//1570 5879//1570 5878//1570 2384//1570
f 2384//1571 5878//1571 8019//1571 5868//1571
f 2377//1572 2380//1572 2385//1572 2381//1572
f 2381//1573 2385//1573 7632//1573 7631//1573
f 2380//1574 5867//1574 5866//1574 2385//1574
f 2385//1575 5866//1575 8309//1575 7632//1575
f 2386//1576 2390//1576 2391//1576 2387//1576
f 2387//1577 2391//1577 5845//1577 5846//1577
f 2390//1578 7778//1578 7777//1578 2391//1578
f 2391//1579 7777//1579 8325//1579 5845//1579
f 2386//1580 2387//1580 2392//1580 2388//1580
f 2388//1581 2392//1581 5886//1581 5885//1581
f 2387//1582 5846//1582 5847//1582 2392//1582
f 2392//1583 5847//1583 8018//1583 5886//1583
f 2386//1584 2388//1584 2393//1584 2389//1584
f 2389//1585 2393//1585 5871//1585 5870//1585
f 2388//1586 5885//1586 5884//1586 2393//1586
f 2393//1587 5884//1587 8022//1587 5871//1587
f 2386//1588 2389//1588 2394//1588 2390//1588
f 2390//1589 2394//1589 7779//1589 7778//1589
f 2389//1590 5870//1590 5869//1590 2394//1590
f 2394//1591 5869//1591 8326//1591 7779//1591
f 2395//1592 2399//1592 2400//1592 2396//1592
f 2396//1593 2400//1593 7692//1593 7691//1593
f 2399//1594 7775//1594 7774//1594 2400//1594
f 2400//1595 7774//1595 8333//1595 7692//1595
f 2395//1596 2396//1596 2401//1596 2397//1596
f 2397//1597 2401//1597 5911//1597 5912//1597
f 2396//1598 7691//1598 7690//1598 2401//1598
f 2401//1599 7690//1599 8011//1599 5911//1599
f 2395//1600 2397//1600 2402//1600 2398//1600
f 2398//1601 2402//1601 7702//1601 7703//1601
f 2397//1602 5912//1602 5913//1602 2402//1602
f 2402//1603 5913//1603 8025//1603 7702//1603
f 2395//1604 2398//1604 2403//1604 2399//1604
f 2399//1605 2403//1605 7776//1605 7775//1605
f 2398//1606 7703//1606 7704//1606 2403//1606
f 2403//1607 7704//1607 8337//1607 7776//1607
f 2404//1608 2408//1608 2409//1608 2405//1608
f 2405//1609 2409//1609 5866//1609 5867//1609
f 2408//1610 7622//1610 7621//1610 2409//1610
f 2409//1611 7621//1611 8309//1611 5866//1611
f 2404//1612 2405//1612 2410//1612 2406//1612
f 2406//1613 2410//1613 5905//1613 5906//1613
f 2405//1614 5867//1614 5868//1614 2410//1614
f 2410//1615 5868//1615 8019//1615 5905//1615
f 2404//1616 2406//1616 2411//1616 2407//1616
f 2407//1617 2411//1617 5892//1617 5891//1617
f 2406//1618 5906//1618 5907//1618 2411//1618
f 2411//1619 5907//1619 8023//1619 5892//1619
f 2404//1620 2407//1620 2412//1620 2408//1620
f 2408//1621 2412//1621 7623//1621 7622//1621
f 2407//1622 5891//1622 5890//1622 2412//1622
f 2412//1623 5890//1623 8311//1623 7623//1623
f 2413//1624 2417//1624 2418//1624 2414//1624
f 2414//1625 2418//1625 5869//1625 5870//1625
f 2417//1626 7772//1626 7771//1626 2418//1626
f 2418//1627 7771//1627 8326//1627 5869//1627
f 2413//1628 2414//1628 2419//1628 2415//1628
f 2415//1629 2419//1629 5904//1629 5903//1629
f 2414//1630 5870//1630 5871//1630 2419//1630
f 2419//1631 5871//1631 8022//1631 5904//1631
f 2413//1632 2415//1632 2420//1632 2416//1632
f 2416//1633 2420//1633 5895//1633 5894//1633
f 2415//1634 5903//1634 5902//1634 2420//1634
f 2420//1635 5902//1635 8026//1635 5895//1635
f 2413//1636 2416//1636 2421//1636 2417//1636
f 2417//1637 2421//1637 7773//1637 7772//1637
f 2416//1638 5894//1638 5893//1638 2421//1638
f 2421//1639 5893//1639 8327//1639 7773//1639
f 2422//1640 2426//1640 2427//1640 2423//1640
f 2423//1641 2427//1641 5863//1641 5864//1641
f 2426//1642 5906//1642 5905//1642 2427//1642
f 2427//1643 5905//1643 8019//1643 5863//1643
f 2422//1644 2423//1644 2428//1644 2424//1644
f 2424//1645 2428//1645 5910//1645 5909//1645
f 2423//1646 5864//1646 5865//1646 2428//1646
f 2428//1647 5865//1647 8020//1647 5910//1647
f 2422//1648 2424//1648 2429//1648 2425//1648
f 2425//1649 2429//1649 5889//1649 5888//1649
f 2424//1650 5909//1650 5908//1650 2429//1650
f 2429//1651 5908//1651 8024//1651 5889//1651
f 2422//1652 2425//1652 2430//1652 2426//1652
f 2426//1653 2430//1653 5907//1653 5906//1653
f 2425//1654 5888//1654 5887//1654 2430//1654
f 2430//1655 5887//1655 8023//1655 5907//1655
f 2431//1656 2435//1656 2436//1656 2432//1656
f 2432//1657 2436//1657 5668//1657 5669//1657
f 2435//1658 7616//1658 7615//1658 2436//1658
f 2436//1659 7615//1659 8302//1659 5668//1659
f 2431//1660 2432//1660 2437//1660 2433//1660
f 2433//1661 2437//1661 5920//1661 5921//1661
f 2432//1662 5669//1662 5670//1662 2437//1662
f 2437//1663 5670//1663 7988//1663 5920//1663
f 2431//1664 2433//1664 2438//1664 2434//1664
f 2434//1665 2438//1665 7564//1665 7565//1665
f 2433//1666 5921//1666 5922//1666 2438//1666
f 2438//1667 5922//1667 8024//1667 7564//1667
f 2431//1668 2434//1668 2439//1668 2435//1668
f 2435//1669 2439//1669 7617//1669 7616//1669
f 2434//1670 7565//1670 7566//1670 2439//1670
f 2439//1671 7566//1671 8312//1671 7617//1671
f 2440//1672 2444//1672 2445//1672 2441//1672
f 2441//1673 2445//1673 5653//1673 5654//1673
f 2444//1674 5921//1674 5920//1674 2445//1674
f 2445//1675 5920//1675 7988//1675 5653//1675
f 2440//1676 2441//1676 2446//1676 2442//1676
f 2442//1677 2446//1677 5914//1677 5915//1677
f 2441//1124 5654//1124 5655//1124 2446//1124
f 2446//1678 5655//1678 7990//1678 5914//1678
f 2440//1679 2442//1679 2447//1679 2443//1679
f 2443//1680 2447//1680 5887//1680 5888//1680
f 2442//1681 5915//1681 5916//1681 2447//1681
f 2447//1682 5916//1682 8023//1682 5887//1682
f 2440//1683 2443//1683 2448//1683 2444//1683
f 2444//1684 2448//1684 5922//1684 5921//1684
f 2443//1685 5888//1685 5889//1685 2448//1685
f 2448//1686 5889//1686 8024//1686 5922//1686
f 2449//1687 2453//1687 2454//1687 2450//1687
f 2450//1688 2454//1688 5934//1688 5933//1688
f 2453//1689 5963//1689 5964//1689 2454//1689
f 2454//1690 5964//1690 8029//1690 5934//1690
f 2449//1691 2450//1691 2455//1691 2451//1691
f 2451//1692 2455//1692 5959//1692 5960//1692
f 2450//1693 5933//1693 5932//1693 2455//1693
f 2455//1694 5932//1694 8030//1694 5959//1694
f 2449//1695 2451//1695 2456//1695 2452//1695
f 2452//1696 2456//1696 5956//1696 5957//1696
f 2451//1697 5960//1697 5961//1697 2456//1697
f 2456//1698 5961//1698 8034//1698 5956//1698
f 2449//1699 2452//1699 2457//1699 2453//1699
f 2453//1700 2457//1700 5962//1700 5963//1700
f 2452//1701 5957//1701 5958//1701 2457//1701
f 2457//1702 5958//1702 8033//1702 5962//1702
f 2458//1703 2462//1703 2463//1703 2459//1703
f 2459//1704 2463//1704 5805//1704 5804//1704
f 2462//1705 5945//1705 5946//1705 2463//1705
f 2463//1706 5946//1706 8010//1706 5805//1706
f 2458//1707 2459//1707 2464//1707 2460//1707
f 2460//1708 2464//1708 5941//1708 5942//1708
f 2459//1709 5804//1709 5803//1709 2464//1709
f 2464//1710 5803//1710 8009//1710 5941//1710
f 2458//1711 2460//1711 2465//1711 2461//1711
f 2461//1712 2465//1712 5932//1712 5933//1712
f 2460//1713 5942//1713 5943//1713 2465//1713
f 2465//1714 5943//1714 8030//1714 5932//1714
f 2458//1715 2461//1715 2466//1715 2462//1715
f 2462//1716 2466//1716 5944//1716 5945//1716
f 2461//1717 5933//1717 5934//1717 2466//1717
f 2466//1718 5934//1718 8029//1718 5944//1718
f 2467//1719 2471//1719 2472//1719 2468//1719
f 2468//1720 2472//1720 7542//1720 7541//1720
f 2471//1721 7613//1721 7612//1721 2472//1721
f 2472//1722 7612//1722 8304//1722 7542//1722
f 2467//1723 2468//1723 2473//1723 2469//1723
f 2469//1724 2473//1724 5940//1724 5939//1724
f 2468//1725 7541//1725 7540//1725 2473//1725
f 2473//1726 7540//1726 7967//1726 5940//1726
f 2467//1727 2469//1727 2474//1727 2470//1727
f 2470//1728 2474//1728 7570//1728 7571//1728
f 2469//1729 5939//1729 5938//1729 2474//1729
f 2474//1730 5938//1730 8027//1730 7570//1730
f 2467//1731 2470//1731 2475//1731 2471//1731
f 2471//1732 2475//1732 7614//1732 7613//1732
f 2470//1733 7571//1733 7572//1733 2475//1733
f 2475//1734 7572//1734 8314//1734 7614//1734
f 2476//1735 2480//1735 2481//1735 2477//1735
f 2477//1736 2481//1736 7689//1736 7688//1736
f 2480//1737 7769//1737 7768//1737 2481//1737
f 2481//1738 7768//1738 8332//1738 7689//1738
f 2476//1739 2477//1739 2482//1739 2478//1739
f 2478//1740 2482//1740 5946//1740 5945//1740
f 2477//1741 7688//1741 7687//1741 2482//1741
f 2482//1742 7687//1742 8010//1742 5946//1742
f 2476//1743 2478//1743 2483//1743 2479//1743
f 2479//1744 2483//1744 7705//1744 7706//1744
f 2478//1745 5945//1745 5944//1745 2483//1745
f 2483//1746 5944//1746 8029//1746 7705//1746
f 2476//1747 2479//1747 2484//1747 2480//1747
f 2480//1748 2484//1748 7770//1748 7769//1748
f 2479//1749 7706//1749 7707//1749 2484//1749
f 2484//1750 7707//1750 8338//1750 7770//1750
f 2485//1751 2489//1751 2490//1751 2486//1751
f 2486//1752 2490//1752 7578//1752 7577//1752
f 2489//1753 7607//1753 7606//1753 2490//1753
f 2490//1754 7606//1754 8316//1754 7578//1754
f 2485//1755 2486//1755 2491//1755 2487//1755
f 2487//1756 2491//1756 5983//1756 5984//1756
f 2486//1757 7577//1757 7576//1757 2491//1757
f 2491//1758 7576//1758 8031//1758 5983//1758
f 2485//1759 2487//1759 2492//1759 2488//1759
f 2488//1760 2492//1760 7582//1760 7583//1760
f 2487//1761 5984//1761 5985//1761 2492//1761
f 2492//1762 5985//1762 8035//1762 7582//1762
f 2485//1763 2488//1763 2493//1763 2489//1763
f 2489//1764 2493//1764 7608//1764 7607//1764
f 2488//1765 7583//1765 7584//1765 2493//1765
f 2493//1766 7584//1766 8318//1766 7608//1766
f 2494//1767 2498//1767 2499//1767 2495//1767
f 2495//1768 2499//1768 7707//1768 7706//1768
f 2498//1769 7766//1769 7765//1769 2499//1769
f 2499//1770 7765//1770 8338//1770 7707//1770
f 2494//1771 2495//1771 2500//1771 2496//1771
f 2496//1772 2500//1772 5964//1772 5963//1772
f 2495//1773 7706//1773 7705//1773 2500//1773
f 2500//1774 7705//1774 8029//1774 5964//1774
f 2494//1775 2496//1775 2501//1775 2497//1775
f 2497//1776 2501//1776 7708//1776 7709//1776
f 2496//1777 5963//1777 5962//1777 2501//1777
f 2501//1778 5962//1778 8033//1778 7708//1778
f 2494//1779 2497//1779 2502//1779 2498//1779
f 2498//1780 2502//1780 7767//1780 7766//1780
f 2497//1781 7709//1781 7710//1781 2502//1781
f 2502//1782 7710//1782 8339//1782 7767//1782
f 2503//1783 2507//1783 2508//1783 2504//1783
f 2504//1784 2508//1784 7572//1784 7571//1784
f 2507//1785 7601//1785 7600//1785 2508//1785
f 2508//1786 7600//1786 8314//1786 7572//1786
f 2503//1787 2504//1787 2509//1787 2505//1787
f 2505//1788 2509//1788 5968//1788 5969//1788
f 2504//1789 7571//1789 7570//1789 2509//1789
f 2509//1790 7570//1790 8027//1790 5968//1790
f 2503//1791 2505//1791 2510//1791 2506//1791
f 2506//1792 2510//1792 7576//1792 7577//1792
f 2505//1793 5969//1793 5970//1793 2510//1793
f 2510//1794 5970//1794 8031//1794 7576//1794
f 2503//1795 2506//1795 2511//1795 2507//1795
f 2507//1796 2511//1796 7602//1796 7601//1796
f 2506//1797 7577//1797 7578//1797 2511//1797
f 2511//1798 7578//1798 8316//1798 7602//1798
f 2512//1799 2516//1799 2517//1799 2513//1799
f 2513//1800 2517//1800 5923//1800 5924//1800
f 2516//1801 5969//1801 5968//1801 2517//1801
f 2517//1802 5968//1802 8027//1802 5923//1802
f 2512//1803 2513//1803 2518//1803 2514//1803
f 2514//1804 2518//1804 5967//1804 5966//1804
f 2513//1805 5924//1805 5925//1805 2518//1805
f 2518//1806 5925//1806 8028//1806 5967//1806
f 2512//1807 2514//1807 2519//1807 2515//1807
f 2515//1808 2519//1808 5949//1808 5948//1808
f 2514//1809 5966//1809 5965//1809 2519//1809
f 2519//1810 5965//1810 8032//1810 5949//1810
f 2512//1811 2515//1811 2520//1811 2516//1811
f 2516//1812 2520//1812 5970//1812 5969//1812
f 2515//1813 5948//1813 5947//1813 2520//1813
f 2520//1814 5947//1814 8031//1814 5970//1814
f 2521//1815 2525//1815 2526//1815 2522//1815
f 2522//1816 2526//1816 5947//1816 5948//1816
f 2525//1817 5984//1817 5983//1817 2526//1817
f 2526//1818 5983//1818 8031//1818 5947//1818
f 2521//1819 2522//1819 2527//1819 2523//1819
f 2523//1820 2527//1820 5989//1820 5990//1820
f 2522//1821 5948//1821 5949//1821 2527//1821
f 2527//1822 5949//1822 8032//1822 5989//1822
f 2521//1823 2523//1823 2528//1823 2524//1823
f 2524//1824 2528//1824 5973//1824 5972//1824
f 2523//1825 5990//1825 5991//1825 2528//1825
f 2528//1826 5991//1826 8036//1826 5973//1826
f 2521//1827 2524//1827 2529//1827 2525//1827
f 2525//1828 2529//1828 5985//1828 5984//1828
f 2524//1829 5972//1829 5971//1829 2529//1829
f 2529//1830 5971//1830 8035//1830 5985//1830
f 2530//1831 2534//1831 2535//1831 2531//1831
f 2531//1832 2535//1832 5958//1832 5957//1832
f 2534//1833 5993//1833 5994//1833 2535//1833
f 2535//1834 5994//1834 8033//1834 5958//1834
f 2530//1835 2531//1835 2536//1835 2532//1835
f 2532//1836 2536//1836 5988//1836 5987//1836
f 2531//1837 5957//1837 5956//1837 2536//1837
f 2536//1838 5956//1838 8034//1838 5988//1838
f 2530//1839 2532//1839 2537//1839 2533//1839
f 2533//1840 2537//1840 5980//1840 5981//1840
f 2532//1841 5987//1841 5986//1841 2537//1841
f 2537//1842 5986//1842 8038//1842 5980//1842
f 2530//1843 2533//1843 2538//1843 2534//1843
f 2534//1844 2538//1844 5992//1844 5993//1844
f 2533//1845 5981//1845 5982//1845 2538//1845
f 2538//1846 5982//1846 8037//1846 5992//1846
f 2539//1847 2543//1847 2544//1847 2540//1847
f 2540//1848 2544//1848 7710//1848 7709//1848
f 2543//1849 7763//1849 7762//1849 2544//1849
f 2544//1850 7762//1850 8339//1850 7710//1850
f 2539//1851 2540//1851 2545//1851 2541//1851
f 2541//1852 2545//1852 5994//1852 5993//1852
f 2540//1853 7709//1853 7708//1853 2545//1853
f 2545//1854 7708//1854 8033//1854 5994//1854
f 2539//1855 2541//1855 2546//1855 2542//1855
f 2542//1856 2546//1856 7711//1856 7712//1856
f 2541//1857 5993//1857 5992//1857 2546//1857
f 2546//1858 5992//1858 8037//1858 7711//1858
f 2539//1859 2542//1859 2547//1859 2543//1859
f 2543//1860 2547//1860 7764//1860 7763//1860
f 2542//1861 7712//1861 7713//1861 2547//1861
f 2547//1862 7713//1862 8340//1862 7764//1862
f 2548//1863 2552//1863 2553//1863 2549//1863
f 2549//1864 2553//1864 5998//1864 5999//1864
f 2552//1865 5996//1865 5995//1865 2553//1865
f 2553//1866 5995//1866 8039//1866 5998//1866
f 2548//1867 2549//1867 2554//1867 2550//1867
f 2550//1868 2554//1868 6012//1868 6011//1868
f 2549//1869 5999//1869 6000//1869 2554//1869
f 2554//1870 6000//1870 8042//1870 6012//1870
f 2548//1871 2550//1871 2555//1871 2551//1871
f 2551//1872 2555//1872 6006//1872 6005//1872
f 2550//1873 6011//1873 6010//1873 2555//1873
f 2555//1874 6010//1874 8041//1874 6006//1874
f 2548//1875 2551//1875 2556//1875 2552//1875
f 2552//1876 2556//1876 5997//1876 5996//1876
f 2551//1877 6005//1877 6004//1877 2556//1877
f 2556//1878 6004//1878 8040//1878 5997//1878
f 2557//1879 2561//1879 2562//1879 2558//1879
f 2558//1880 2562//1880 6816//1880 6815//1880
f 2561//1881 6833//1881 6832//1881 2562//1881
f 2562//1882 6832//1882 8180//1882 6816//1882
f 2557//1883 2558//1883 2563//1883 2559//1883
f 2559//1884 2563//1884 6039//1884 6038//1884
f 2558//1885 6815//1885 6814//1885 2563//1885
f 2563//1886 6814//1886 8050//1886 6039//1886
f 2557//1887 2559//1887 2564//1887 2560//1887
f 2560//1888 2564//1888 6045//1888 6044//1888
f 2559//1889 6038//1889 6037//1889 2564//1889
f 2564//1890 6037//1890 8048//1890 6045//1890
f 2557//1891 2560//1891 2565//1891 2561//1891
f 2561//1892 2565//1892 6834//1892 6833//1892
f 2560//1893 6044//1893 6043//1893 2565//1893
f 2565//1894 6043//1894 8179//1894 6834//1894
f 2566//1895 2570//1895 2571//1895 2567//1895
f 2567//1896 2571//1896 6906//1896 6905//1896
f 2570//1897 6002//1897 6001//1897 2571//1897
f 2571//1898 6001//1898 8191//1898 6906//1898
f 2566//1899 2567//1899 2572//1899 2568//1899
f 2568//1900 2572//1900 6007//1900 6008//1900
f 2567//1901 6905//1901 6904//1901 2572//1901
f 2572//1902 6904//1902 8192//1902 6007//1902
f 2566//1903 2568//1903 2573//1903 2569//1903
f 2569//1904 2573//1904 6021//1904 6020//1904
f 2568//1905 6008//1905 6009//1905 2573//1905
f 2573//1906 6009//1906 8044//1906 6021//1906
f 2566//1907 2569//1907 2574//1907 2570//1907
f 2570//1908 2574//1908 6003//1908 6002//1908
f 2569//1909 6020//1909 6019//1909 2574//1909
f 2574//1910 6019//1910 8043//1910 6003//1910
f 2575//1911 2579//1911 2580//1911 2576//1911
f 2576//1912 2580//1912 6903//1912 6902//1912
f 2579//1913 6008//1913 6007//1913 2580//1913
f 2580//1914 6007//1914 8192//1914 6903//1914
f 2575//1915 2576//1915 2581//1915 2577//1915
f 2577//1916 2581//1916 6013//1916 6014//1916
f 2576//1917 6902//1917 6901//1917 2581//1917
f 2581//1918 6901//1918 8193//1918 6013//1918
f 2575//1919 2577//1919 2582//1919 2578//1919
f 2578//1920 2582//1920 6027//1920 6026//1920
f 2577//1921 6014//1921 6015//1921 2582//1921
f 2582//1922 6015//1922 8045//1922 6027//1922
f 2575//1923 2578//1923 2583//1923 2579//1923
f 2579//1924 2583//1924 6009//1924 6008//1924
f 2578//1925 6026//1925 6025//1925 2583//1925
f 2583//1926 6025//1926 8044//1926 6009//1926
f 2584//1927 2588//1927 2589//1927 2585//1927
f 2585//1928 2589//1928 6900//1928 6899//1928
f 2588//1929 6014//1929 6013//1929 2589//1929
f 2589//1930 6013//1930 8193//1930 6900//1930
f 2584//1931 2585//1931 2590//1931 2586//1931
f 2586//1932 2590//1932 6016//1932 6017//1932
f 2585//1933 6899//1933 6898//1933 2590//1933
f 2590//1934 6898//1934 8194//1934 6016//1934
f 2584//1935 2586//1935 2591//1935 2587//1935
f 2587//1936 2591//1936 6030//1936 6029//1936
f 2586//1937 6017//1937 6018//1937 2591//1937
f 2591//1938 6018//1938 8046//1938 6030//1938
f 2584//1939 2587//1939 2592//1939 2588//1939
f 2588//1940 2592//1940 6015//1940 6014//1940
f 2587//1941 6029//1941 6028//1941 2592//1941
f 2592//1942 6028//1942 8045//1942 6015//1942
f 2593//1943 2597//1943 2598//1943 2594//1943
f 2594//1944 2598//1944 6897//1944 6896//1944
f 2597//1945 6884//1945 6885//1945 2598//1945
f 2598//1946 6885//1946 8191//1946 6897//1946
f 2593//1947 2594//1947 2599//1947 2595//1947
f 2595//1948 2599//1948 6894//1948 6893//1948
f 2594//1949 6896//1949 6895//1949 2599//1949
f 2599//1950 6895//1950 8194//1950 6894//1950
f 2593//1951 2595//1951 2600//1951 2596//1951
f 2596//1952 2600//1952 6000//1952 5999//1952
f 2595//1953 6893//1953 6892//1953 2600//1953
f 2600//1954 6892//1954 8042//1954 6000//1954
f 2593//1955 2596//1955 2601//1955 2597//1955
f 2597//1956 2601//1956 6883//1956 6884//1956
f 2596//1957 5999//1957 5998//1957 2601//1957
f 2601//1958 5998//1958 8039//1958 6883//1958
f 2602//1959 2606//1959 2607//1959 2603//1959
f 2603//1960 2607//1960 6843//1960 6842//1960
f 2606//1961 6857//1961 6856//1961 2607//1961
f 2607//1962 6856//1962 8185//1962 6843//1962
f 2602//1963 2603//1963 2608//1963 2604//1963
f 2604//1964 2608//1964 6063//1964 6062//1964
f 2603//1965 6842//1965 6841//1965 2608//1965
f 2608//1966 6841//1966 8054//1966 6063//1966
f 2602//1967 2604//1967 2609//1967 2605//1967
f 2605//1968 2609//1968 6069//1968 6068//1968
f 2604//1969 6062//1969 6061//1969 2609//1969
f 2609//1970 6061//1970 8052//1970 6069//1970
f 2602//1971 2605//1971 2610//1971 2606//1971
f 2606//1972 2610//1972 6858//1972 6857//1972
f 2605//1973 6068//1973 6067//1973 2610//1973
f 2610//1974 6067//1974 8183//1974 6858//1974
f 2611//1975 2615//1975 2616//1975 2612//1975
f 2612//1976 2616//1976 6043//1976 6044//1976
f 2615//1977 6830//1977 6829//1977 2616//1977
f 2616//1978 6829//1978 8179//1978 6043//1978
f 2611//1979 2612//1979 2617//1979 2613//1979
f 2613//1980 2617//1980 6033//1980 6032//1980
f 2612//1981 6044//1981 6045//1981 2617//1981
f 2617//1982 6045//1982 8048//1982 6033//1982
f 2611//1983 2613//1983 2618//1983 2614//1983
f 2614//1984 2618//1984 6051//1984 6050//1984
f 2613//1985 6032//1985 6031//1985 2618//1985
f 2618//1986 6031//1986 8047//1986 6051//1986
f 2611//1987 2614//1987 2619//1987 2615//1987
f 2615//1988 2619//1988 6831//1988 6830//1988
f 2614//1989 6050//1989 6049//1989 2619//1989
f 2619//1990 6049//1990 8181//1990 6831//1990
f 2620//1991 2624//1991 2625//1991 2621//1991
f 2621//1992 2625//1992 6822//1992 6821//1992
f 2624//1993 6827//1993 6826//1993 2625//1993
f 2625//1994 6826//1994 8182//1994 6822//1994
f 2620//1995 2621//1995 2626//1995 2622//1995
f 2622//1996 2626//1996 6042//1996 6041//1996
f 2621//1997 6821//1997 6820//1997 2626//1997
f 2626//1998 6820//1998 8049//1998 6042//1998
f 2620//1999 2622//1999 2627//1999 2623//1999
f 2623//2000 2627//2000 6814//2000 6815//2000
f 2622//2001 6041//2001 6040//2001 2627//2001
f 2627//2002 6040//2002 8050//2002 6814//2002
f 2620//2003 2623//2003 2628//2003 2624//2003
f 2624//2004 2628//2004 6828//2004 6827//2004
f 2623//2005 6815//2005 6816//2005 2628//2005
f 2628//2006 6816//2006 8180//2006 6828//2006
f 2629//2007 2633//2007 2634//2007 2630//2007
f 2630//2008 2634//2008 6049//2008 6050//2008
f 2633//2009 6824//2009 6823//2009 2634//2009
f 2634//2010 6823//2010 8181//2010 6049//2010
f 2629//2011 2630//2011 2635//2011 2631//2011
f 2631//2012 2635//2012 6034//2012 6035//2012
f 2630//2013 6050//2013 6051//2013 2635//2013
f 2635//2014 6051//2014 8047//2014 6034//2014
f 2629//2015 2631//2015 2636//2015 2632//2015
f 2632//2016 2636//2016 6820//2016 6821//2016
f 2631//2017 6035//2017 6036//2017 2636//2017
f 2636//2018 6036//2018 8049//2018 6820//2018
f 2629//2019 2632//2019 2637//2019 2633//2019
f 2633//2020 2637//2020 6825//2020 6824//2020
f 2632//2021 6821//2021 6822//2021 2637//2021
f 2637//2022 6822//2022 8182//2022 6825//2022
f 2638//2023 2642//2023 2643//2023 2639//2023
f 2639//2024 2643//2024 7524//2024 7523//2024
f 2642//2025 6323//2025 6322//2025 2643//2025
f 2643//2026 6322//2026 8277//2026 7524//2026
f 2638//2027 2639//2027 2644//2027 2640//2027
f 2640//2028 2644//2028 6373//2028 6374//2028
f 2639//2029 7523//2029 7522//2029 2644//2029
f 2644//2030 7522//2030 8281//2030 6373//2030
f 2638//2031 2640//2031 2645//2031 2641//2031
f 2641//2032 2645//2032 6381//2032 6380//2032
f 2640//2033 6374//2033 6375//2033 2645//2033
f 2645//2034 6375//2034 8110//2034 6381//2034
f 2638//2035 2641//2035 2646//2035 2642//2035
f 2642//2036 2646//2036 6324//2036 6323//2036
f 2641//2037 6380//2037 6379//2037 2646//2037
f 2646//2038 6379//2038 8100//2038 6324//2038
f 2647//2039 2651//2039 2652//2039 2648//2039
f 2648//2040 2652//2040 6067//2040 6068//2040
f 2651//2041 6854//2041 6853//2041 2652//2041
f 2652//2042 6853//2042 8183//2042 6067//2042
f 2647//2043 2648//2043 2653//2043 2649//2043
f 2649//2044 2653//2044 6057//2044 6056//2044
f 2648//2045 6068//2045 6069//2045 2653//2045
f 2653//2046 6069//2046 8052//2046 6057//2046
f 2647//2047 2649//2047 2654//2047 2650//2047
f 2650//2048 2654//2048 6075//2048 6074//2048
f 2649//2049 6056//2049 6055//2049 2654//2049
f 2654//2050 6055//2050 8051//2050 6075//2050
f 2647//2051 2650//2051 2655//2051 2651//2051
f 2651//2052 2655//2052 6855//2052 6854//2052
f 2650//2053 6074//2053 6073//2053 2655//2053
f 2655//2054 6073//2054 8184//2054 6855//2054
f 2656//2055 2660//2055 2661//2055 2657//2055
f 2657//2056 2661//2056 6846//2056 6845//2056
f 2660//2057 6851//2057 6850//2057 2661//2057
f 2661//2058 6850//2058 8186//2058 6846//2058
f 2656//2059 2657//2059 2662//2059 2658//2059
f 2658//2060 2662//2060 6066//2060 6065//2060
f 2657//2061 6845//2061 6844//2061 2662//2061
f 2662//2062 6844//2062 8053//2062 6066//2062
f 2656//2063 2658//2063 2663//2063 2659//2063
f 2659//2064 2663//2064 6841//2064 6842//2064
f 2658//2065 6065//2065 6064//2065 2663//2065
f 2663//2066 6064//2066 8054//2066 6841//2066
f 2656//2067 2659//2067 2664//2067 2660//2067
f 2660//2068 2664//2068 6852//2068 6851//2068
f 2659//2069 6842//2069 6843//2069 2664//2069
f 2664//2070 6843//2070 8185//2070 6852//2070
f 2665//2071 2669//2071 2670//2071 2666//2071
f 2666//2072 2670//2072 6073//2072 6074//2072
f 2669//2073 6848//2073 6847//2073 2670//2073
f 2670//2074 6847//2074 8184//2074 6073//2074
f 2665//2075 2666//2075 2671//2075 2667//2075
f 2667//2076 2671//2076 6058//2076 6059//2076
f 2666//2077 6074//2077 6075//2077 2671//2077
f 2671//2078 6075//2078 8051//2078 6058//2078
f 2665//2079 2667//2079 2672//2079 2668//2079
f 2668//2080 2672//2080 6844//2080 6845//2080
f 2667//2081 6059//2081 6060//2081 2672//2081
f 2672//2082 6060//2082 8053//2082 6844//2082
f 2665//2083 2668//2083 2673//2083 2669//2083
f 2669//2084 2673//2084 6849//2084 6848//2084
f 2668//2085 6845//2085 6846//2085 2673//2085
f 2673//2086 6846//2086 8186//2086 6849//2086
f 2674//2087 2678//2087 2679//2087 2675//2087
f 2675//2088 2679//2088 6079//2088 6080//2088
f 2678//2089 6083//2089 6082//2089 2679//2089
f 2679//2090 6082//2090 8055//2090 6079//2090
f 2674//2091 2675//2091 2680//2091 2676//2091
f 2676//2092 2680//2092 6085//2092 6086//2092
f 2675//2093 6080//2093 6081//2093 2680//2093
f 2680//2094 6081//2094 8056//2094 6085//2094
f 2674//2095 2676//2095 2681//2095 2677//2095
f 2677//2096 2681//2096 6088//2096 6089//2096
f 2676//2097 6086//2097 6087//2097 2681//2097
f 2681//2098 6087//2098 8058//2098 6088//2098
f 2674//2099 2677//2099 2682//2099 2678//2099
f 2678//2100 2682//2100 6084//2100 6083//2100
f 2677//2101 6089//2101 6090//2101 2682//2101
f 2682//2102 6090//2102 8057//2102 6084//2102
f 2683//2103 2687//2103 2688//2103 2684//2103
f 2684//2104 2688//2104 7284//2104 7283//2104
f 2687//2105 7391//2105 7390//2105 2688//2105
f 2688//2106 7390//2106 8260//2106 7284//2106
f 2683//2107 2684//2107 2689//2107 2685//2107
f 2685//2108 2689//2108 6082//2108 6083//2108
f 2684//2109 7283//2109 7282//2109 2689//2109
f 2689//2110 7282//2110 8055//2110 6082//2110
f 2683//2111 2685//2111 2690//2111 2686//2111
f 2686//2112 2690//2112 7279//2112 7280//2112
f 2685//2113 6083//2113 6084//2113 2690//2113
f 2690//2114 6084//2114 8057//2114 7279//2114
f 2683//2115 2686//2115 2691//2115 2687//2115
f 2687//2116 2691//2116 7392//2116 7391//2116
f 2686//2117 7280//2117 7281//2117 2691//2117
f 2691//2118 7281//2118 8259//2118 7392//2118
f 2692//2119 2696//2119 2697//2119 2693//2119
f 2693//2120 2697//2120 6091//2120 6092//2120
f 2696//2121 7388//2121 7387//2121 2697//2121
f 2697//2122 7387//2122 8255//2122 6091//2122
f 2692//2123 2693//2123 2698//2123 2694//2123
f 2694//2124 2698//2124 6087//2124 6086//2124
f 2693//2125 6092//2125 6093//2125 2698//2125
f 2698//2126 6093//2126 8058//2126 6087//2126
f 2692//2127 2694//2127 2699//2127 2695//2127
f 2695//2128 2699//2128 6102//2128 6101//2128
f 2694//2129 6086//2129 6085//2129 2699//2129
f 2699//2130 6085//2130 8056//2130 6102//2130
f 2692//2131 2695//2131 2700//2131 2696//2131
f 2696//2132 2700//2132 7389//2132 7388//2132
f 2695//2133 6101//2133 6100//2133 2700//2133
f 2700//2134 6100//2134 8256//2134 7389//2134
f 2701//2135 2705//2135 2706//2135 2702//2135
f 2702//2136 2706//2136 6468//2136 6467//2136
f 2705//2137 6080//2137 6079//2137 2706//2137
f 2706//2138 6079//2138 8055//2138 6468//2138
f 2701//2139 2702//2139 2707//2139 2703//2139
f 2703//2140 2707//2140 6451//2140 6452//2140
f 2702//2141 6467//2141 6466//2141 2707//2141
f 2707//2142 6466//2142 8119//2142 6451//2142
f 2701//2143 2703//2143 2708//2143 2704//2143
f 2704//2144 2708//2144 6465//2144 6464//2144
f 2703//2145 6452//2145 6453//2145 2708//2145
f 2708//2146 6453//2146 8120//2146 6465//2146
f 2701//2147 2704//2147 2709//2147 2705//2147
f 2705//2148 2709//2148 6081//2148 6080//2148
f 2704//2149 6464//2149 6463//2149 2709//2149
f 2709//2150 6463//2150 8056//2150 6081//2150
f 2710//2151 2714//2151 2715//2151 2711//2151
f 2711//2152 2715//2152 7221//2152 7220//2152
f 2714//2153 6104//2153 6103//2153 2715//2153
f 2715//2154 6103//2154 8223//2154 7221//2154
f 2710//2155 2711//2155 2716//2155 2712//2155
f 2712//2156 2716//2156 7032//2156 7031//2156
f 2711//2157 7220//2157 7219//2157 2716//2157
f 2716//2158 7219//2158 8224//2158 7032//2158
f 2710//2159 2712//2159 2717//2159 2713//2159
f 2713//2160 2717//2160 6114//2160 6113//2160
f 2712//2161 7031//2161 7030//2161 2717//2161
f 2717//2162 7030//2162 8061//2162 6114//2162
f 2710//2163 2713//2163 2718//2163 2714//2163
f 2714//2164 2718//2164 6105//2164 6104//2164
f 2713//2165 6113//2165 6112//2165 2718//2165
f 2718//2166 6112//2166 8060//2166 6105//2166
f 2719//2167 2723//2167 2724//2167 2720//2167
f 2720//2168 2724//2168 6696//2168 6695//2168
f 2723//922 6713//922 6712//922 2724//922
f 2724//923 6712//923 8160//923 6696//923
f 2719//2169 2720//2169 2725//2169 2721//2169
f 2721//2170 2725//2170 6147//2170 6146//2170
f 2720//2171 6695//2171 6694//2171 2725//2171
f 2725//2172 6694//2172 8070//2172 6147//2172
f 2719//2173 2721//2173 2726//2173 2722//2173
f 2722//2174 2726//2174 6153//2174 6152//2174
f 2721//2175 6146//2175 6145//2175 2726//2175
f 2726//2176 6145//2176 8068//2176 6153//2176
f 2719//2177 2722//2177 2727//2177 2723//2177
f 2723//917 2727//917 6714//917 6713//917
f 2722//2178 6152//2178 6151//2178 2727//2178
f 2727//919 6151//919 8159//919 6714//919
f 2728//2179 2732//2179 2733//2179 2729//2179
f 2729//1453 2733//1453 7122//1453 7121//1453
f 2732//965 7217//965 7216//965 2733//965
f 2733//967 7216//967 8254//967 7122//967
f 2728//2180 2729//2180 2734//2180 2730//2180
f 2730//2181 2734//2181 6115//2181 6116//2181
f 2729//1456 7121//1456 7120//1456 2734//1456
f 2734//1457 7120//1457 8204//1457 6115//1457
f 2728//2182 2730//2182 2735//2182 2731//2182
f 2731//2183 2735//2183 6129//2183 6128//2183
f 2730//2184 6116//2184 6117//2184 2735//2184
f 2735//2185 6117//2185 8064//2185 6129//2185
f 2728//2186 2731//2186 2736//2186 2732//2186
f 2732//2187 2736//2187 7218//2187 7217//2187
f 2731//2188 6128//2188 6127//2188 2736//2188
f 2736//971 6127//971 8225//971 7218//971
f 2737//960 2741//960 2742//960 2738//960
f 2738//961 2742//961 6975//961 6974//961
f 2741//2189 6116//2189 6115//2189 2742//2189
f 2742//1439 6115//1439 8204//1439 6975//1439
f 2737//948 2738//948 2743//948 2739//948
f 2739//949 2743//949 6121//949 6122//949
f 2738//950 6974//950 6973//950 2743//950
f 2743//2190 6973//2190 8205//2190 6121//2190
f 2737//952 2739//952 2744//952 2740//952
f 2740//2191 2744//2191 6135//2191 6134//2191
f 2739//954 6122//954 6123//954 2744//954
f 2744//955 6123//955 8065//955 6135//955
f 2737//956 2740//956 2745//956 2741//956
f 2741//957 2745//957 6117//957 6116//957
f 2740//2192 6134//2192 6133//2192 2745//2192
f 2745//959 6133//959 8064//959 6117//959
f 2746//2193 2750//2193 2751//2193 2747//2193
f 2747//1159 2751//1159 7119//1159 7118//1159
f 2750//933 7214//933 7213//933 2751//933
f 2751//935 7213//935 8253//935 7119//935
f 2746//2194 2747//2194 2752//2194 2748//2194
f 2748//2195 2752//2195 6124//2195 6125//2195
f 2747//1163 7118//1163 7117//1163 2752//1163
f 2752//1164 7117//1164 8206//1164 6124//1164
f 2746//2196 2748//2196 2753//2196 2749//2196
f 2749//2197 2753//2197 6138//2197 6137//2197
f 2748//2198 6125//2198 6126//2198 2753//2198
f 2753//2199 6126//2199 8066//2199 6138//2199
f 2746//2200 2749//2200 2754//2200 2750//2200
f 2750//938 2754//938 7215//938 7214//938
f 2749//2201 6137//2201 6136//2201 2754//2201
f 2754//939 6136//939 8226//939 7215//939
f 2755//2202 2759//2202 2760//2202 2756//2202
f 2756//993 2760//993 6969//993 6968//993
f 2759//2203 6956//2203 6957//2203 2760//2203
f 2760//995 6957//995 8203//995 6969//995
f 2755//2204 2756//2204 2761//2204 2757//2204
f 2757//2205 2761//2205 6966//2205 6965//2205
f 2756//982 6968//982 6967//982 2761//982
f 2761//983 6967//983 8206//983 6966//983
f 2755//2206 2757//2206 2762//2206 2758//2206
f 2758//2207 2762//2207 6108//2207 6107//2207
f 2757//2208 6965//2208 6964//2208 2762//2208
f 2762//2209 6964//2209 8062//2209 6108//2209
f 2755//2210 2758//2210 2763//2210 2759//2210
f 2759//2211 2763//2211 6955//2211 6956//2211
f 2758//2212 6107//2212 6106//2212 2763//2212
f 2763//2213 6106//2213 8059//2213 6955//2213
f 2764//1000 2768//1000 2769//1000 2765//1000
f 2765//1001 2769//1001 6723//1001 6722//1001
f 2768//1002 6737//1002 6736//1002 2769//1002
f 2769//1003 6736//1003 8165//1003 6723//1003
f 2764//2214 2765//2214 2770//2214 2766//2214
f 2766//2215 2770//2215 6171//2215 6170//2215
f 2765//2216 6722//2216 6721//2216 2770//2216
f 2770//2217 6721//2217 8074//2217 6171//2217
f 2764//2218 2766//2218 2771//2218 2767//2218
f 2767//1208 2771//1208 6177//1208 6176//1208
f 2766//2219 6170//2219 6169//2219 2771//2219
f 2771//2220 6169//2220 8072//2220 6177//2220
f 2764//996 2767//996 2772//996 2768//996
f 2768//997 2772//997 6738//997 6737//997
f 2767//998 6176//998 6175//998 2772//998
f 2772//999 6175//999 8163//999 6738//999
f 2773//2221 2777//2221 2778//2221 2774//2221
f 2774//2222 2778//2222 7212//2222 7211//2222
f 2777//2223 6710//2223 6709//2223 2778//2223
f 2778//1031 6709//1031 8248//1031 7212//1031
f 2773//2224 2774//2224 2779//2224 2775//2224
f 2775//2225 2779//2225 7041//2225 7040//2225
f 2774//2226 7211//2226 7210//2226 2779//2226
f 2779//2227 7210//2227 8227//2227 7041//2227
f 2773//2228 2775//2228 2780//2228 2776//2228
f 2776//2229 2780//2229 6159//2229 6158//2229
f 2775//2230 7040//2230 7039//2230 2780//2230
f 2780//2231 7039//2231 8067//2231 6159//2231
f 2773//2232 2776//2232 2781//2232 2777//2232
f 2777//2233 2781//2233 6711//2233 6710//2233
f 2776//2234 6158//2234 6157//2234 2781//2234
f 2781//2235 6157//2235 8161//2235 6711//2235
f 2782//2236 2786//2236 2787//2236 2783//2236
f 2783//2237 2787//2237 7209//2237 7208//2237
f 2786//2238 6707//2238 6706//2238 2787//2238
f 2787//1015 6706//1015 8247//1015 7209//1015
f 2782//2239 2783//2239 2788//2239 2784//2239
f 2784//2240 2788//2240 7044//2240 7043//2240
f 2783//2241 7208//2241 7207//2241 2788//2241
f 2788//2242 7207//2242 8228//2242 7044//2242
f 2782//2243 2784//2243 2789//2243 2785//2243
f 2785//2244 2789//2244 6694//2244 6695//2244
f 2784//2245 7043//2245 7042//2245 2789//2245
f 2789//2246 7042//2246 8070//2246 6694//2246
f 2782//2247 2785//2247 2790//2247 2786//2247
f 2786//2248 2790//2248 6708//2248 6707//2248
f 2785//2249 6695//2249 6696//2249 2790//2249
f 2790//2250 6696//2250 8160//2250 6708//2250
f 2791//2251 2795//2251 2796//2251 2792//2251
f 2792//2252 2796//2252 6157//2252 6158//2252
f 2795//1050 6704//1050 6703//1050 2796//1050
f 2796//2253 6703//2253 8161//2253 6157//2253
f 2791//2254 2792//2254 2797//2254 2793//2254
f 2793//2255 2797//2255 6142//2255 6143//2255
f 2792//2256 6158//2256 6159//2256 2797//2256
f 2797//2257 6159//2257 8067//2257 6142//2257
f 2791//2258 2793//2258 2798//2258 2794//2258
f 2794//2259 2798//2259 6700//2259 6701//2259
f 2793//2260 6143//2260 6144//2260 2798//2260
f 2798//2261 6144//2261 8069//2261 6700//2261
f 2791//2262 2794//2262 2799//2262 2795//2262
f 2795//1045 2799//1045 6705//1045 6704//1045
f 2794//2263 6701//2263 6702//2263 2799//2263
f 2799//1047 6702//1047 8162//1047 6705//1047
f 2800//2264 2804//2264 2805//2264 2801//2264
f 2801//2265 2805//2265 7332//2265 7331//2265
f 2804//2266 7385//2266 7384//2266 2805//2266
f 2805//935 7384//935 8276//935 7332//935
f 2800//2267 2801//2267 2806//2267 2802//2267
f 2802//2268 2806//2268 7056//2268 7055//2268
f 2801//2269 7331//2269 7330//2269 2806//2269
f 2806//2268 7330//2268 8232//2268 7056//2268
f 2800//2270 2802//2270 2807//2270 2803//2270
f 2803//2271 2807//2271 6201//2271 6200//2271
f 2802//2268 7055//2268 7054//2268 2807//2268
f 2807//2272 7054//2272 8078//2272 6201//2272
f 2800//2273 2803//2273 2808//2273 2804//2273
f 2804//2274 2808//2274 7386//2274 7385//2274
f 2803//2275 6200//2275 6199//2275 2808//2275
f 2808//2276 6199//2276 8257//2276 7386//2276
f 2809//2277 2813//2277 2814//2277 2810//2277
f 2810//1092 2814//1092 7203//1092 7202//1092
f 2813//2278 6734//2278 6733//2278 2814//2278
f 2814//1093 6733//1093 8250//1093 7203//1093
f 2809//2279 2810//2279 2815//2279 2811//2279
f 2811//2280 2815//2280 7047//2280 7046//2280
f 2810//1191 7202//1191 7201//1191 2815//1191
f 2815//2281 7201//2281 8229//2281 7047//2281
f 2809//2282 2811//2282 2816//2282 2812//2282
f 2812//2283 2816//2283 6183//2283 6182//2283
f 2811//2284 7046//2284 7045//2284 2816//2284
f 2816//2285 7045//2285 8071//2285 6183//2285
f 2809//2286 2812//2286 2817//2286 2813//2286
f 2813//2287 2817//2287 6735//2287 6734//2287
f 2812//2288 6182//2288 6181//2288 2817//2288
f 2817//2289 6181//2289 8164//2289 6735//2289
f 2818//2290 2822//2290 2823//2290 2819//2290
f 2819//1076 2823//1076 7200//1076 7199//1076
f 2822//2291 6731//2291 6730//2291 2823//2291
f 2823//1077 6730//1077 8249//1077 7200//1077
f 2818//2292 2819//2292 2824//2292 2820//2292
f 2820//2293 2824//2293 7050//2293 7049//2293
f 2819//2294 7199//2294 7198//2294 2824//2294
f 2824//2295 7198//2295 8230//2295 7050//2295
f 2818//2296 2820//2296 2825//2296 2821//2296
f 2821//2297 2825//2297 6721//2297 6722//2297
f 2820//2298 7049//2298 7048//2298 2825//2298
f 2825//2299 7048//2299 8074//2299 6721//2299
f 2818//2300 2821//2300 2826//2300 2822//2300
f 2822//2301 2826//2301 6732//2301 6731//2301
f 2821//2302 6722//2302 6723//2302 2826//2302
f 2826//2303 6723//2303 8165//2303 6732//2303
f 2827//1110 2831//1110 2832//1110 2828//1110
f 2828//1178 2832//1178 6181//1178 6182//1178
f 2831//1112 6728//1112 6727//1112 2832//1112
f 2832//1113 6727//1113 8164//1113 6181//1113
f 2827//2304 2828//2304 2833//2304 2829//2304
f 2829//2305 2833//2305 6166//2305 6167//2305
f 2828//2306 6182//2306 6183//2306 2833//2306
f 2833//2307 6183//2307 8071//2307 6166//2307
f 2827//2308 2829//2308 2834//2308 2830//2308
f 2830//2309 2834//2309 6724//2309 6725//2309
f 2829//2310 6167//2310 6168//2310 2834//2310
f 2834//2261 6168//2261 8073//2261 6724//2261
f 2827//1106 2830//1106 2835//1106 2831//1106
f 2831//1107 2835//1107 6729//1107 6728//1107
f 2830//2311 6725//2311 6726//2311 2835//2311
f 2835//1109 6726//1109 8166//1109 6729//1109
f 2836//2312 2840//2312 2841//2312 2837//2312
f 2837//2313 2841//2313 6187//2313 6188//2313
f 2840//2312 7196//2312 7195//2312 2841//2312
f 2841//2313 7195//2313 8231//2313 6187//2313
f 2836//2312 2837//2312 2842//2312 2838//2312
f 2838//2312 2842//2312 6193//2312 6194//2312
f 2837//2313 6188//2313 6189//2313 2842//2313
f 2842//2314 6189//2314 8076//2314 6193//2314
f 2836//2315 2838//2315 2843//2315 2839//2315
f 2839//2316 2843//2316 7054//2316 7055//2316
f 2838//2315 6194//2315 6195//2315 2843//2315
f 2843//2316 6195//2316 8078//2316 7054//2316
f 2836//2315 2839//2315 2844//2315 2840//2315
f 2840//2315 2844//2315 7197//2315 7196//2315
f 2839//2316 7055//2316 7056//2316 2844//2316
f 2844//2316 7056//2316 8232//2316 7197//2316
f 2845//2317 2849//2317 2850//2317 2846//2317
f 2846//2318 2850//2318 7290//2318 7289//2318
f 2849//993 7382//993 7381//993 2850//993
f 2850//995 7381//995 8262//995 7290//995
f 2845//2319 2846//2319 2851//2319 2847//2319
f 2847//2320 2851//2320 6190//2320 6191//2320
f 2846//2321 7289//2321 7288//2321 2851//2321
f 2851//2322 7288//2322 8075//2322 6190//2322
f 2845//2323 2847//2323 2852//2323 2848//2323
f 2848//2324 2852//2324 7285//2324 7286//2324
f 2847//2325 6191//2325 6192//2325 2852//2325
f 2852//2326 6192//2326 8077//2326 7285//2326
f 2845//2327 2848//2327 2853//2327 2849//2327
f 2849//982 2853//982 7383//982 7382//982
f 2848//2328 7286//2328 7287//2328 2853//2328
f 2853//983 7287//983 8261//983 7383//983
f 2854//2329 2858//2329 2859//2329 2855//2329
f 2855//2330 2859//2330 6358//2330 6359//2330
f 2858//2331 6446//2331 6445//2331 2859//2331
f 2859//2332 6445//2332 8106//2332 6358//2332
f 2854//2333 2855//2333 2860//2333 2856//2333
f 2856//2334 2860//2334 6439//2334 6440//2334
f 2855//2335 6359//2335 6360//2335 2860//2335
f 2860//2336 6360//2336 8103//2336 6439//2336
f 2854//2337 2856//2337 2861//2337 2857//2337
f 2857//2338 2861//2338 6424//2338 6425//2338
f 2856//2339 6440//2339 6441//2339 2861//2339
f 2861//2340 6441//2340 8117//2340 6424//2340
f 2854//2341 2857//2341 2862//2341 2858//2341
f 2858//2342 2862//2342 6447//2342 6446//2342
f 2857//2343 6425//2343 6426//2343 2862//2343
f 2862//2344 6426//2344 8118//2344 6447//2344
f 2863//2345 2867//2345 2868//2345 2864//2345
f 2864//2346 2868//2346 7329//2346 7328//2346
f 2867//966 7379//966 7378//966 2868//966
f 2868//967 7378//967 8275//967 7329//967
f 2863//2347 2864//2347 2869//2347 2865//2347
f 2865//2348 2869//2348 7053//2348 7052//2348
f 2864//2349 7328//2349 7327//2349 2869//2349
f 2869//2350 7327//2350 8231//2350 7053//2350
f 2863//2351 2865//2351 2870//2351 2866//2351
f 2866//2352 2870//2352 7288//2352 7289//2352
f 2865//2353 7052//2353 7051//2353 2870//2353
f 2870//2354 7051//2354 8075//2354 7288//2354
f 2863//2355 2866//2355 2871//2355 2867//2355
f 2867//977 2871//977 7380//977 7379//977
f 2866//2356 7289//2356 7290//2356 2871//2356
f 2871//979 7290//979 8262//979 7380//979
f 2872//2357 2876//2357 2877//2357 2873//2357
f 2873//2358 2877//2358 6217//2358 6218//2358
f 2876//2359 6143//2359 6142//2359 2877//2359
f 2877//2360 6142//2360 8067//2360 6217//2360
f 2872//2361 2873//2361 2878//2361 2874//2361
f 2874//2362 2878//2362 6225//2362 6224//2362
f 2873//2363 6218//2363 6219//2363 2878//2363
f 2878//2364 6219//2364 8081//2364 6225//2364
f 2872//2365 2874//2365 2879//2365 2875//2365
f 2875//2366 2879//2366 6184//2366 6185//2366
f 2874//2367 6224//2367 6223//2367 2879//2367
f 2879//1109 6223//1109 8082//1109 6184//1109
f 2872//2368 2875//2368 2880//2368 2876//2368
f 2876//2369 2880//2369 6144//2369 6143//2369
f 2875//2370 6185//2370 6186//2370 2880//2370
f 2880//2309 6186//2309 8069//2309 6144//2309
f 2881//2371 2885//2371 2886//2371 2882//2371
f 2882//2372 2886//2372 7191//2372 7190//2372
f 2885//2292 7043//2292 7044//2292 2886//2292
f 2886//2294 7044//2294 8228//2294 7191//2294
f 2881//2373 2882//2373 2887//2373 2883//2373
f 2883//2291 2887//2291 7059//2291 7058//2291
f 2882//2374 7190//2374 7189//2374 2887//2374
f 2887//1077 7189//1077 8233//1077 7059//1077
f 2881//2375 2883//2375 2888//2375 2884//2375
f 2884//2376 2888//2376 6178//2376 6179//2376
f 2883//2301 7058//2301 7057//2301 2888//2301
f 2888//2303 7057//2303 8080//2303 6178//2303
f 2881//2377 2884//2377 2889//2377 2885//2377
f 2885//2378 2889//2378 7042//2378 7043//2378
f 2884//2379 6179//2379 6180//2379 2889//2379
f 2889//2380 6180//2380 8070//2380 7042//2380
f 2890//1200 2894//1200 2895//1200 2891//1200
f 2891//1201 2895//1201 7188//1201 7187//1201
f 2894//1200 6689//1200 6688//1200 2895//1200
f 2895//1201 6688//1201 8246//1201 7188//1201
f 2890//1200 2891//1200 2896//1200 2892//1200
f 2892//1200 2896//1200 5704//1200 5705//1200
f 2891//1201 7187//1201 7186//1201 2896//1201
f 2896//1201 7186//1201 8220//1201 5704//1201
f 2890//1202 2892//1202 2897//1202 2893//1202
f 2893//1203 2897//1203 6237//1203 6236//1203
f 2892//1202 5705//1202 5706//1202 2897//1202
f 2897//1204 5706//1204 8085//1204 6237//1204
f 2890//1202 2893//1202 2898//1202 2894//1202
f 2894//1202 2898//1202 6690//1202 6689//1202
f 2893//1204 6236//1204 6235//1204 2898//1204
f 2898//1204 6235//1204 8155//1204 6690//1204
f 2899//2381 2903//2381 2904//2381 2900//2381
f 2900//2382 2904//2382 6180//2382 6179//2382
f 2903//2383 6146//2383 6147//2383 2904//2383
f 2904//2216 6147//2216 8070//2216 6180//2216
f 2899//2384 2900//2384 2905//2384 2901//2384
f 2901//2385 2905//2385 6234//2385 6233//2385
f 2900//2386 6179//2386 6178//2386 2905//2386
f 2905//1003 6178//1003 8080//1003 6234//1003
f 2899//2387 2901//2387 2906//2387 2902//2387
f 2902//2388 2906//2388 6213//2388 6212//2388
f 2901//2389 6233//2389 6232//2389 2906//2389
f 2906//2390 6232//2390 8079//2390 6213//2390
f 2899//2391 2902//2391 2907//2391 2903//2391
f 2903//2392 2907//2392 6145//2392 6146//2392
f 2902//2393 6212//2393 6211//2393 2907//2393
f 2907//2394 6211//2394 8068//2394 6145//2394
f 2908//2395 2912//2395 2913//2395 2909//2395
f 2909//2396 2913//2396 6288//2396 6287//2396
f 2912//2397 6077//2397 6078//2397 2913//2397
f 2913//2398 6078//2398 8049//2398 6288//2398
f 2908//2399 2909//2399 2914//2399 2910//2399
f 2910//2400 2914//2400 6276//2400 6275//2400
f 2909//2401 6287//2401 6286//2401 2914//2401
f 2914//2402 6286//2402 8092//2402 6276//2402
f 2908//2403 2910//2403 2915//2403 2911//2403
f 2911//2404 2915//2404 6285//2404 6284//2404
f 2910//2405 6275//2405 6274//2405 2915//2405
f 2915//2406 6274//2406 8093//2406 6285//2406
f 2908//2407 2911//2407 2916//2407 2912//2407
f 2912//2408 2916//2408 6076//2408 6077//2408
f 2911//2409 6284//2409 6283//2409 2916//2409
f 2916//2410 6283//2410 8090//2410 6076//2410
f 2917//2411 2921//2411 2922//2411 2918//2411
f 2918//1237 2922//1237 6675//1237 6674//1237
f 2921//1236 6686//1236 6685//1236 2922//1236
f 2922//1237 6685//1237 8157//1237 6675//1237
f 2917//1236 2918//1236 2923//1236 2919//1236
f 2919//1236 2923//1236 5701//1236 5702//1236
f 2918//1237 6674//1237 6673//1237 2923//1237
f 2923//1237 6673//1237 8083//1237 5701//1237
f 2917//1238 2919//1238 2924//1238 2920//1238
f 2920//1239 2924//1239 6670//1239 6671//1239
f 2919//1238 5702//1238 5703//1238 2924//1238
f 2924//1241 5703//1241 8086//1241 6670//1241
f 2917//1238 2920//1238 2925//1238 2921//1238
f 2921//1240 2925//1240 6687//1240 6686//1240
f 2920//1241 6671//1241 6672//1241 2925//1241
f 2925//1239 6672//1239 8156//1239 6687//1239
f 2926//1242 2930//1242 2931//1242 2927//1242
f 2927//1243 2931//1243 6235//1243 6236//1243
f 2930//1242 6683//1242 6682//1242 2931//1242
f 2931//1246 6682//1246 8155//1246 6235//1246
f 2926//1242 2927//1242 2932//1242 2928//1242
f 2928//1242 2932//1242 5700//1242 5699//1242
f 2927//1246 6236//1246 6237//1246 2932//1246
f 2932//1243 6237//1243 8085//1243 5700//1243
f 2926//1244 2928//1244 2933//1244 2929//1244
f 2929//1245 2933//1245 6246//1245 6245//1245
f 2928//1244 5699//1244 5698//1244 2933//1244
f 2933//1245 5698//1245 8084//1245 6246//1245
f 2926//1244 2929//1244 2934//1244 2930//1244
f 2930//1244 2934//1244 6684//1244 6683//1244
f 2929//1245 6245//1245 6244//1245 2934//1245
f 2934//1245 6244//1245 8158//1245 6684//1245
f 2935//1247 2939//1247 2940//1247 2936//1247
f 2936//1248 2940//1248 7185//1248 7184//1248
f 2939//1247 6680//1247 6679//1247 2940//1247
f 2940//1248 6679//1248 8245//1248 7185//1248
f 2935//1247 2936//1247 2941//1247 2937//1247
f 2937//1247 2941//1247 7017//1247 7016//1247
f 2936//1248 7184//1248 7183//1248 2941//1248
f 2941//1248 7183//1248 8219//1248 7017//1248
f 2935//1249 2937//1249 2942//1249 2938//1249
f 2938//1252 2942//1252 6673//1252 6674//1252
f 2937//1249 7016//1249 7015//1249 2942//1249
f 2942//1250 7015//1250 8083//1250 6673//1250
f 2935//1249 2938//1249 2943//1249 2939//1249
f 2939//1249 2943//1249 6681//1249 6680//1249
f 2938//1252 6674//1252 6675//1252 2943//1252
f 2943//1250 6675//1250 8157//1250 6681//1250
f 2944//2412 2948//2412 2949//2412 2945//2412
f 2945//2413 2949//2413 6078//2413 6077//2413
f 2948//2414 6041//2414 6042//2414 2949//2414
f 2949//2415 6042//2415 8049//2415 6078//2415
f 2944//2416 2945//2416 2950//2416 2946//2416
f 2946//2417 2950//2417 6264//2417 6263//2417
f 2945//2418 6077//2418 6076//2418 2950//2418
f 2950//2419 6076//2419 8090//2419 6264//2419
f 2944//2420 2946//2420 2951//2420 2947//2420
f 2947//2421 2951//2421 6070//2421 6071//2421
f 2946//2422 6263//2422 6262//2422 2951//2422
f 2951//2070 6262//2070 8088//2070 6070//2070
f 2944//2423 2947//2423 2952//2423 2948//2423
f 2948//2424 2952//2424 6040//2424 6041//2424
f 2947//2425 6071//2425 6072//2425 2952//2425
f 2952//2426 6072//2426 8050//2426 6040//2426
f 2953//2427 2957//2427 2958//2427 2954//2427
f 2954//2040 2958//2040 6247//2040 6248//2040
f 2957//2428 6032//2428 6033//2428 2958//2428
f 2958//2429 6033//2429 8048//2429 6247//2429
f 2953//2430 2954//2430 2959//2430 2955//2430
f 2955//2431 2959//2431 6267//2431 6266//2431
f 2954//2432 6248//2432 6249//2432 2959//2432
f 2959//2042 6249//2042 8087//2042 6267//2042
f 2953//2433 2955//2433 2960//2433 2956//2433
f 2956//2434 2960//2434 6255//2434 6254//2434
f 2955//2435 6266//2435 6265//2435 2960//2435
f 2960//2436 6265//2436 8089//2436 6255//2436
f 2953//2437 2956//2437 2961//2437 2957//2437
f 2957//2438 2961//2438 6031//2438 6032//2438
f 2956//2439 6254//2439 6253//2439 2961//2439
f 2961//2440 6253//2440 8047//2440 6031//2440
f 2962//2441 2966//2441 2967//2441 2963//2441
f 2963//2442 2967//2442 6072//2442 6071//2442
f 2966//2443 6038//2443 6039//2443 2967//2443
f 2967//2444 6039//2444 8050//2444 6072//2444
f 2962//1961 2963//1961 2968//1961 2964//1961
f 2964//1961 2968//1961 6270//1961 6269//1961
f 2963//2445 6071//2445 6070//2445 2968//2445
f 2968//1962 6070//1962 8088//1962 6270//1962
f 2962//2446 2964//2446 2969//2446 2965//2446
f 2965//2447 2969//2447 6249//2447 6248//2447
f 2964//1972 6269//1972 6268//1972 2969//1972
f 2969//2448 6268//2448 8087//2448 6249//2448
f 2962//2449 2965//2449 2970//2449 2966//2449
f 2966//2450 2970//2450 6037//2450 6038//2450
f 2965//2451 6248//2451 6247//2451 2970//2451
f 2970//2452 6247//2452 8048//2452 6037//2452
f 2971//2453 2975//2453 2976//2453 2972//2453
f 2972//2454 2976//2454 7791//2454 7790//2454
f 2975//2455 7805//2455 7804//2455 2976//2455
f 2976//2456 7804//2456 8345//2456 7791//2456
f 2971//2457 2972//2457 2977//2457 2973//2457
f 2973//2458 2977//2458 6303//2458 6302//2458
f 2972//2459 7790//2459 7789//2459 2977//2459
f 2977//2460 7789//2460 8098//2460 6303//2460
f 2971//2461 2973//2461 2978//2461 2974//2461
f 2974//2462 2978//2462 6309//2462 6308//2462
f 2973//2463 6302//2463 6301//2463 2978//2463
f 2978//2464 6301//2464 8095//2464 6309//2464
f 2971//2465 2974//2465 2979//2465 2975//2465
f 2975//2466 2979//2466 7806//2466 7805//2466
f 2974//2467 6308//2467 6307//2467 2979//2467
f 2979//2468 6307//2468 8343//2468 7806//2468
f 2980//2469 2984//2469 2985//2469 2981//2469
f 2981//2470 2985//2470 6283//2470 6284//2470
f 2984//2471 6260//2471 6259//2471 2985//2471
f 2985//2472 6259//2472 8090//2472 6283//2472
f 2980//2473 2981//2473 2986//2473 2982//2473
f 2982//2474 2986//2474 6280//2474 6281//2474
f 2981//2475 6284//2475 6285//2475 2986//2475
f 2986//2476 6285//2476 8093//2476 6280//2476
f 2980//2477 2982//2477 2987//2477 2983//2477
f 2983//2478 2987//2478 6291//2478 6290//2478
f 2982//2479 6281//2479 6282//2479 2987//2479
f 2987//2480 6282//2480 8094//2480 6291//2480
f 2980//2481 2983//2481 2988//2481 2984//2481
f 2984//2482 2988//2482 6261//2482 6260//2482
f 2983//2483 6290//2483 6289//2483 2988//2483
f 2988//2484 6289//2484 8089//2484 6261//2484
f 2989//2485 2993//2485 2994//2485 2990//2485
f 2990//2486 2994//2486 6294//2486 6293//2486
f 2993//2487 6035//2487 6034//2487 2994//2487
f 2994//2488 6034//2488 8047//2488 6294//2488
f 2989//2489 2990//2489 2995//2489 2991//2489
f 2991//2490 2995//2490 6271//2490 6272//2490
f 2990//2491 6293//2491 6292//2491 2995//2491
f 2995//2492 6292//2492 8091//2492 6271//2492
f 2989//2493 2991//2493 2996//2493 2992//2493
f 2992//2494 2996//2494 6286//2494 6287//2494
f 2991//2495 6272//2495 6273//2495 2996//2495
f 2996//2496 6273//2496 8092//2496 6286//2496
f 2989//2497 2992//2497 2997//2497 2993//2497
f 2993//2498 2997//2498 6036//2498 6035//2498
f 2992//2499 6287//2499 6288//2499 2997//2499
f 2997//2500 6288//2500 8049//2500 6036//2500
f 2998//2501 3002//2501 3003//2501 2999//2501
f 2999//2502 3003//2502 6289//2502 6290//2502
f 3002//2503 6254//2503 6255//2503 3003//2503
f 3003//2504 6255//2504 8089//2504 6289//2504
f 2998//2505 2999//2505 3004//2505 3000//2505
f 3000//2506 3004//2506 6279//2506 6278//2506
f 2999//2507 6290//2507 6291//2507 3004//2507
f 3004//2508 6291//2508 8094//2508 6279//2508
f 2998//2509 3000//2509 3005//2509 3001//2509
f 3001//2510 3005//2510 6292//2510 6293//2510
f 3000//2511 6278//2511 6277//2511 3005//2511
f 3005//2512 6277//2512 8091//2512 6292//2512
f 2998//2513 3001//2513 3006//2513 3002//2513
f 3002//2514 3006//2514 6253//2514 6254//2514
f 3001//2515 6293//2515 6294//2515 3006//2515
f 3006//2516 6294//2516 8047//2516 6253//2516
f 3007//2517 3011//2517 3012//2517 3008//2517
f 3008//2518 3012//2518 6307//2518 6308//2518
f 3011//2519 7802//2519 7801//2519 3012//2519
f 3012//2520 7801//2520 8343//2520 6307//2520
f 3007//2517 3008//2517 3013//2517 3009//2517
f 3009//2521 3013//2521 6295//2521 6296//2521
f 3008//2522 6308//2522 6309//2522 3013//2522
f 3013//2523 6309//2523 8095//2523 6295//2523
f 3007//2524 3009//2524 3014//2524 3010//2524
f 3010//2525 3014//2525 6315//2525 6314//2525
f 3009//2524 6296//2524 6297//2524 3014//2524
f 3014//2525 6297//2525 8096//2525 6315//2525
f 3007//2524 3010//2524 3015//2524 3011//2524
f 3011//2526 3015//2526 7803//2526 7802//2526
f 3010//2525 6314//2525 6313//2525 3015//2525
f 3015//2525 6313//2525 8344//2525 7803//2525
f 3016//2527 3020//2527 3021//2527 3017//2527
f 3017//2528 3021//2528 7794//2528 7793//2528
f 3020//2529 7799//2529 7798//2529 3021//2529
f 3021//2530 7798//2530 8346//2530 7794//2530
f 3016//2531 3017//2531 3022//2531 3018//2531
f 3018//2531 3022//2531 6304//2531 6305//2531
f 3017//2532 7793//2532 7792//2532 3022//2532
f 3022//2533 7792//2533 8097//2533 6304//2533
f 3016//2534 3018//2534 3023//2534 3019//2534
f 3019//2535 3023//2535 7789//2535 7790//2535
f 3018//2534 6305//2534 6306//2534 3023//2534
f 3023//2536 6306//2536 8098//2536 7789//2536
f 3016//2534 3019//2534 3024//2534 3020//2534
f 3020//2537 3024//2537 7800//2537 7799//2537
f 3019//2538 7790//2538 7791//2538 3024//2538
f 3024//2539 7791//2539 8345//2539 7800//2539
f 3025//2540 3029//2540 3030//2540 3026//2540
f 3026//2541 3030//2541 6313//2541 6314//2541
f 3029//2542 7796//2542 7795//2542 3030//2542
f 3030//2543 7795//2543 8344//2543 6313//2543
f 3025//2544 3026//2544 3031//2544 3027//2544
f 3027//2544 3031//2544 6300//2544 6299//2544
f 3026//2541 6314//2541 6315//2541 3031//2541
f 3031//2541 6315//2541 8096//2541 6300//2541
f 3025//2545 3027//2545 3032//2545 3028//2545
f 3028//2546 3032//2546 7792//2546 7793//2546
f 3027//2547 6299//2547 6298//2547 3032//2547
f 3032//2548 6298//2548 8097//2548 7792//2548
f 3025//2549 3028//2549 3033//2549 3029//2549
f 3029//2550 3033//2550 7797//2550 7796//2550
f 3028//2551 7793//2551 7794//2551 3033//2551
f 3033//2552 7794//2552 8346//2552 7797//2552
f 3034//2553 3038//2553 3039//2553 3035//2553
f 3035//2554 3039//2554 6328//2554 6329//2554
f 3038//1901 6545//1901 6544//1901 3039//1901
f 3039//1902 6544//1902 8134//1902 6328//1902
f 3034//2555 3035//2555 3040//2555 3036//2555
f 3036//2556 3040//2556 6333//2556 6332//2556
f 3035//2557 6329//2557 6330//2557 3040//2557
f 3040//2558 6330//2558 8102//2558 6333//2558
f 3034//2559 3036//2559 3041//2559 3037//2559
f 3037//2560 3041//2560 6526//2560 6527//2560
f 3036//2561 6332//2561 6331//2561 3041//2561
f 3041//2562 6331//2562 8101//2562 6526//2562
f 3034//2563 3037//2563 3042//2563 3038//2563
f 3038//1896 3042//1896 6546//1896 6545//1896
f 3037//2564 6527//2564 6528//2564 3042//2564
f 3042//1898 6528//1898 8132//1898 6546//1898
f 3043//2565 3047//2565 3048//2565 3044//2565
f 3044//2566 3048//2566 6319//2566 6320//2566
f 3047//1917 6542//1917 6541//1917 3048//1917
f 3048//1918 6541//1918 8133//1918 6319//1918
f 3043//2567 3044//2567 3049//2567 3045//2567
f 3045//2568 3049//2568 6336//2568 6335//2568
f 3044//2569 6320//2569 6321//2569 3049//2569
f 3049//2570 6321//2570 8099//2570 6336//2570
f 3043//2571 3045//2571 3050//2571 3046//2571
f 3046//2572 3050//2572 6330//2572 6329//2572
f 3045//2573 6335//2573 6334//2573 3050//2573
f 3050//2574 6334//2574 8102//2574 6330//2574
f 3043//2575 3046//2575 3051//2575 3047//2575
f 3047//1912 3051//1912 6543//1912 6542//1912
f 3046//2576 6329//2576 6328//2576 3051//2576
f 3051//2577 6328//2577 8134//2577 6543//2577
f 3052//2578 3056//2578 3057//2578 3053//2578
f 3053//2579 3057//2579 6528//2579 6527//2579
f 3056//1944 6539//1944 6538//1944 3057//1944
f 3057//1946 6538//1946 8132//1946 6528//1946
f 3052//2580 3053//2580 3058//2580 3054//2580
f 3054//2581 3058//2581 6339//2581 6338//2581
f 3053//2582 6527//2582 6526//2582 3058//2582
f 3058//2583 6526//2583 8101//2583 6339//2583
f 3052//2584 3054//2584 3059//2584 3055//2584
f 3055//2585 3059//2585 6523//2585 6524//2585
f 3054//2586 6338//2586 6337//2586 3059//2586
f 3059//2587 6337//2587 8100//2587 6523//2587
f 3052//2588 3055//2588 3060//2588 3056//2588
f 3056//1949 3060//1949 6540//1949 6539//1949
f 3055//2589 6524//2589 6525//2589 3060//2589
f 3060//2590 6525//2590 8131//2590 6540//2590
f 3061//2591 3065//2591 3066//2591 3062//2591
f 3062//2592 3066//2592 6525//2592 6524//2592
f 3065//1933 6536//1933 6535//1933 3066//1933
f 3066//1934 6535//1934 8131//1934 6525//1934
f 3061//2593 3062//2593 3067//2593 3063//2593
f 3063//2594 3067//2594 6342//2594 6341//2594
f 3062//2595 6524//2595 6523//2595 3067//2595
f 3067//2596 6523//2596 8100//2596 6342//2596
f 3061//2597 3063//2597 3068//2597 3064//2597
f 3064//2598 3068//2598 6321//2598 6320//2598
f 3063//2599 6341//2599 6340//2599 3068//2599
f 3068//2600 6340//2600 8099//2600 6321//2600
f 3061//2601 3064//2601 3069//2601 3065//2601
f 3065//1928 3069//1928 6537//1928 6536//1928
f 3064//2602 6320//2602 6319//2602 3069//2602
f 3069//1930 6319//1930 8133//1930 6537//1930
f 3070//966 3074//966 3075//966 3071//966
f 3071//967 3075//967 7896//967 7895//967
f 3074//966 7913//966 7912//966 3075//966
f 3075//967 7912//967 8364//967 7896//967
f 3070//966 3071//966 3076//966 3072//966
f 3072//966 3076//966 7065//966 7064//966
f 3071//967 7895//967 7894//967 3076//967
f 3076//967 7894//967 8235//967 7065//967
f 3070//977 3072//977 3077//977 3073//977
f 3073//979 3077//979 7882//979 7883//979
f 3072//977 7064//977 7063//977 3077//977
f 3077//979 7063//979 8105//979 7882//979
f 3070//977 3073//977 3078//977 3074//977
f 3074//977 3078//977 7914//977 7913//977
f 3073//979 7883//979 7884//979 3078//979
f 3078//979 7884//979 8360//979 7914//979
f 3079//2603 3083//2603 3084//2603 3080//2603
f 3080//2604 3084//2604 6343//2604 6344//2604
f 3083//950 7910//950 7909//950 3084//950
f 3084//951 7909//951 8361//951 6343//951
f 3079//2605 3080//2605 3085//2605 3081//2605
f 3081//2606 3085//2606 6360//2606 6359//2606
f 3080//2607 6344//2607 6345//2607 3085//2607
f 3085//2608 6345//2608 8103//2608 6360//2608
f 3079//2609 3081//2609 3086//2609 3082//2609
f 3082//2610 3086//2610 6354//2610 6353//2610
f 3081//2611 6359//2611 6358//2611 3086//2611
f 3086//2612 6358//2612 8106//2612 6354//2612
f 3079//2613 3082//2613 3087//2613 3083//2613
f 3083//961 3087//961 7911//961 7910//961
f 3082//2614 6353//2614 6352//2614 3087//2614
f 3087//963 6352//963 8362//963 7911//963
f 3088//993 3092//993 3093//993 3089//993
f 3089//995 3093//995 7884//995 7883//995
f 3092//993 7907//993 7906//993 3093//993
f 3093//995 7906//995 8360//995 7884//995
f 3088//993 3089//993 3094//993 3090//993
f 3090//993 3094//993 6363//993 6362//993
f 3089//995 7883//995 7882//995 3094//995
f 3094//995 7882//995 8105//995 6363//995
f 3088//982 3090//982 3095//982 3091//982
f 3091//983 3095//983 7879//983 7880//983
f 3090//982 6362//982 6361//982 3095//982
f 3095//983 6361//983 8104//983 7879//983
f 3088//982 3091//982 3096//982 3092//982
f 3092//982 3096//982 7908//982 7907//982
f 3091//983 7880//983 7881//983 3096//983
f 3096//983 7881//983 8359//983 7908//983
f 3097//2615 3101//2615 3102//2615 3098//2615
f 3098//935 3102//935 7893//935 7892//935
f 3101//934 7904//934 7903//934 3102//934
f 3102//935 7903//935 8363//935 7893//935
f 3097//2616 3098//2616 3103//2616 3099//2616
f 3099//2617 3103//2617 7068//2617 7067//2617
f 3098//935 7892//935 7891//935 3103//935
f 3103//935 7891//935 8236//935 7068//935
f 3097//2618 3099//2618 3104//2618 3100//2618
f 3100//2619 3104//2619 6345//2619 6344//2619
f 3099//2620 7067//2620 7066//2620 3104//2620
f 3104//2621 7066//2621 8103//2621 6345//2621
f 3097//2622 3100//2622 3105//2622 3101//2622
f 3101//945 3105//945 7905//945 7904//945
f 3100//2623 6344//2623 6343//2623 3105//2623
f 3105//947 6343//947 8361//947 7905//947
f 3106//2624 3110//2624 3111//2624 3107//2624
f 3107//2625 3111//2625 6408//2625 6407//2625
f 3110//2626 6368//2626 6367//2626 3111//2626
f 3111//2627 6367//2627 8107//2627 6408//2627
f 3106//2628 3107//2628 3112//2628 3108//2628
f 3108//2629 3112//2629 6391//2629 6392//2629
f 3107//2630 6407//2630 6406//2630 3112//2630
f 3112//2631 6406//2631 8111//2631 6391//2631
f 3106//2632 3108//2632 3113//2632 3109//2632
f 3109//2633 3113//2633 6405//2633 6404//2633
f 3108//2634 6392//2634 6393//2634 3113//2634
f 3113//2635 6393//2635 8112//2635 6405//2635
f 3106//2636 3109//2636 3114//2636 3110//2636
f 3110//2637 3114//2637 6369//2637 6368//2637
f 3109//2638 6404//2638 6403//2638 3114//2638
f 3114//2639 6403//2639 8108//2639 6369//2639
f 3115//2640 3119//2640 3120//2640 3116//2640
f 3116//2641 3120//2641 7377//2641 7376//2641
f 3119//2642 6092//2642 6091//2642 3120//2642
f 3120//2643 6091//2643 8255//2643 7377//2643
f 3115//2644 3116//2644 3121//2644 3117//2644
f 3117//2645 3121//2645 6370//2645 6371//2645
f 3116//2646 7376//2646 7375//2646 3121//2646
f 3121//2647 7375//2647 8263//2647 6370//2647
f 3115//2648 3117//2648 3122//2648 3118//2648
f 3118//2649 3122//2649 6387//2649 6386//2649
f 3117//2650 6371//2650 6372//2650 3122//2650
f 3122//2651 6372//2651 8107//2651 6387//2651
f 3115//2652 3118//2652 3123//2652 3119//2652
f 3119//2653 3123//2653 6093//2653 6092//2653
f 3118//2654 6386//2654 6385//2654 3123//2654
f 3123//2655 6385//2655 8058//2655 6093//2655
f 3124//2656 3128//2656 3129//2656 3125//2656
f 3125//2657 3129//2657 6385//2657 6386//2657
f 3128//2658 6089//2658 6088//2658 3129//2658
f 3129//2659 6088//2659 8058//2659 6385//2659
f 3124//2660 3125//2660 3130//2660 3126//2660
f 3126//2661 3130//2661 6367//2661 6368//2661
f 3125//2662 6386//2662 6387//2662 3130//2662
f 3130//2663 6387//2663 8107//2663 6367//2663
f 3124//2664 3126//2664 3131//2664 3127//2664
f 3127//2665 3131//2665 6382//2665 6383//2665
f 3126//2666 6368//2666 6369//2666 3131//2666
f 3131//2667 6369//2667 8108//2667 6382//2667
f 3124//2668 3127//2668 3132//2668 3128//2668
f 3128//2669 3132//2669 6090//2669 6089//2669
f 3127//2670 6383//2670 6384//2670 3132//2670
f 3132//2671 6384//2671 8057//2671 6090//2671
f 3133//2672 3137//2672 3138//2672 3134//2672
f 3134//2673 3138//2673 6379//2673 6380//2673
f 3137//2674 6341//2674 6342//2674 3138//2674
f 3138//2675 6342//2675 8100//2675 6379//2675
f 3133//2676 3134//2676 3139//2676 3135//2676
f 3135//2677 3139//2677 6378//2677 6377//2677
f 3134//2678 6380//2678 6381//2678 3139//2678
f 3139//2679 6381//2679 8110//2679 6378//2679
f 3133//2680 3135//2680 3140//2680 3136//2680
f 3136//2681 3140//2681 6388//2681 6389//2681
f 3135//2682 6377//2682 6376//2682 3140//2682
f 3140//2683 6376//2683 8109//2683 6388//2683
f 3133//2684 3136//2684 3141//2684 3137//2684
f 3137//2685 3141//2685 6340//2685 6341//2685
f 3136//2686 6389//2686 6390//2686 3141//2686
f 3141//2687 6390//2687 8099//2687 6340//2687
f 3142//2688 3146//2688 3147//2688 3143//2688
f 3143//2689 3147//2689 6432//2689 6431//2689
f 3146//2690 6401//2690 6402//2690 3147//2690
f 3147//2691 6402//2691 8114//2691 6432//2691
f 3142//2692 3143//2692 3148//2692 3144//2692
f 3144//2693 3148//2693 6426//2693 6425//2693
f 3143//2694 6431//2694 6430//2694 3148//2694
f 3148//2695 6430//2695 8118//2695 6426//2695
f 3142//2696 3144//2696 3149//2696 3145//2696
f 3145//2697 3149//2697 6429//2697 6428//2697
f 3144//2698 6425//2698 6424//2698 3149//2698
f 3149//2699 6424//2699 8117//2699 6429//2699
f 3142//2700 3145//2700 3150//2700 3146//2700
f 3146//2701 3150//2701 6400//2701 6401//2701
f 3145//2702 6428//2702 6427//2702 3150//2702
f 3150//2703 6427//2703 8113//2703 6400//2703
f 3151//2704 3155//2704 3156//2704 3152//2704
f 3152//2705 3156//2705 6414//2705 6413//2705
f 3155//2706 6377//2706 6378//2706 3156//2706
f 3156//2707 6378//2707 8110//2707 6414//2707
f 3151//2708 3152//2708 3157//2708 3153//2708
f 3153//2709 3157//2709 6402//2709 6401//2709
f 3152//2710 6413//2710 6412//2710 3157//2710
f 3157//2711 6412//2711 8114//2711 6402//2711
f 3151//2712 3153//2712 3158//2712 3154//2712
f 3154//2713 3158//2713 6411//2713 6410//2713
f 3153//2714 6401//2714 6400//2714 3158//2714
f 3158//2715 6400//2715 8113//2715 6411//2715
f 3151//2716 3154//2716 3159//2716 3155//2716
f 3155//2717 3159//2717 6376//2717 6377//2717
f 3154//2718 6410//2718 6409//2718 3159//2718
f 3159//2719 6409//2719 8109//2719 6376//2719
f 3160//2720 3164//2720 3165//2720 3161//2720
f 3161//2721 3165//2721 7374//2721 7373//2721
f 3164//2722 6371//2722 6370//2722 3165//2722
f 3165//2723 6370//2723 8263//2723 7374//2723
f 3160//2724 3161//2724 3166//2724 3162//2724
f 3162//2725 3166//2725 6394//2725 6395//2725
f 3161//2726 7373//2726 7372//2726 3166//2726
f 3166//2727 7372//2727 8265//2727 6394//2727
f 3160//2728 3162//2728 3167//2728 3163//2728
f 3163//2729 3167//2729 6406//2729 6407//2729
f 3162//2730 6395//2730 6396//2730 3167//2730
f 3167//2731 6396//2731 8111//2731 6406//2731
f 3160//2732 3163//2732 3168//2732 3164//2732
f 3164//2733 3168//2733 6372//2733 6371//2733
f 3163//2734 6407//2734 6408//2734 3168//2734
f 3168//2735 6408//2735 8107//2735 6372//2735
f 3169//2736 3173//2736 3174//2736 3170//2736
f 3170//2737 3174//2737 7521//2737 7520//2737
f 3173//2738 6374//2738 6373//2738 3174//2738
f 3174//2739 6373//2739 8281//2739 7521//2739
f 3169//2740 3170//2740 3175//2740 3171//2740
f 3171//2741 3175//2741 6397//2741 6398//2741
f 3170//2742 7520//2742 7519//2742 3175//2742
f 3175//2743 7519//2743 8282//2743 6397//2743
f 3169//2744 3171//2744 3176//2744 3172//2744
f 3172//2745 3176//2745 6412//2745 6413//2745
f 3171//2746 6398//2746 6399//2746 3176//2746
f 3176//2747 6399//2747 8114//2747 6412//2747
f 3169//2748 3172//2748 3177//2748 3173//2748
f 3173//2749 3177//2749 6375//2749 6374//2749
f 3172//2750 6413//2750 6414//2750 3177//2750
f 3177//2751 6414//2751 8110//2751 6375//2751
f 3178//2752 3182//2752 3183//2752 3179//2752
f 3179//2753 3183//2753 7518//2753 7517//2753
f 3182//2754 7439//2754 7440//2754 3183//2754
f 3183//2755 7440//2755 8291//2755 7518//2755
f 3178//2756 3179//2756 3184//2756 3180//2756
f 3180//2757 3184//2757 7452//2757 7451//2757
f 3179//2758 7517//2758 7516//2758 3184//2758
f 3184//2759 7516//2759 8295//2759 7452//2759
f 3178//2760 3180//2760 3185//2760 3181//2760
f 3181//2761 3185//2761 6441//2761 6440//2761
f 3180//2762 7451//2762 7450//2762 3185//2762
f 3185//2763 7450//2763 8117//2763 6441//2763
f 3178//2764 3181//2764 3186//2764 3182//2764
f 3182//2765 3186//2765 7438//2765 7439//2765
f 3181//2766 6440//2766 6439//2766 3186//2766
f 3186//2767 6439//2767 8103//2767 7438//2767
f 3187//2768 3191//2768 3192//2768 3188//2768
f 3188//2769 3192//2769 7365//2769 7364//2769
f 3191//2770 6395//2770 6394//2770 3192//2770
f 3192//2771 6394//2771 8265//2771 7365//2771
f 3187//2772 3188//2772 3193//2772 3189//2772
f 3189//2773 3193//2773 6418//2773 6419//2773
f 3188//2774 7364//2774 7363//2774 3193//2774
f 3193//2775 7363//2775 8267//2775 6418//2775
f 3187//2776 3189//2776 3194//2776 3190//2776
f 3190//2777 3194//2777 6435//2777 6434//2777
f 3189//2778 6419//2778 6420//2778 3194//2778
f 3194//2779 6420//2779 8115//2779 6435//2779
f 3187//2780 3190//2780 3195//2780 3191//2780
f 3191//2781 3195//2781 6396//2781 6395//2781
f 3190//2782 6434//2782 6433//2782 3195//2782
f 3195//2783 6433//2783 8111//2783 6396//2783
f 3196//2784 3200//2784 3201//2784 3197//2784
f 3197//2785 3201//2785 7515//2785 7514//2785
f 3200//2786 6398//2786 6397//2786 3201//2786
f 3201//2787 6397//2787 8282//2787 7515//2787
f 3196//2788 3197//2788 3202//2788 3198//2788
f 3198//2789 3202//2789 6421//2789 6422//2789
f 3197//2790 7514//2790 7513//2790 3202//2790
f 3202//2791 7513//2791 8283//2791 6421//2791
f 3196//2792 3198//2792 3203//2792 3199//2792
f 3199//2793 3203//2793 6430//2793 6431//2793
f 3198//2794 6422//2794 6423//2794 3203//2794
f 3203//2795 6423//2795 8118//2795 6430//2795
f 3196//2796 3199//2796 3204//2796 3200//2796
f 3200//2797 3204//2797 6399//2797 6398//2797
f 3199//2798 6431//2798 6432//2798 3204//2798
f 3204//2799 6432//2799 8114//2799 6399//2799
f 3205//2800 3209//2800 3210//2800 3206//2800
f 3206//2801 3210//2801 6433//2801 6434//2801
f 3209//2802 6392//2802 6391//2802 3210//2802
f 3210//2803 6391//2803 8111//2803 6433//2803
f 3205//2804 3206//2804 3211//2804 3207//2804
f 3207//2805 3211//2805 6415//2805 6416//2805
f 3206//2806 6434//2806 6435//2806 3211//2806
f 3211//2807 6435//2807 8115//2807 6415//2807
f 3205//2808 3207//2808 3212//2808 3208//2808
f 3208//2809 3212//2809 6436//2809 6437//2809
f 3207//2810 6416//2810 6417//2810 3212//2810
f 3212//2811 6417//2811 8116//2811 6436//2811
f 3205//2812 3208//2812 3213//2812 3209//2812
f 3209//2813 3213//2813 6393//2813 6392//2813
f 3208//2814 6437//2814 6438//2814 3213//2814
f 3213//2815 6438//2815 8112//2815 6393//2815
f 3214//2816 3218//2816 3219//2816 3215//2816
f 3215//2817 3219//2817 7359//2817 7358//2817
f 3218//2818 6209//2818 6208//2818 3219//2818
f 3219//2819 6208//2819 8258//2819 7359//2819
f 3214//2820 3215//2820 3220//2820 3216//2820
f 3216//2821 3220//2821 7308//2821 7307//2821
f 3215//2822 7358//2822 7357//2822 3220//2822
f 3220//2823 7357//2823 8268//2823 7308//2823
f 3214//2824 3216//2824 3221//2824 3217//2824
f 3217//2825 3221//2825 6450//2825 6449//2825
f 3216//2826 7307//2826 7306//2826 3221//2826
f 3221//2827 7306//2827 8116//2827 6450//2827
f 3214//2828 3217//2828 3222//2828 3218//2828
f 3218//2829 3222//2829 6210//2829 6209//2829
f 3217//2830 6449//2830 6448//2830 3222//2830
f 3222//2831 6448//2831 8076//2831 6210//2831
f 3223//2832 3227//2832 3228//2832 3224//2832
f 3224//2833 3228//2833 6448//2833 6449//2833
f 3227//2834 6194//2834 6193//2834 3228//2834
f 3228//2835 6193//2835 8076//2835 6448//2835
f 3223//2836 3224//2836 3229//2836 3225//2836
f 3225//2836 3229//2836 6417//2836 6416//2836
f 3224//2837 6449//2837 6450//2837 3229//2837
f 3229//2838 6450//2838 8116//2838 6417//2838
f 3223//2839 3225//2839 3230//2839 3226//2839
f 3226//2840 3230//2840 6444//2840 6443//2840
f 3225//2805 6416//2805 6415//2805 3230//2805
f 3230//2841 6415//2841 8115//2841 6444//2841
f 3223//2842 3226//2842 3231//2842 3227//2842
f 3227//2315 3231//2315 6195//2315 6194//2315
f 3226//2843 6443//2843 6442//2843 3231//2843
f 3231//2844 6442//2844 8078//2844 6195//2844
f 3232//2845 3236//2845 3237//2845 3233//2845
f 3233//2846 3237//2846 6492//2846 6491//2846
f 3236//2847 6461//2847 6462//2847 3237//2847
f 3237//2848 6462//2848 8121//2848 6492//2848
f 3232//2849 3233//2849 3238//2849 3234//2849
f 3234//2850 3238//2850 6486//2850 6485//2850
f 3233//2851 6491//2851 6490//2851 3238//2851
f 3238//2852 6490//2852 8125//2852 6486//2852
f 3232//2853 3234//2853 3239//2853 3235//2853
f 3235//2854 3239//2854 6489//2854 6488//2854
f 3234//2855 6485//2855 6484//2855 3239//2855
f 3239//2856 6484//2856 8126//2856 6489//2856
f 3232//2857 3235//2857 3240//2857 3236//2857
f 3236//2858 3240//2858 6460//2858 6461//2858
f 3235//2859 6488//2859 6487//2859 3240//2859
f 3240//2860 6487//2860 8122//2860 6460//2860
f 3241//2861 3245//2861 3246//2861 3242//2861
f 3242//2862 3246//2862 6474//2862 6473//2862
f 3245//2863 6332//2863 6333//2863 3246//2863
f 3246//2864 6333//2864 8102//2864 6474//2864
f 3241//2865 3242//2865 3247//2865 3243//2865
f 3243//2866 3247//2866 6462//2866 6461//2866
f 3242//2867 6473//2867 6472//2867 3247//2867
f 3247//2868 6472//2868 8121//2868 6462//2868
f 3241//2869 3243//2869 3248//2869 3244//2869
f 3244//2870 3248//2870 6471//2870 6470//2870
f 3243//2871 6461//2871 6460//2871 3248//2871
f 3248//2872 6460//2872 8122//2872 6471//2872
f 3241//2873 3244//2873 3249//2873 3245//2873
f 3245//2874 3249//2874 6331//2874 6332//2874
f 3244//2875 6470//2875 6469//2875 3249//2875
f 3249//2876 6469//2876 8101//2876 6331//2876
f 3250//2877 3254//2877 3255//2877 3251//2877
f 3251//2878 3255//2878 7356//2878 7355//2878
f 3254//2879 7283//2879 7284//2879 3255//2879
f 3255//2880 7284//2880 8260//2880 7356//2880
f 3250//2881 3251//2881 3256//2881 3252//2881
f 3252//2882 3256//2882 7314//2882 7313//2882
f 3251//2883 7355//2883 7354//2883 3256//2883
f 3256//2884 7354//2884 8270//2884 7314//2884
f 3250//2885 3252//2885 3257//2885 3253//2885
f 3253//2886 3257//2886 6466//2886 6467//2886
f 3252//2887 7313//2887 7312//2887 3257//2887
f 3257//2888 7312//2888 8119//2888 6466//2888
f 3250//2889 3253//2889 3258//2889 3254//2889
f 3254//2890 3258//2890 7282//2890 7283//2890
f 3253//2891 6467//2891 6468//2891 3258//2891
f 3258//2892 6468//2892 8055//2892 7282//2892
f 3259//2893 3263//2893 3264//2893 3260//2893
f 3260//2894 3264//2894 7512//2894 7511//2894
f 3263//2895 7436//2895 7437//2895 3264//2895
f 3264//2896 7437//2896 8290//2896 7512//2896
f 3259//2897 3260//2897 3265//2897 3261//2897
f 3261//2898 3265//2898 7455//2898 7454//2898
f 3260//2899 7511//2899 7510//2899 3265//2899
f 3265//2900 7510//2900 8296//2900 7455//2900
f 3259//2901 3261//2901 3266//2901 3262//2901
f 3262//2902 3266//2902 6472//2902 6473//2902
f 3261//2903 7454//2903 7453//2903 3266//2903
f 3266//2904 7453//2904 8121//2904 6472//2904
f 3259//2905 3262//2905 3267//2905 3263//2905
f 3263//2906 3267//2906 7435//2906 7436//2906
f 3262//2907 6473//2907 6474//2907 3267//2907
f 3267//2908 6474//2908 8102//2908 7435//2908
f 3268//2909 3272//2909 3273//2909 3269//2909
f 3269//2910 3273//2910 7350//2910 7349//2910
f 3272//2911 7319//2911 7320//2911 3273//2911
f 3273//2912 7320//2912 8272//2912 7350//2912
f 3268//2913 3269//2913 3274//2913 3270//2913
f 3270//2914 3274//2914 7326//2914 7325//2914
f 3269//2915 7349//2915 7348//2915 3274//2915
f 3274//2916 7348//2916 8274//2916 7326//2916
f 3268//2917 3270//2917 3275//2917 3271//2917
f 3271//2918 3275//2918 6513//2918 6512//2918
f 3270//2919 7325//2919 7324//2919 3275//2919
f 3275//2920 7324//2920 8127//2920 6513//2920
f 3268//2921 3271//2921 3276//2921 3272//2921
f 3272//2922 3276//2922 7318//2922 7319//2922
f 3271//2923 6512//2923 6511//2923 3276//2923
f 3276//2924 6511//2924 8123//2924 7318//2924
f 3277//2925 3281//2925 3282//2925 3278//2925
f 3278//2926 3282//2926 7509//2926 7508//2926
f 3281//2927 7454//2927 7455//2927 3282//2927
f 3282//2928 7455//2928 8296//2928 7509//2928
f 3277//2929 3278//2929 3283//2929 3279//2929
f 3279//2930 3283//2930 7458//2930 7457//2930
f 3278//2931 7508//2931 7507//2931 3283//2931
f 3283//2932 7507//2932 8297//2932 7458//2932
f 3277//2933 3279//2933 3284//2933 3280//2933
f 3280//2934 3284//2934 6490//2934 6491//2934
f 3279//2935 7457//2935 7456//2935 3284//2935
f 3284//2936 7456//2936 8125//2936 6490//2936
f 3277//2937 3280//2937 3285//2937 3281//2937
f 3281//2938 3285//2938 7453//2938 7454//2938
f 3280//2939 6491//2939 6492//2939 3285//2939
f 3285//2940 6492//2940 8121//2940 7453//2940
f 3286//2941 3290//2941 3291//2941 3287//2941
f 3287//2942 3291//2942 7344//2942 7343//2942
f 3290//2943 7313//2943 7314//2943 3291//2943
f 3291//2944 7314//2944 8270//2944 7344//2944
f 3286//2945 3287//2945 3292//2945 3288//2945
f 3288//2946 3292//2946 7320//2946 7319//2946
f 3287//2947 7343//2947 7342//2947 3292//2947
f 3292//2948 7342//2948 8272//2948 7320//2948
f 3286//2949 3288//2949 3293//2949 3289//2949
f 3289//2950 3293//2950 6498//2950 6497//2950
f 3288//2951 7319//2951 7318//2951 3293//2951
f 3293//2952 7318//2952 8123//2952 6498//2952
f 3286//2953 3289//2953 3294//2953 3290//2953
f 3290//2954 3294//2954 7312//2954 7313//2954
f 3289//2955 6497//2955 6496//2955 3294//2955
f 3294//2956 6496//2956 8119//2956 7312//2956
f 3295//2957 3299//2957 3300//2957 3296//2957
f 3296//2958 3300//2958 6496//2958 6497//2958
f 3299//2140 6452//2140 6451//2140 3300//2140
f 3300//2959 6451//2959 8119//2959 6496//2959
f 3295//2957 3296//2957 3301//2957 3297//2957
f 3297//2960 3301//2960 6475//2960 6476//2960
f 3296//2961 6497//2961 6498//2961 3301//2961
f 3301//2962 6498//2962 8123//2962 6475//2962
f 3295//2963 3297//2963 3302//2963 3298//2963
f 3298//2964 3302//2964 6493//2964 6494//2964
f 3297//2965 6476//2965 6477//2965 3302//2965
f 3302//2966 6477//2966 8124//2966 6493//2966
f 3295//2145 3298//2145 3303//2145 3299//2145
f 3299//2145 3303//2145 6453//2145 6452//2145
f 3298//2967 6494//2967 6495//2967 3303//2967
f 3303//2968 6495//2968 8120//2968 6453//2968
f 3304//2969 3308//2969 3309//2969 3305//2969
f 3305//2970 3309//2970 6511//2970 6512//2970
f 3308//2971 6476//2971 6475//2971 3309//2971
f 3309//2972 6475//2972 8123//2972 6511//2972
f 3304//2973 3305//2973 3310//2973 3306//2973
f 3306//2974 3310//2974 6499//2974 6500//2974
f 3305//2975 6512//2975 6513//2975 3310//2975
f 3310//2976 6513//2976 8127//2976 6499//2976
f 3304//2977 3306//2977 3311//2977 3307//2977
f 3307//2978 3311//2978 6519//2978 6518//2978
f 3306//2979 6500//2979 6501//2979 3311//2979
f 3311//2980 6501//2980 8128//2980 6519//2980
f 3304//2981 3307//2981 3312//2981 3308//2981
f 3308//2982 3312//2982 6477//2982 6476//2982
f 3307//2983 6518//2983 6517//2983 3312//2983
f 3312//2984 6517//2984 8124//2984 6477//2984
f 3313//2985 3317//2985 3318//2985 3314//2985
f 3314//2986 3318//2986 6522//2986 6521//2986
f 3317//2987 6485//2987 6486//2987 3318//2987
f 3318//2988 6486//2988 8125//2988 6522//2988
f 3313//2989 3314//2989 3319//2989 3315//2989
f 3315//2990 3319//2990 6510//2990 6509//2990
f 3314//2991 6521//2991 6520//2991 3319//2991
f 3319//2992 6520//2992 8129//2992 6510//2992
f 3313//2993 3315//2993 3320//2993 3316//2993
f 3316//2994 3320//2994 6514//2994 6515//2994
f 3315//2995 6509//2995 6508//2995 3320//2995
f 3320//2996 6508//2996 8130//2996 6514//2996
f 3313//2997 3316//2997 3321//2997 3317//2997
f 3317//2998 3321//2998 6484//2998 6485//2998
f 3316//2999 6515//2999 6516//2999 3321//2999
f 3321//3000 6516//3000 8126//3000 6484//3000
f 3322//3001 3326//3001 3327//3001 3323//3001
f 3323//3002 3327//3002 7506//3002 7505//3002
f 3326//3003 7457//3003 7458//3003 3327//3003
f 3327//3004 7458//3004 8297//3004 7506//3004
f 3322//3005 3323//3005 3328//3005 3324//3005
f 3324//3006 3328//3006 7461//3006 7460//3006
f 3323//3007 7505//3007 7504//3007 3328//3007
f 3328//3008 7504//3008 8298//3008 7461//3008
f 3322//3009 3324//3009 3329//3009 3325//3009
f 3325//3010 3329//3010 6520//3010 6521//3010
f 3324//3011 7460//3011 7459//3011 3329//3011
f 3329//3012 7459//3012 8129//3012 6520//3012
f 3322//3013 3325//3013 3330//3013 3326//3013
f 3326//3014 3330//3014 7456//3014 7457//3014
f 3325//3015 6521//3015 6522//3015 3330//3015
f 3330//3016 6522//3016 8125//3016 7456//3016
f 3331//3017 3335//3017 3336//3017 3332//3017
f 3332//3018 3336//3018 6096//3018 6095//3018
f 3335//3019 6065//3019 6066//3019 3336//3019
f 3336//3020 6066//3020 8053//3020 6096//3020
f 3331//3021 3332//3021 3337//3021 3333//3021
f 3333//1933 3337//1933 6535//1933 6536//1933
f 3332//3022 6095//3022 6094//3022 3337//3022
f 3337//1934 6094//1934 8131//1934 6535//1934
f 3331//3023 3333//3023 3338//3023 3334//3023
f 3334//3024 3338//3024 6531//3024 6530//3024
f 3333//1928 6536//1928 6537//1928 3338//1928
f 3338//1930 6537//1930 8133//1930 6531//1930
f 3331//3025 3334//3025 3339//3025 3335//3025
f 3335//3026 3339//3026 6064//3026 6065//3026
f 3334//2000 6530//2000 6529//2000 3339//2000
f 3339//3027 6529//3027 8054//3027 6064//3027
f 3340//3028 3344//3028 3345//3028 3341//3028
f 3341//3029 3345//3029 6099//3029 6098//3029
f 3344//3030 6059//3030 6058//3030 3345//3030
f 3345//3031 6058//3031 8051//3031 6099//3031
f 3340//3032 3341//3032 3346//3032 3342//3032
f 3342//1944 3346//1944 6538//1944 6539//1944
f 3341//3033 6098//3033 6097//3033 3346//3033
f 3346//1946 6097//1946 8132//1946 6538//1946
f 3340//3034 3342//3034 3347//3034 3343//3034
f 3343//3035 3347//3035 6094//3035 6095//3035
f 3342//1949 6539//1949 6540//1949 3347//1949
f 3347//2590 6540//2590 8131//2590 6094//2590
f 3340//3036 3343//3036 3348//3036 3344//3036
f 3344//3037 3348//3037 6060//3037 6059//3037
f 3343//3038 6095//3038 6096//3038 3348//3038
f 3348//3039 6096//3039 8053//3039 6060//3039
f 3349//3040 3353//3040 3354//3040 3350//3040
f 3350//1885 3354//1885 6529//1885 6530//1885
f 3353//3041 6062//3041 6063//3041 3354//3041
f 3354//3042 6063//3042 8054//3042 6529//3042
f 3349//3043 3350//3043 3355//3043 3351//3043
f 3351//1917 3355//1917 6541//1917 6542//1917
f 3350//3044 6530//3044 6531//3044 3355//3044
f 3355//1918 6531//1918 8133//1918 6541//1918
f 3349//3045 3351//3045 3356//3045 3352//3045
f 3352//3046 3356//3046 6534//3046 6533//3046
f 3351//1912 6542//1912 6543//1912 3356//1912
f 3356//2577 6543//2577 8134//2577 6534//2577
f 3349//3047 3352//3047 3357//3047 3353//3047
f 3353//3048 3357//3048 6061//3048 6062//3048
f 3352//1888 6533//1888 6532//1888 3357//1888
f 3357//3049 6532//3049 8052//3049 6061//3049
f 3358//3050 3362//3050 3363//3050 3359//3050
f 3359//1981 3363//1981 6532//1981 6533//1981
f 3362//3051 6056//3051 6057//3051 3363//3051
f 3363//3052 6057//3052 8052//3052 6532//3052
f 3358//3053 3359//3053 3364//3053 3360//3053
f 3360//1901 3364//1901 6544//1901 6545//1901
f 3359//3054 6533//3054 6534//3054 3364//3054
f 3364//1902 6534//1902 8134//1902 6544//1902
f 3358//3055 3360//3055 3365//3055 3361//3055
f 3361//3056 3365//3056 6097//3056 6098//3056
f 3360//1896 6545//1896 6546//1896 3365//1896
f 3365//1898 6546//1898 8132//1898 6097//1898
f 3358//3057 3361//3057 3366//3057 3362//3057
f 3362//3058 3366//3058 6055//3058 6056//3058
f 3361//3059 6098//3059 6099//3059 3366//3059
f 3366//3060 6099//3060 8051//3060 6055//3060
f 3367//3061 3371//3061 3372//3061 3368//3061
f 3368//3062 3372//3062 5526//3062 5525//3062
f 3371//3063 5555//3063 5556//3063 3372//3063
f 3372//3064 5556//3064 7965//3064 5526//3064
f 3367//3065 3368//3065 3373//3065 3369//3065
f 3369//3066 3373//3066 6553//3066 6554//3066
f 3368//3067 5525//3067 5524//3067 3373//3067
f 3373//3068 5524//3068 7966//3068 6553//3068
f 3367//3069 3369//3069 3374//3069 3370//3069
f 3370//678 3374//678 6559//678 6560//678
f 3369//3070 6554//3070 6555//3070 3374//3070
f 3374//679 6555//679 8137//679 6559//679
f 3367//3071 3370//3071 3375//3071 3371//3071
f 3371//3072 3375//3072 5554//3072 5555//3072
f 3370//689 6560//689 6561//689 3375//689
f 3375//691 6561//691 8135//691 5554//691
f 3376//3073 3380//3073 3381//3073 3377//3073
f 3377//3074 3381//3074 5518//3074 5519//3074
f 3380//3075 5558//3075 5559//3075 3381//3075
f 3381//3076 5559//3076 7963//3076 5518//3076
f 3376//3077 3377//3077 3382//3077 3378//3077
f 3378//3078 3382//3078 5556//3078 5555//3078
f 3377//3079 5519//3079 5520//3079 3382//3079
f 3382//3080 5520//3080 7965//3080 5556//3080
f 3376//3081 3378//3081 3383//3081 3379//3081
f 3379//705 3383//705 6562//705 6563//705
f 3378//3082 5555//3082 5554//3082 3383//3082
f 3383//707 5554//707 8135//707 6562//707
f 3376//3083 3379//3083 3384//3083 3380//3083
f 3380//3084 3384//3084 5557//3084 5558//3084
f 3379//694 6563//694 6564//694 3384//694
f 3384//695 6564//695 8136//695 5557//695
f 3385//3085 3389//3085 3390//3085 3386//3085
f 3386//3086 3390//3086 5523//3086 5522//3086
f 3389//3087 6554//3087 6553//3087 3390//3087
f 3390//3088 6553//3088 7966//3088 5523//3088
f 3385//3089 3386//3089 3391//3089 3387//3089
f 3387//3090 3391//3090 6556//3090 6557//3090
f 3386//3091 5522//3091 5521//3091 3391//3091
f 3391//3092 5521//3092 7964//3092 6556//3092
f 3385//664 3387//664 3392//664 3388//664
f 3388//662 3392//662 6565//662 6566//662
f 3387//3093 6557//3093 6558//3093 3392//3093
f 3392//1403 6558//1403 8138//1403 6565//1403
f 3385//3094 3388//3094 3393//3094 3389//3094
f 3389//3095 3393//3095 6555//3095 6554//3095
f 3388//673 6566//673 6567//673 3393//673
f 3393//675 6567//675 8137//675 6555//675
f 3394//3096 3398//3096 3399//3096 3395//3096
f 3395//3097 3399//3097 5517//3097 5516//3097
f 3398//3098 6557//3098 6556//3098 3399//3098
f 3399//3099 6556//3099 7964//3099 5517//3099
f 3394//3100 3395//3100 3400//3100 3396//3100
f 3396//3101 3400//3101 5559//3101 5558//3101
f 3395//3102 5516//3102 5515//3102 3400//3102
f 3400//3103 5515//3103 7963//3103 5559//3103
f 3394//648 3396//648 3401//648 3397//648
f 3397//646 3401//646 6568//646 6569//646
f 3396//3104 5558//3104 5557//3104 3401//3104
f 3401//647 5557//647 8136//647 6568//647
f 3394//3105 3397//3105 3402//3105 3398//3105
f 3398//3106 3402//3106 6558//3106 6557//3106
f 3397//657 6569//657 6570//657 3402//657
f 3402//659 6570//659 8138//659 6558//659
f 3403//1453 3407//1453 3408//1453 3404//1453
f 3404//1453 3408//1453 7950//1453 7949//1453
f 3407//967 7175//967 7174//967 3408//967
f 3408//967 7174//967 8370//967 7950//967
f 3403//1456 3404//1456 3409//1456 3405//1456
f 3405//1457 3409//1457 6577//1457 6578//1457
f 3404//1456 7949//1456 7948//1456 3409//1456
f 3409//1457 7948//1457 8367//1457 6577//1457
f 3403//1456 3405//1456 3410//1456 3406//1456
f 3406//1456 3410//1456 7069//1456 7070//1456
f 3405//1457 6578//1457 6579//1457 3410//1457
f 3410//1457 6579//1457 8141//1457 7069//1457
f 3403//1453 3406//1453 3411//1453 3407//1453
f 3407//967 3411//967 7176//967 7175//967
f 3406//1453 7070//1453 7071//1453 3411//1453
f 3411//967 7071//967 8237//967 7176//967
f 3412//982 3416//982 3417//982 3413//982
f 3413//982 3417//982 7947//982 7946//982
f 3416//983 7919//983 7920//983 3417//983
f 3417//983 7920//983 8366//983 7947//983
f 3412//993 3413//993 3418//993 3414//993
f 3414//995 3418//995 7917//995 7916//995
f 3413//993 7946//993 7945//993 3418//993
f 3418//995 7945//995 8365//995 7917//995
f 3412//993 3414//993 3419//993 3415//993
f 3415//993 3419//993 6586//993 6587//993
f 3414//995 7916//995 7915//995 3419//995
f 3419//995 7915//995 8139//995 6586//995
f 3412//982 3415//982 3420//982 3416//982
f 3416//983 3420//983 7918//983 7919//983
f 3415//982 6587//982 6588//982 3420//982
f 3420//983 6588//983 8140//983 7918//983
f 3421//961 3425//961 3426//961 3422//961
f 3422//961 3426//961 7944//961 7943//961
f 3425//963 6578//963 6577//963 3426//963
f 3426//1439 6577//1439 8367//1439 7944//1439
f 3421//950 3422//950 3427//950 3423//950
f 3423//951 3427//951 6580//951 6581//951
f 3422//950 7943//950 7942//950 3427//950
f 3427//951 7942//951 8368//951 6580//951
f 3421//950 3423//950 3428//950 3424//950
f 3424//950 3428//950 6589//950 6590//950
f 3423//951 6581//951 6582//951 3428//951
f 3428//951 6582//951 8142//951 6589//951
f 3421//961 3424//961 3429//961 3425//961
f 3425//1439 3429//1439 6579//1439 6578//1439
f 3424//961 6590//961 6591//961 3429//961
f 3429//1439 6591//1439 8141//1439 6579//1439
f 3430//1159 3434//1159 3435//1159 3431//1159
f 3431//1159 3435//1159 7941//1159 7940//1159
f 3434//935 7172//935 7171//935 3435//935
f 3435//935 7171//935 8369//935 7941//935
f 3430//1163 3431//1163 3436//1163 3432//1163
f 3432//1164 3436//1164 7920//1164 7919//1164
f 3431//1163 7940//1163 7939//1163 3436//1163
f 3436//1164 7939//1164 8366//1164 7920//1164
f 3430//1163 3432//1163 3437//1163 3433//1163
f 3433//1163 3437//1163 7072//1163 7073//1163
f 3432//1164 7919//1164 7918//1164 3437//1164
f 3437//1164 7918//1164 8140//1164 7072//1164
f 3430//1159 3433//1159 3438//1159 3434//1159
f 3434//935 3438//935 7173//935 7172//935
f 3433//1159 7073//1159 7074//1159 3438//1159
f 3438//935 7074//935 8238//935 7173//935
f 3439//3107 3443//3107 3444//3107 3440//3107
f 3440//3108 3444//3108 5590//3108 5591//3108
f 3443//3109 6602//3109 6601//3109 3444//3109
f 3444//3110 6601//3110 7975//3110 5590//3110
f 3439//3111 3440//3111 3445//3111 3441//3111
f 3441//3112 3445//3112 5622//3112 5621//3112
f 3440//3113 5591//3113 5592//3113 3445//3113
f 3445//3114 5592//3114 7978//3114 5622//3114
f 3439//3115 3441//3115 3446//3115 3442//3115
f 3442//3116 3446//3116 6607//3116 6608//3116
f 3441//1051 5621//1051 5620//1051 3446//1051
f 3446//2253 5620//2253 8146//2253 6607//2253
f 3439//3117 3442//3117 3447//3117 3443//3117
f 3443//3118 3447//3118 6603//3118 6602//3118
f 3442//1045 6608//1045 6609//1045 3447//1045
f 3447//1047 6609//1047 8145//1047 6603//1047
f 3448//3119 3452//3119 3453//3119 3449//3119
f 3449//3120 3453//3120 6990//3120 6989//3120
f 3452//3121 7169//3121 7168//3121 3453//3121
f 3453//3122 7168//3122 8210//3122 6990//3122
f 3448//3123 3449//3123 3454//3123 3450//3123
f 3450//3124 3454//3124 5616//3124 5615//3124
f 3449//3125 6989//3125 6988//3125 3454//3125
f 3454//3126 6988//3126 7977//3126 5616//3126
f 3448//3127 3450//3127 3455//3127 3451//3127
f 3451//1034 3455//1034 7075//1034 7076//1034
f 3450//1035 5615//1035 5614//1035 3455//1035
f 3455//1035 5614//1035 8144//1035 7075//1035
f 3448//3128 3451//3128 3456//3128 3452//3128
f 3452//1031 3456//1031 7170//1031 7169//1031
f 3451//1029 7076//1029 7077//1029 3456//1029
f 3456//1031 7077//1031 8239//1031 7170//1031
f 3457//3129 3461//3129 3462//3129 3458//3129
f 3458//3130 3462//3130 6987//3130 6986//3130
f 3461//3131 7166//3131 7165//3131 3462//3131
f 3462//3132 7165//3132 8209//3132 6987//3132
f 3457//3133 3458//3133 3463//3133 3459//3133
f 3459//3134 3463//3134 6601//3134 6602//3134
f 3458//3135 6986//3135 6985//3135 3463//3135
f 3463//3136 6985//3136 7975//3136 6601//3136
f 3457//1018 3459//1018 3464//1018 3460//1018
f 3460//3137 3464//3137 7078//3137 7079//3137
f 3459//3138 6602//3138 6603//3138 3464//3138
f 3464//1019 6603//1019 8145//1019 7078//1019
f 3457//1013 3460//1013 3465//1013 3461//1013
f 3461//1015 3465//1015 7167//1015 7166//1015
f 3460//1013 7079//1013 7080//1013 3465//1013
f 3465//1015 7080//1015 8240//1015 7167//1015
f 3466//3139 3470//3139 3471//3139 3467//3139
f 3467//3140 3471//3140 5595//3140 5594//3140
f 3470//3141 5615//3141 5616//3141 3471//3141
f 3471//3142 5616//3142 7977//3142 5595//3142
f 3466//3143 3467//3143 3472//3143 3468//3143
f 3468//3144 3472//3144 6595//3144 6596//3144
f 3467//3145 5594//3145 5593//3145 3472//3145
f 3472//3146 5593//3146 7976//3146 6595//3146
f 3466//922 3468//922 3473//922 3469//922
f 3469//922 3473//922 6616//922 6617//922
f 3468//3147 6596//3147 6597//3147 3473//3147
f 3473//3148 6597//3148 8143//3148 6616//3148
f 3466//917 3469//917 3474//917 3470//917
f 3470//3149 3474//3149 5614//3149 5615//3149
f 3469//917 6617//917 6618//917 3474//917
f 3474//919 6618//919 8144//919 5614//919
f 3475//3150 3479//3150 3480//3150 3476//3150
f 3476//3151 3480//3151 5685//3151 5684//3151
f 3479//3152 6623//3152 6622//3152 3480//3152
f 3480//3153 6622//3153 7993//3153 5685//3153
f 3475//3154 3476//3154 3481//3154 3477//3154
f 3477//1113 3481//1113 5682//1113 5681//1113
f 3476//3155 5684//3155 5683//3155 3481//3155
f 3481//1113 5683//1113 7994//1113 5682//1113
f 3475//3156 3477//3156 3482//3156 3478//3156
f 3478//1112 3482//1112 6631//1112 6632//1112
f 3477//1113 5681//1113 5680//1113 3482//1113
f 3482//1113 5680//1113 8150//1113 6631//1113
f 3475//3157 3478//3157 3483//3157 3479//3157
f 3479//3158 3483//3158 6624//3158 6623//3158
f 3478//1107 6632//1107 6633//1107 3483//1107
f 3483//1109 6633//1109 8148//1109 6624//1109
f 3484//1091 3488//1091 3489//1091 3485//1091
f 3485//1091 3489//1091 7011//1091 7010//1091
f 3488//1093 7163//1093 7162//1093 3489//1093
f 3489//1093 7162//1093 8217//1093 7011//1093
f 3484//1096 3485//1096 3490//1096 3486//1096
f 3486//1097 3490//1097 5676//1097 5675//1097
f 3485//1096 7010//1096 7009//1096 3490//1096
f 3490//3159 7009//3159 7992//3159 5676//3159
f 3484//1096 3486//1096 3491//1096 3487//1096
f 3487//1096 3491//1096 7081//1096 7082//1096
f 3486//3160 5675//3160 5674//3160 3491//3160
f 3491//1097 5674//1097 8149//1097 7081//1097
f 3484//1091 3487//1091 3492//1091 3488//1091
f 3488//1093 3492//1093 7164//1093 7163//1093
f 3487//1091 7082//1091 7083//1091 3492//1091
f 3492//1093 7083//1093 8241//1093 7164//1093
f 3493//3161 3497//3161 3498//3161 3494//3161
f 3494//3162 3498//3162 7014//3162 7013//3162
f 3497//3163 7160//3163 7159//3163 3498//3163
f 3498//3164 7159//3164 8218//3164 7014//3164
f 3493//3165 3494//3165 3499//3165 3495//3165
f 3495//3166 3499//3166 6622//3166 6623//3166
f 3494//3167 7013//3167 7012//3167 3499//3167
f 3499//3168 7012//3168 7993//3168 6622//3168
f 3493//3169 3495//3169 3500//3169 3496//3169
f 3496//1080 3500//1080 7084//1080 7085//1080
f 3495//3170 6623//3170 6624//3170 3500//3170
f 3500//3171 6624//3171 8148//3171 7084//3171
f 3493//3172 3496//3172 3501//3172 3497//3172
f 3497//3173 3501//3173 7161//3173 7160//3173
f 3496//1075 7085//1075 7086//1075 3501//1075
f 3501//1077 7086//1077 8242//1077 7161//1077
f 3502//3174 3506//3174 3507//3174 3503//3174
f 3503//3175 3507//3175 5694//3175 5693//3175
f 3506//999 5675//999 5676//999 3507//999
f 3507//999 5676//999 7992//999 5694//999
f 3502//3176 3503//3176 3508//3176 3504//3176
f 3504//3177 3508//3177 6619//3177 6620//3177
f 3503//3178 5693//3178 5692//3178 3508//3178
f 3508//3179 5692//3179 7991//3179 6619//3179
f 3502//3180 3504//3180 3509//3180 3505//3180
f 3505//1002 3509//1002 6640//1002 6641//1002
f 3504//3181 6620//3181 6621//3181 3509//3181
f 3509//1003 6621//1003 8147//1003 6640//1003
f 3502//3182 3505//3182 3510//3182 3506//3182
f 3506//999 3510//999 5674//999 5675//999
f 3505//997 6641//997 6642//997 3510//997
f 3510//999 6642//999 8149//999 5674//999
f 3511//3183 3515//3183 3516//3183 3512//3183
f 3512//3184 3516//3184 6993//3184 6992//3184
f 3515//3185 7157//3185 7156//3185 3516//3185
f 3516//3186 7156//3186 8211//3186 6993//3186
f 3511//3187 3512//3187 3517//3187 3513//3187
f 3513//3188 3517//3188 5715//3188 5714//3188
f 3512//3189 6992//3189 6991//3189 3517//3189
f 3517//3190 6991//3190 7979//3190 5715//3190
f 3511//3191 3513//3191 3518//3191 3514//3191
f 3514//1249 3518//1249 7087//1249 7088//1249
f 3513//3192 5714//3192 5713//3192 3518//3192
f 3518//1252 5713//1252 8153//1252 7087//1252
f 3511//3193 3514//3193 3519//3193 3515//3193
f 3515//3194 3519//3194 7158//3194 7157//3194
f 3514//1247 7088//1247 7089//1247 3519//1247
f 3519//1248 7089//1248 8243//1248 7158//1248
f 3520//3195 3524//3195 3525//3195 3521//3195
f 3521//3196 3525//3196 5673//3196 5672//3196
f 3524//3197 6644//3197 6643//3197 3525//3197
f 3525//3198 6643//3198 7991//3198 5673//3198
f 3520//3199 3521//3199 3526//3199 3522//3199
f 3522//3200 3526//3200 6652//3200 6653//3200
f 3521//3201 5672//3201 5671//3201 3526//3201
f 3526//3202 5671//3202 7980//3202 6652//3202
f 3520//3203 3522//3203 3527//3203 3523//3203
f 3523//1244 3527//1244 6658//1244 6659//1244
f 3522//3204 6653//3204 6654//3204 3527//3204
f 3527//1245 6654//1245 8154//1245 6658//1245
f 3520//3205 3523//3205 3528//3205 3524//3205
f 3524//3206 3528//3206 6645//3206 6644//3206
f 3523//1242 6659//1242 6660//1242 3528//1242
f 3528//1243 6660//1243 8151//1243 6645//1243
f 3529//3207 3533//3207 3534//3207 3530//3207
f 3530//3208 3534//3208 5677//3208 5678//3208
f 3533//3209 5714//3209 5715//3209 3534//3209
f 3534//3210 5715//3210 7979//3210 5677//3210
f 3529//3211 3530//3211 3535//3211 3531//3211
f 3531//3212 3535//3212 5712//3212 5711//3212
f 3530//3213 5678//3213 5679//3213 3535//3213
f 3535//3214 5679//3214 7993//3214 5712//3214
f 3529//3215 3531//3215 3536//3215 3532//3215
f 3532//1238 3536//1238 6661//1238 6662//1238
f 3531//3216 5711//3216 5710//3216 3536//3216
f 3536//1241 5710//1241 8152//1241 6661//1241
f 3529//3217 3532//3217 3537//3217 3533//3217
f 3533//3218 3537//3218 5713//3218 5714//3218
f 3532//1236 6662//1236 6663//1236 3537//1236
f 3537//1237 6663//1237 8153//1237 5713//1237
f 3538//3219 3542//3219 3543//3219 3539//3219
f 3539//3220 3543//3220 5689//3220 5690//3220
f 3542//3221 7154//3221 7153//3221 3543//3221
f 3543//3222 7153//3222 8218//3222 5689//3222
f 3538//3223 3539//3223 3544//3223 3540//3223
f 3540//3224 3544//3224 6643//3224 6644//3224
f 3539//3225 5690//3225 5691//3225 3544//3225
f 3544//3226 5691//3226 7991//3226 6643//3226
f 3538//3227 3540//3227 3545//3227 3541//3227
f 3541//1202 3545//1202 7090//1202 7091//1202
f 3540//3228 6644//3228 6645//3228 3545//3228
f 3545//1204 6645//1204 8151//1204 7090//1204
f 3538//3229 3541//3229 3546//3229 3542//3229
f 3542//3230 3546//3230 7155//3230 7154//3230
f 3541//1200 7091//1200 7092//1200 3546//1200
f 3546//1201 7092//1201 8244//1201 7155//1201
f 3547//3231 3551//3231 3552//3231 3548//3231
f 3548//3232 3552//3232 7152//3232 7151//3232
f 3551//3233 7040//3233 7041//3233 3552//3233
f 3552//3234 7041//3234 8227//3234 7152//3234
f 3547//3235 3548//3235 3553//3235 3549//3235
f 3549//1247 3553//1247 6679//1247 6680//1247
f 3548//3236 7151//3236 7150//3236 3553//3236
f 3553//1248 7150//1248 8245//1248 6679//1248
f 3547//3237 3549//3237 3554//3237 3550//3237
f 3550//3238 3554//3238 6241//3238 6242//3238
f 3549//3239 6680//3239 6681//3239 3554//3239
f 3554//1250 6681//1250 8157//1250 6241//1250
f 3547//3240 3550//3240 3555//3240 3551//3240
f 3551//3241 3555//3241 7039//3241 7040//3241
f 3550//3242 6242//3242 6243//3242 3555//3242
f 3555//3243 6243//3243 8067//3243 7039//3243
f 3556//3244 3560//3244 3561//3244 3557//3244
f 3557//3245 3561//3245 6667//3245 6668//3245
f 3560//3246 6212//3246 6213//3246 3561//3246
f 3561//3247 6213//3247 8079//3247 6667//3247
f 3556//3248 3557//3248 3562//3248 3558//3248
f 3558//1242 3562//1242 6682//1242 6683//1242
f 3557//3249 6668//3249 6669//3249 3562//3249
f 3562//1243 6669//1243 8155//1243 6682//1243
f 3556//3250 3558//3250 3563//3250 3559//3250
f 3559//3251 3563//3251 6678//3251 6677//3251
f 3558//1244 6683//1244 6684//1244 3563//1244
f 3563//1245 6684//1245 8158//1245 6678//1245
f 3556//3252 3559//3252 3564//3252 3560//3252
f 3560//3253 3564//3253 6211//3253 6212//3253
f 3559//3254 6677//3254 6676//3254 3564//3254
f 3564//3255 6676//3255 8068//3255 6211//3255
f 3565//3256 3569//3256 3570//3256 3566//3256
f 3566//3257 3570//3257 6243//3257 6242//3257
f 3569//3258 6218//3258 6217//3258 3570//3258
f 3570//3259 6217//3259 8067//3259 6243//3259
f 3565//3260 3566//3260 3571//3260 3567//3260
f 3567//1236 3571//1236 6685//1236 6686//1236
f 3566//3261 6242//3261 6241//3261 3571//3261
f 3571//1237 6241//1237 8157//1237 6685//1237
f 3565//3262 3567//3262 3572//3262 3568//3262
f 3568//3263 3572//3263 6238//3263 6239//3263
f 3567//1238 6686//1238 6687//1238 3572//1238
f 3572//1241 6687//1241 8156//1241 6238//1241
f 3565//3264 3568//3264 3573//3264 3569//3264
f 3569//3265 3573//3265 6219//3265 6218//3265
f 3568//3266 6239//3266 6240//3266 3573//3266
f 3573//3267 6240//3267 8081//3267 6219//3267
f 3574//3268 3578//3268 3579//3268 3575//3268
f 3575//3269 3579//3269 7149//3269 7148//3269
f 3578//3270 6230//3270 6229//3270 3579//3270
f 3579//3271 6229//3271 8234//3271 7149//3271
f 3574//3272 3575//3272 3580//3272 3576//3272
f 3576//1200 3580//1200 6688//1200 6689//1200
f 3575//3273 7148//3273 7147//3273 3580//3273
f 3580//1201 7147//1201 8246//1201 6688//1201
f 3574//3274 3576//3274 3581//3274 3577//3274
f 3577//3275 3581//3275 6669//3275 6668//3275
f 3576//1202 6689//1202 6690//1202 3581//1202
f 3581//1204 6690//1204 8155//1204 6669//1204
f 3574//3276 3577//3276 3582//3276 3578//3276
f 3578//3277 3582//3277 6231//3277 6230//3277
f 3577//3278 6668//3278 6667//3278 3582//3278
f 3582//3279 6667//3279 8079//3279 6231//3279
f 3583//3111 3587//3111 3588//3111 3584//3111
f 3584//3112 3588//3112 6697//3112 6698//3112
f 3587//3113 6131//3113 6130//3113 3588//3113
f 3588//3114 6130//3114 8063//3114 6697//3114
f 3583//3115 3584//3115 3589//3115 3585//3115
f 3585//1050 3589//1050 6703//1050 6704//1050
f 3584//1051 6698//1051 6699//1051 3589//1051
f 3589//2253 6699//2253 8161//2253 6703//2253
f 3583//3117 3585//3117 3590//3117 3586//3117
f 3586//3118 3590//3118 6160//3118 6161//3118
f 3585//1045 6704//1045 6705//1045 3590//1045
f 3590//1047 6705//1047 8162//1047 6160//1047
f 3583//3107 3586//3107 3591//3107 3587//3107
f 3587//3108 3591//3108 6132//3108 6131//3108
f 3586//3109 6161//3109 6162//3109 3591//3109
f 3591//3110 6162//3110 8066//3110 6132//3110
f 3592//3280 3596//3280 3597//3280 3593//3280
f 3593//3131 3597//3131 7146//3131 7145//3131
f 3596//3281 7037//3281 7038//3281 3597//3281
f 3597//3132 7038//3132 8226//3132 7146//3132
f 3592//3282 3593//3282 3598//3282 3594//3282
f 3594//2238 3598//2238 6706//2238 6707//2238
f 3593//1015 7145//1015 7144//1015 3598//1015
f 3598//1015 7144//1015 8247//1015 6706//1015
f 3592//3283 3594//3283 3599//3283 3595//3283
f 3595//2250 3599//2250 6154//2250 6155//2250
f 3594//2248 6707//2248 6708//2248 3599//2248
f 3599//2250 6708//2250 8160//2250 6154//2250
f 3592//3284 3595//3284 3600//3284 3596//3284
f 3596//3285 3600//3285 7036//3285 7037//3285
f 3595//3286 6155//3286 6156//3286 3600//3286
f 3600//3287 6156//3287 8065//3287 7036//3287
f 3601//3288 3605//3288 3606//3288 3602//3288
f 3602//3121 3606//3121 7143//3121 7142//3121
f 3605//3289 7034//3289 7035//3289 3606//3289
f 3606//3122 7035//3122 8225//3122 7143//3122
f 3601//2223 3602//2223 3607//2223 3603//2223
f 3603//2223 3607//2223 6709//2223 6710//2223
f 3602//1031 7142//1031 7141//1031 3607//1031
f 3607//1031 7141//1031 8248//1031 6709//1031
f 3601//2233 3603//2233 3608//2233 3604//2233
f 3604//2235 3608//2235 6699//2235 6698//2235
f 3603//2233 6710//2233 6711//2233 3608//2233
f 3608//2235 6711//2235 8161//2235 6699//2235
f 3601//3290 3604//3290 3609//3290 3605//3290
f 3605//3291 3609//3291 7033//3291 7034//3291
f 3604//3292 6698//3292 6697//3292 3609//3292
f 3609//3293 6697//3293 8063//3293 7033//3293
f 3610//3143 3614//3143 3615//3143 3611//3143
f 3611//3294 3615//3294 6156//3294 6155//3294
f 3614//3145 6134//3145 6135//3145 3615//3145
f 3615//3295 6135//3295 8065//3295 6156//3295
f 3610//922 3611//922 3616//922 3612//922
f 3612//922 3616//922 6712//922 6713//922
f 3611//3147 6155//3147 6154//3147 3616//3147
f 3616//3148 6154//3148 8160//3148 6712//3148
f 3610//917 3612//917 3617//917 3613//917
f 3613//3149 3617//3149 6693//3149 6692//3149
f 3612//917 6713//917 6714//917 3617//917
f 3617//919 6714//919 8159//919 6693//919
f 3610//3139 3613//3139 3618//3139 3614//3139
f 3614//3140 3618//3140 6133//3140 6134//3140
f 3613//3296 6692//3296 6691//3296 3618//3296
f 3618//3142 6691//3142 8064//3142 6133//3142
f 3619//3297 3623//3297 3624//3297 3620//3297
f 3620//3298 3624//3298 6718//3298 6719//3298
f 3623//3299 6224//3299 6225//3299 3624//3299
f 3624//3300 6225//3300 8081//3300 6718//3300
f 3619//3301 3620//3301 3625//3301 3621//3301
f 3621//1112 3625//1112 6727//1112 6728//1112
f 3620//3302 6719//3302 6720//3302 3625//3302
f 3625//1113 6720//1113 8164//1113 6727//1113
f 3619//3303 3621//3303 3626//3303 3622//3303
f 3622//1109 3626//1109 6220//1109 6221//1109
f 3621//1107 6728//1107 6729//1107 3626//1107
f 3626//1109 6729//1109 8166//1109 6220//1109
f 3619//3304 3622//3304 3627//3304 3623//3304
f 3623//3305 3627//3305 6223//3305 6224//3305
f 3622//1109 6221//1109 6222//1109 3627//1109
f 3627//3306 6222//3306 8082//3306 6223//3306
f 3628//2291 3632//2291 3633//2291 3629//2291
f 3629//1077 3633//1077 7140//1077 7139//1077
f 3632//2291 7058//2291 7059//2291 3633//2291
f 3633//1077 7059//1077 8233//1077 7140//1077
f 3628//2291 3629//2291 3634//2291 3630//2291
f 3630//2291 3634//2291 6730//2291 6731//2291
f 3629//1077 7139//1077 7138//1077 3634//1077
f 3634//1077 7138//1077 8249//1077 6730//1077
f 3628//2301 3630//2301 3635//2301 3631//2301
f 3631//2303 3635//2303 6214//2303 6215//2303
f 3630//2301 6731//2301 6732//2301 3635//2301
f 3635//2303 6732//2303 8165//2303 6214//2303
f 3628//2301 3631//2301 3636//2301 3632//2301
f 3632//2301 3636//2301 7057//2301 7058//2301
f 3631//2303 6215//2303 6216//2303 3636//2303
f 3636//2303 6216//2303 8080//2303 7057//2303
f 3637//3307 3641//3307 3642//3307 3638//3307
f 3638//3308 3642//3308 7137//3308 7136//3308
f 3641//3309 7061//3309 7062//3309 3642//3309
f 3642//3310 7062//3310 8234//3310 7137//3310
f 3637//3311 3638//3311 3643//3311 3639//3311
f 3639//2278 3643//2278 6733//2278 6734//2278
f 3638//3312 7136//3312 7135//3312 3643//3312
f 3643//1093 7135//1093 8250//1093 6733//1093
f 3637//3313 3639//3313 3644//3313 3640//3313
f 3640//3314 3644//3314 6720//3314 6719//3314
f 3639//3315 6734//3315 6735//3315 3644//3315
f 3644//2289 6735//2289 8164//2289 6720//2289
f 3637//3316 3640//3316 3645//3316 3641//3316
f 3641//3317 3645//3317 7060//3317 7061//3317
f 3640//3318 6719//3318 6718//3318 3645//3318
f 3645//3319 6718//3319 8081//3319 7060//3319
f 3646//3320 3650//3320 3651//3320 3647//3320
f 3647//1003 3651//1003 6216//1003 6215//1003
f 3650//3321 6233//3321 6234//3321 3651//3321
f 3651//1003 6234//1003 8080//1003 6216//1003
f 3646//3322 3647//3322 3652//3322 3648//3322
f 3648//1002 3652//1002 6736//1002 6737//1002
f 3647//1003 6215//1003 6214//1003 3652//1003
f 3652//1003 6214//1003 8165//1003 6736//1003
f 3646//3323 3648//3323 3653//3323 3649//3323
f 3649//3324 3653//3324 6717//3324 6716//3324
f 3648//997 6737//997 6738//997 3653//997
f 3653//999 6738//999 8163//999 6717//999
f 3646//3325 3649//3325 3654//3325 3650//3325
f 3650//3326 3654//3326 6232//3326 6233//3326
f 3649//3327 6716//3327 6715//3327 3654//3327
f 3654//3328 6715//3328 8079//3328 6232//3328
f 3655//3329 3659//3329 3660//3329 3656//3329
f 3656//3330 3660//3330 5733//3330 5732//3330
f 3659//3331 6743//3331 6742//3331 3660//3331
f 3660//3332 6742//3332 7997//3332 5733//3332
f 3655//3333 3656//3333 3661//3333 3657//3333
f 3657//3334 3661//3334 5730//3334 5729//3334
f 3656//3335 5732//3335 5731//3335 3661//3335
f 3661//3336 5731//3336 7998//3336 5730//3336
f 3655//3337 3657//3337 3662//3337 3658//3337
f 3658//826 3662//826 6751//826 6752//826
f 3657//3338 5729//3338 5728//3338 3662//3338
f 3662//827 5728//827 8170//827 6751//827
f 3655//3339 3658//3339 3663//3339 3659//3339
f 3659//3340 3663//3340 6744//3340 6743//3340
f 3658//821 6752//821 6753//821 3663//821
f 3663//823 6753//823 8168//823 6744//823
f 3664//3341 3668//3341 3669//3341 3665//3341
f 3665//3342 3669//3342 5736//3342 5735//3342
f 3668//3343 5729//3343 5730//3343 3669//3343
f 3669//3344 5730//3344 7998//3344 5736//3344
f 3664//3345 3665//3345 3670//3345 3666//3345
f 3666//811 3670//811 5724//811 5723//811
f 3665//3346 5735//3346 5734//3346 3670//3346
f 3670//811 5734//811 7996//811 5724//811
f 3664//3347 3666//3347 3671//3347 3667//3347
f 3667//810 3671//810 6754//810 6755//810
f 3666//811 5723//811 5722//811 3671//811
f 3671//811 5722//811 8169//811 6754//811
f 3664//3348 3667//3348 3672//3348 3668//3348
f 3668//3349 3672//3349 5728//3349 5729//3349
f 3667//805 6755//805 6756//805 3672//805
f 3672//807 6756//807 8170//807 5728//807
f 3673//3350 3677//3350 3678//3350 3674//3350
f 3674//3351 3678//3351 5739//3351 5738//3351
f 3677//791 6740//791 6739//791 3678//791
f 3678//791 6739//791 7995//791 5739//791
f 3673//3352 3674//3352 3679//3352 3675//3352
f 3675//3353 3679//3353 6742//3353 6743//3353
f 3674//3354 5738//3354 5737//3354 3679//3354
f 3679//3355 5737//3355 7997//3355 6742//3355
f 3673//3356 3675//3356 3680//3356 3676//3356
f 3676//794 3680//794 6757//794 6758//794
f 3675//3357 6743//3357 6744//3357 3680//3357
f 3680//795 6744//795 8168//795 6757//795
f 3673//3358 3676//3358 3681//3358 3677//3358
f 3677//791 3681//791 6741//791 6740//791
f 3676//789 6758//789 6759//789 3681//789
f 3681//791 6759//791 8167//791 6741//791
f 3682//709 3686//709 3687//709 3683//709
f 3683//709 3687//709 5742//709 5741//709
f 3686//711 5723//711 5724//711 3687//711
f 3687//711 5724//711 7996//711 5742//711
f 3682//714 3683//714 3688//714 3684//714
f 3684//715 3688//715 6739//715 6740//715
f 3683//714 5741//714 5740//714 3688//714
f 3688//715 5740//715 7995//715 6739//715
f 3682//714 3684//714 3689//714 3685//714
f 3685//714 3689//714 6760//714 6761//714
f 3684//715 6740//715 6741//715 3689//715
f 3689//715 6741//715 8167//715 6760//715
f 3682//709 3685//709 3690//709 3686//709
f 3686//711 3690//711 5722//711 5723//711
f 3685//709 6761//709 6762//709 3690//709
f 3690//711 6762//711 8169//711 5722//711
f 3691//3359 3695//3359 3696//3359 3692//3359
f 3692//3360 3696//3360 5482//3360 5483//3360
f 3695//3361 6770//3361 6769//3361 3696//3361
f 3696//3362 6769//3362 7955//3362 5482//3362
f 3691//3363 3692//3363 3697//3363 3693//3363
f 3693//3364 3697//3364 5514//3364 5513//3364
f 3692//3365 5483//3365 5484//3365 3697//3365
f 3697//3366 5484//3366 7958//3366 5514//3366
f 3691//3367 3693//3367 3698//3367 3694//3367
f 3694//762 3698//762 6775//762 6776//762
f 3693//3368 5513//3368 5512//3368 3698//3368
f 3698//763 5512//763 8174//763 6775//763
f 3691//3369 3694//3369 3699//3369 3695//3369
f 3695//3370 3699//3370 6771//3370 6770//3370
f 3694//757 6776//757 6777//757 3699//757
f 3699//759 6777//759 8173//759 6771//759
f 3700//3371 3704//3371 3705//3371 3701//3371
f 3701//3372 3705//3372 5490//3372 5489//3372
f 3704//3373 5513//3373 5514//3373 3705//3373
f 3705//3374 5514//3374 7958//3374 5490//3374
f 3700//3375 3701//3375 3706//3375 3702//3375
f 3702//3376 3706//3376 5508//3376 5507//3376
f 3701//3377 5489//3377 5488//3377 3706//3377
f 3706//3378 5488//3378 7957//3378 5508//3378
f 3700//3379 3702//3379 3707//3379 3703//3379
f 3703//746 3707//746 6778//746 6779//746
f 3702//3380 5507//3380 5506//3380 3707//3380
f 3707//747 5506//747 8172//747 6778//747
f 3700//3381 3703//3381 3708//3381 3704//3381
f 3704//3382 3708//3382 5512//3382 5513//3382
f 3703//3383 6779//3383 6780//3383 3708//3383
f 3708//743 6780//743 8174//743 5512//743
f 3709//3384 3713//3384 3714//3384 3710//3384
f 3710//3385 3714//3385 5481//3385 5480//3385
f 3713//3386 6764//3386 6763//3386 3714//3386
f 3714//3387 6763//3387 7956//3387 5481//3387
f 3709//3388 3710//3388 3715//3388 3711//3388
f 3711//3389 3715//3389 6769//3389 6770//3389
f 3710//3390 5480//3390 5479//3390 3715//3390
f 3715//3391 5479//3391 7955//3391 6769//3391
f 3709//3392 3711//3392 3716//3392 3712//3392
f 3712//3393 3716//3393 6781//3393 6782//3393
f 3711//3394 6770//3394 6771//3394 3716//3394
f 3716//731 6771//731 8173//731 6781//731
f 3709//3395 3712//3395 3717//3395 3713//3395
f 3713//3396 3717//3396 6765//3396 6764//3396
f 3712//725 6782//725 6783//725 3717//725
f 3717//727 6783//727 8171//727 6765//727
f 3718//3397 3722//3397 3723//3397 3719//3397
f 3719//3398 3723//3398 5487//3398 5486//3398
f 3722//3399 5507//3399 5508//3399 3723//3399
f 3723//3400 5508//3400 7957//3400 5487//3400
f 3718//3401 3719//3401 3724//3401 3720//3401
f 3720//3402 3724//3402 6763//3402 6764//3402
f 3719//3403 5486//3403 5485//3403 3724//3403
f 3724//3404 5485//3404 7956//3404 6763//3404
f 3718//3405 3720//3405 3725//3405 3721//3405
f 3721//634 3725//634 6784//634 6785//634
f 3720//3406 6764//3406 6765//3406 3725//3406
f 3725//635 6765//635 8171//635 6784//635
f 3718//3407 3721//3407 3726//3407 3722//3407
f 3722//3408 3726//3408 5506//3408 5507//3408
f 3721//629 6785//629 6786//629 3726//629
f 3726//631 6786//631 8172//631 5506//631
f 3727//3409 3731//3409 3732//3409 3728//3409
f 3728//3410 3732//3410 5748//3410 5747//3410
f 3731//3411 6794//3411 6793//3411 3732//3411
f 3732//3412 6793//3412 8000//3412 5748//3412
f 3727//3413 3728//3413 3733//3413 3729//3413
f 3729//3414 3733//3414 5790//3414 5789//3414
f 3728//3415 5747//3415 5746//3415 3733//3415
f 3733//3416 5746//3416 8001//3416 5790//3416
f 3727//3417 3729//3417 3734//3417 3730//3417
f 3730//3415 3734//3415 6799//3415 6800//3415
f 3729//3418 5789//3418 5788//3418 3734//3418
f 3734//3419 5788//3419 8178//3419 6799//3419
f 3727//3420 3730//3420 3735//3420 3731//3420
f 3731//3412 3735//3412 6795//3412 6794//3412
f 3730//3410 6800//3410 6801//3410 3735//3410
f 3735//3421 6801//3421 8177//3421 6795//3421
f 3736//3422 3740//3422 3741//3422 3737//3422
f 3737//3422 3741//3422 5752//3422 5753//3422
f 3740//3423 5789//3423 5790//3423 3741//3423
f 3741//3424 5790//3424 8001//3424 5752//3424
f 3736//3425 3737//3425 3742//3425 3738//3425
f 3738//3426 3742//3426 5784//3426 5783//3426
f 3737//3427 5753//3427 5754//3427 3742//3427
f 3742//3428 5754//3428 8002//3428 5784//3428
f 3736//3429 3738//3429 3743//3429 3739//3429
f 3739//3425 3743//3425 6802//3425 6803//3425
f 3738//3426 5783//3426 5782//3426 3743//3426
f 3743//3428 5782//3428 8176//3428 6802//3428
f 3736//3430 3739//3430 3744//3430 3740//3430
f 3740//3423 3744//3423 5788//3423 5789//3423
f 3739//3422 6803//3422 6804//3422 3744//3422
f 3744//3423 6804//3423 8178//3423 5788//3423
f 3745//3431 3749//3431 3750//3431 3746//3431
f 3746//3431 3750//3431 5743//3431 5744//3431
f 3749//1335 6788//1335 6787//1335 3750//1335
f 3750//3432 6787//3432 7999//3432 5743//3432
f 3745//3433 3746//3433 3751//3433 3747//3433
f 3747//3434 3751//3434 6793//3434 6794//3434
f 3746//3435 5744//3435 5745//3435 3751//3435
f 3751//3436 5745//3436 8000//3436 6793//3436
f 3745//3435 3747//3435 3752//3435 3748//3435
f 3748//3435 3752//3435 6805//3435 6806//3435
f 3747//3437 6794//3437 6795//3437 3752//3437
f 3752//3434 6795//3434 8177//3434 6805//3434
f 3745//3431 3748//3431 3753//3431 3749//3431
f 3749//3438 3753//3438 6789//3438 6788//3438
f 3748//3431 6806//3431 6807//3431 3753//3431
f 3753//3439 6807//3439 8175//3439 6789//3439
f 3754//3440 3758//3440 3759//3440 3755//3440
f 3755//3440 3759//3440 5751//3440 5750//3440
f 3758//3441 5783//3441 5784//3441 3759//3441
f 3759//3442 5784//3442 8002//3442 5751//3442
f 3754//3443 3755//3443 3760//3443 3756//3443
f 3756//3444 3760//3444 6787//3444 6788//3444
f 3755//3445 5750//3445 5749//3445 3760//3445
f 3760//3446 5749//3446 7999//3446 6787//3446
f 3754//3443 3756//3443 3761//3443 3757//3443
f 3757//3447 3761//3447 6808//3447 6809//3447
f 3756//3448 6788//3448 6789//3448 3761//3448
f 3761//3444 6789//3444 8175//3444 6808//3444
f 3754//3449 3757//3449 3762//3449 3758//3449
f 3758//3450 3762//3450 5782//3450 5783//3450
f 3757//3449 6809//3449 6810//3449 3762//3449
f 3762//3451 6810//3451 8176//3451 5782//3451
f 3763//3452 3767//3452 3768//3452 3764//3452
f 3764//3453 3768//3453 6817//3453 6818//3453
f 3767//3454 6023//3454 6022//3454 3768//3454
f 3768//3455 6022//3455 8043//3455 6817//3455
f 3763//3456 3764//3456 3769//3456 3765//3456
f 3765//3457 3769//3457 6823//3457 6824//3457
f 3764//3458 6818//3458 6819//3458 3769//3458
f 3769//2010 6819//2010 8181//2010 6823//2010
f 3763//3459 3765//3459 3770//3459 3766//3459
f 3766//3460 3770//3460 6052//3460 6053//3460
f 3765//2020 6824//2020 6825//2020 3770//2020
f 3770//2022 6825//2022 8182//2022 6052//2022
f 3763//3461 3766//3461 3771//3461 3767//3461
f 3767//3462 3771//3462 6024//3462 6023//3462
f 3766//3463 6053//3463 6054//3463 3771//3463
f 3771//3464 6054//3464 8046//3464 6024//3464
f 3772//3465 3776//3465 3777//3465 3773//3465
f 3773//3466 3777//3466 6054//3466 6053//3466
f 3776//3467 6029//3467 6030//3467 3777//3467
f 3777//3468 6030//3468 8046//3468 6054//3468
f 3772//3469 3773//3469 3778//3469 3774//3469
f 3774//3470 3778//3470 6826//3470 6827//3470
f 3773//3471 6053//3471 6052//3471 3778//3471
f 3778//1994 6052//1994 8182//1994 6826//1994
f 3772//3472 3774//3472 3779//3472 3775//3472
f 3775//3473 3779//3473 6046//3473 6047//3473
f 3774//2004 6827//2004 6828//2004 3779//2004
f 3779//2006 6828//2006 8180//2006 6046//2006
f 3772//3474 3775//3474 3780//3474 3776//3474
f 3776//3475 3780//3475 6028//3475 6029//3475
f 3775//3476 6047//3476 6048//3476 3780//3476
f 3780//3477 6048//3477 8045//3477 6028//3477
f 3781//3478 3785//3478 3786//3478 3782//3478
f 3782//3479 3786//3479 6811//3479 6812//3479
f 3785//3480 6020//3480 6021//3480 3786//3480
f 3786//3481 6021//3481 8044//3481 6811//3481
f 3781//3482 3782//3482 3787//3482 3783//3482
f 3783//1977 3787//1977 6829//1977 6830//1977
f 3782//3483 6812//3483 6813//3483 3787//3483
f 3787//1978 6813//1978 8179//1978 6829//1978
f 3781//3484 3783//3484 3788//3484 3784//3484
f 3784//3485 3788//3485 6819//3485 6818//3485
f 3783//1988 6830//1988 6831//1988 3788//1988
f 3788//1990 6831//1990 8181//1990 6819//1990
f 3781//3486 3784//3486 3789//3486 3785//3486
f 3785//3487 3789//3487 6019//3487 6020//3487
f 3784//3488 6818//3488 6817//3488 3789//3488
f 3789//3489 6817//3489 8043//3489 6019//3489
f 3790//3490 3794//3490 3795//3490 3791//3490
f 3791//3491 3795//3491 6048//3491 6047//3491
f 3794//3492 6026//3492 6027//3492 3795//3492
f 3795//3493 6027//3493 8045//3493 6048//3493
f 3790//3494 3791//3494 3796//3494 3792//3494
f 3792//1881 3796//1881 6832//1881 6833//1881
f 3791//3495 6047//3495 6046//3495 3796//3495
f 3796//1882 6046//1882 8180//1882 6832//1882
f 3790//3496 3792//3496 3797//3496 3793//3496
f 3793//3497 3797//3497 6813//3497 6812//3497
f 3792//1892 6833//1892 6834//1892 3797//1892
f 3797//1894 6834//1894 8179//1894 6813//1894
f 3790//3498 3793//3498 3798//3498 3794//3498
f 3794//3499 3798//3499 6025//3499 6026//3499
f 3793//3500 6812//3500 6811//3500 3798//3500
f 3798//3501 6811//3501 8044//3501 6025//3501
f 3799//3502 3803//3502 3804//3502 3800//3502
f 3800//3503 3804//3503 6838//3503 6839//3503
f 3803//3504 6260//3504 6261//3504 3804//3504
f 3804//3505 6261//3505 8089//3505 6838//3505
f 3799//3506 3800//3506 3805//3506 3801//3506
f 3801//2073 3805//2073 6847//2073 6848//2073
f 3800//3507 6839//3507 6840//3507 3805//3507
f 3805//2074 6840//2074 8184//2074 6847//2074
f 3799//3508 3801//3508 3806//3508 3802//3508
f 3802//3509 3806//3509 6256//3509 6257//3509
f 3801//2084 6848//2084 6849//2084 3806//2084
f 3806//2086 6849//2086 8186//2086 6256//2086
f 3799//3510 3802//3510 3807//3510 3803//3510
f 3803//3511 3807//3511 6259//3511 6260//3511
f 3802//3512 6257//3512 6258//3512 3807//3512
f 3807//3513 6258//3513 8090//3513 6259//3513
f 3808//3514 3812//3514 3813//3514 3809//3514
f 3809//3515 3813//3515 6258//3515 6257//3515
f 3812//3516 6263//3516 6264//3516 3813//3516
f 3813//3517 6264//3517 8090//3517 6258//3517
f 3808//3518 3809//3518 3814//3518 3810//3518
f 3810//2057 3814//2057 6850//2057 6851//2057
f 3809//3519 6257//3519 6256//3519 3814//3519
f 3814//2058 6256//2058 8186//2058 6850//2058
f 3808//3520 3810//3520 3815//3520 3811//3520
f 3811//2070 3815//2070 6250//2070 6251//2070
f 3810//2068 6851//2068 6852//2068 3815//2068
f 3815//2070 6852//2070 8185//2070 6250//2070
f 3808//3521 3811//3521 3816//3521 3812//3521
f 3812//3522 3816//3522 6262//3522 6263//3522
f 3811//2070 6251//2070 6252//2070 3816//2070
f 3816//2070 6252//2070 8088//2070 6262//2070
f 3817//3523 3821//3523 3822//3523 3818//3523
f 3818//2042 3822//2042 6835//2042 6836//2042
f 3821//3524 6266//3524 6267//3524 3822//3524
f 3822//2042 6267//2042 8087//2042 6835//2042
f 3817//3525 3818//3525 3823//3525 3819//3525
f 3819//2041 3823//2041 6853//2041 6854//2041
f 3818//2042 6836//2042 6837//2042 3823//2042
f 3823//2042 6837//2042 8183//2042 6853//2042
f 3817//3526 3819//3526 3824//3526 3820//3526
f 3820//3527 3824//3527 6840//3527 6839//3527
f 3819//2052 6854//2052 6855//2052 3824//2052
f 3824//2054 6855//2054 8184//2054 6840//2054
f 3817//3528 3820//3528 3825//3528 3821//3528
f 3821//3529 3825//3529 6265//3529 6266//3529
f 3820//3530 6839//3530 6838//3530 3825//3530
f 3825//3531 6838//3531 8089//3531 6265//3531
f 3826//1961 3830//1961 3831//1961 3827//1961
f 3827//1962 3831//1962 6252//1962 6251//1962
f 3830//1961 6269//1961 6270//1961 3831//1961
f 3831//1962 6270//1962 8088//1962 6252//1962
f 3826//1961 3827//1961 3832//1961 3828//1961
f 3828//1961 3832//1961 6856//1961 6857//1961
f 3827//1962 6251//1962 6250//1962 3832//1962
f 3832//1962 6250//1962 8185//1962 6856//1962
f 3826//1972 3828//1972 3833//1972 3829//1972
f 3829//1974 3833//1974 6837//1974 6836//1974
f 3828//1972 6857//1972 6858//1972 3833//1972
f 3833//1974 6858//1974 8183//1974 6837//1974
f 3826//1972 3829//1972 3834//1972 3830//1972
f 3830//1972 3834//1972 6268//1972 6269//1972
f 3829//1974 6836//1974 6835//1974 3834//1974
f 3834//1974 6835//1974 8087//1974 6268//1974
f 3835//3532 3839//3532 3840//3532 3836//3532
f 3836//3533 3840//3533 6865//3533 6866//3533
f 3839//3534 6275//3534 6276//3534 3840//3534
f 3840//3533 6276//3533 8092//3533 6865//3533
f 3835//3532 3836//3532 3841//3532 3837//3532
f 3837//3535 3841//3535 6871//3535 6872//3535
f 3836//3536 6866//3536 6867//3536 3841//3536
f 3841//3533 6867//3533 8189//3533 6871//3533
f 3835//3537 3837//3537 3842//3537 3838//3537
f 3838//2406 3842//2406 6316//2406 6317//2406
f 3837//3537 6872//3537 6873//3537 3842//3537
f 3842//3538 6873//3538 8190//3538 6316//3538
f 3835//3539 3838//3539 3843//3539 3839//3539
f 3839//3540 3843//3540 6274//3540 6275//3540
f 3838//3538 6317//3538 6318//3538 3843//3538
f 3843//3538 6318//3538 8093//3538 6274//3538
f 3844//3541 3848//3541 3849//3541 3845//3541
f 3845//2476 3849//2476 6318//2476 6317//2476
f 3848//3541 6281//3541 6280//3541 3849//3541
f 3849//2476 6280//2476 8093//2476 6318//2476
f 3844//3542 3845//3542 3850//3542 3846//3542
f 3846//3541 3850//3541 6874//3541 6875//3541
f 3845//2476 6317//2476 6316//2476 3850//2476
f 3850//2476 6316//2476 8190//2476 6874//2476
f 3844//3543 3846//3543 3851//3543 3847//3543
f 3847//3544 3851//3544 6310//3544 6311//3544
f 3846//3545 6875//3545 6876//3545 3851//3545
f 3851//2480 6876//2480 8188//2480 6310//2480
f 3844//3543 3847//3543 3852//3543 3848//3543
f 3848//3545 3852//3545 6282//3545 6281//3545
f 3847//2480 6311//2480 6312//2480 3852//2480
f 3852//3544 6312//3544 8094//3544 6282//3544
f 3853//2490 3857//2490 3858//2490 3854//2490
f 3854//2492 3858//2492 6859//2492 6860//2492
f 3857//2490 6272//2490 6271//2490 3858//2490
f 3858//3546 6271//3546 8091//3546 6859//3546
f 3853//2490 3854//2490 3859//2490 3855//2490
f 3855//3547 3859//3547 6877//3547 6878//3547
f 3854//3548 6860//3548 6861//3548 3859//3548
f 3859//3549 6861//3549 8187//3549 6877//3549
f 3853//2495 3855//2495 3860//2495 3856//2495
f 3856//3550 3860//3550 6867//3550 6866//3550
f 3855//2495 6878//2495 6879//2495 3860//2495
f 3860//3551 6879//3551 8189//3551 6867//3551
f 3853//2495 3856//2495 3861//2495 3857//2495
f 3857//3552 3861//3552 6273//3552 6272//3552
f 3856//3550 6866//3550 6865//3550 3861//3550
f 3861//3550 6865//3550 8092//3550 6273//3550
f 3862//3553 3866//3553 3867//3553 3863//3553
f 3863//2508 3867//2508 6312//2508 6311//2508
f 3866//2506 6278//2506 6279//2506 3867//2506
f 3867//2508 6279//2508 8094//2508 6312//2508
f 3862//3553 3863//3553 3868//3553 3864//3553
f 3864//3554 3868//3554 6880//3554 6881//3554
f 3863//3555 6311//3555 6310//3555 3868//3555
f 3868//2508 6310//2508 8188//2508 6880//2508
f 3862//3556 3864//3556 3869//3556 3865//3556
f 3865//2512 3869//2512 6861//2512 6860//2512
f 3864//3557 6881//3557 6882//3557 3869//3557
f 3869//3558 6882//3558 8187//3558 6861//3558
f 3862//3559 3865//3559 3870//3559 3866//3559
f 3866//2511 3870//2511 6277//2511 6278//2511
f 3865//2512 6860//2512 6859//2512 3870//2512
f 3870//2512 6859//2512 8091//2512 6277//2512
f 3871//3560 3875//3560 3876//3560 3872//3560
f 3872//3561 3876//3561 6022//3561 6023//3561
f 3875//3562 6002//3562 6003//3562 3876//3562
f 3876//3563 6003//3563 8043//3563 6022//3563
f 3871//3564 3872//3564 3877//3564 3873//3564
f 3873//3565 3877//3565 6018//3565 6017//3565
f 3872//3566 6023//3566 6024//3566 3877//3566
f 3877//3567 6024//3567 8046//3567 6018//3567
f 3871//3568 3873//3568 3878//3568 3874//3568
f 3874//1949 3878//1949 6895//1949 6896//1949
f 3873//3569 6017//3569 6016//3569 3878//3569
f 3878//1950 6016//1950 8194//1950 6895//1950
f 3871//3570 3874//3570 3879//3570 3875//3570
f 3875//3571 3879//3571 6001//3571 6002//3571
f 3874//1944 6896//1944 6897//1944 3879//1944
f 3879//1946 6897//1946 8191//1946 6001//1946
f 3880//3572 3884//3572 3885//3572 3881//3572
f 3881//3573 3885//3573 6010//3573 6011//3573
f 3884//3574 6890//3574 6889//3574 3885//3574
f 3885//3575 6889//3575 8041//3575 6010//3575
f 3880//3576 3881//3576 3886//3576 3882//3576
f 3882//3577 3886//3577 6892//3577 6893//3577
f 3881//3578 6011//3578 6012//3578 3886//3578
f 3886//3579 6012//3579 8042//3579 6892//3579
f 3880//3580 3882//3580 3887//3580 3883//3580
f 3883//1933 3887//1933 6898//1933 6899//1933
f 3882//3581 6893//3581 6894//3581 3887//3581
f 3887//1934 6894//1934 8194//1934 6898//1934
f 3880//3582 3883//3582 3888//3582 3884//3582
f 3884//3583 3888//3583 6891//3583 6890//3583
f 3883//1928 6899//1928 6900//1928 3888//1928
f 3888//1930 6900//1930 8193//1930 6891//1930
f 3889//3584 3893//3584 3894//3584 3890//3584
f 3890//3585 3894//3585 6004//3585 6005//3585
f 3893//3586 6887//3586 6886//3586 3894//3586
f 3894//3587 6886//3587 8040//3587 6004//3587
f 3889//3588 3890//3588 3895//3588 3891//3588
f 3891//3589 3895//3589 6889//3589 6890//3589
f 3890//3590 6005//3590 6006//3590 3895//3590
f 3895//3591 6006//3591 8041//3591 6889//3591
f 3889//3592 3891//3592 3896//3592 3892//3592
f 3892//1917 3896//1917 6901//1917 6902//1917
f 3891//3593 6890//3593 6891//3593 3896//3593
f 3896//1918 6891//1918 8193//1918 6901//1918
f 3889//3594 3892//3594 3897//3594 3893//3594
f 3893//3595 3897//3595 6888//3595 6887//3595
f 3892//1912 6902//1912 6903//1912 3897//1912
f 3897//1914 6903//1914 8192//1914 6888//1914
f 3898//3596 3902//3596 3903//3596 3899//3596
f 3899//3597 3903//3597 5995//3597 5996//3597
f 3902//3598 6884//3598 6883//3598 3903//3598
f 3903//3599 6883//3599 8039//3599 5995//3599
f 3898//3600 3899//3600 3904//3600 3900//3600
f 3900//3601 3904//3601 6886//3601 6887//3601
f 3899//3602 5996//3602 5997//3602 3904//3602
f 3904//3603 5997//3603 8040//3603 6886//3603
f 3898//3604 3900//3604 3905//3604 3901//3604
f 3901//1901 3905//1901 6904//1901 6905//1901
f 3900//3605 6887//3605 6888//3605 3905//3605
f 3905//1902 6888//1902 8192//1902 6904//1902
f 3898//3606 3901//3606 3906//3606 3902//3606
f 3902//3607 3906//3607 6885//3607 6884//3607
f 3901//1896 6905//1896 6906//1896 3906//1896
f 3906//1898 6906//1898 8191//1898 6885//1898
f 3907//3608 3911//3608 3912//3608 3908//3608
f 3908//3609 3912//3609 5463//3609 5462//3609
f 3911//3610 5483//3610 5482//3610 3912//3610
f 3912//3611 5482//3611 7955//3611 5463//3611
f 3907//3612 3908//3612 3913//3612 3909//3612
f 3909//694 3913//694 6919//694 6920//694
f 3908//3613 5462//3613 5461//3613 3913//3613
f 3913//695 5461//695 8195//695 6919//695
f 3907//3614 3909//3614 3914//3614 3910//3614
f 3910//3615 3914//3615 5476//3615 5477//3615
f 3909//705 6920//705 6921//705 3914//705
f 3914//707 6921//707 8198//707 5476//707
f 3907//3081 3910//3081 3915//3081 3911//3081
f 3911//3616 3915//3616 5484//3616 5483//3616
f 3910//3617 5477//3617 5478//3617 3915//3617
f 3915//3618 5478//3618 7958//3618 5484//3618
f 3916//3619 3920//3619 3921//3619 3917//3619
f 3917//3620 3921//3620 6913//3620 6914//3620
f 3920//3621 5471//3621 5470//3621 3921//3621
f 3921//3622 5470//3622 7953//3622 6913//3622
f 3916//3623 3917//3623 3922//3623 3918//3623
f 3918//678 3922//678 6922//678 6923//678
f 3917//3624 6914//3624 6915//3624 3922//3624
f 3922//679 6915//679 8197//679 6922//679
f 3916//3625 3918//3625 3923//3625 3919//3625
f 3919//3626 3923//3626 6918//3626 6917//3626
f 3918//689 6923//689 6924//689 3923//689
f 3923//691 6924//691 8198//691 6918//691
f 3916//3627 3919//3627 3924//3627 3920//3627
f 3920//3628 3924//3628 5472//3628 5471//3628
f 3919//3629 6917//3629 6916//3629 3924//3629
f 3924//3630 6916//3630 7954//3630 5472//3630
f 3925//3631 3929//3631 3930//3631 3926//3631
f 3926//3632 3930//3632 6910//3632 6911//3632
f 3929//3633 5465//3633 5464//3633 3930//3633
f 3930//3634 5464//3634 7952//3634 6910//3634
f 3925//3635 3926//3635 3931//3635 3927//3635
f 3927//662 3931//662 6925//662 6926//662
f 3926//3636 6911//3636 6912//3636 3931//3636
f 3931//663 6912//663 8196//663 6925//663
f 3925//3637 3927//3637 3932//3637 3928//3637
f 3928//3638 3932//3638 6915//3638 6914//3638
f 3927//673 6926//673 6927//673 3932//673
f 3932//675 6927//675 8197//675 6915//675
f 3925//3639 3928//3639 3933//3639 3929//3639
f 3929//3640 3933//3640 5466//3640 5465//3640
f 3928//3641 6914//3641 6913//3641 3933//3641
f 3933//3642 6913//3642 7953//3642 5466//3642
f 3934//3643 3938//3643 3939//3643 3935//3643
f 3935//3644 3939//3644 6907//3644 6908//3644
f 3938//3645 5456//3645 5455//3645 3939//3645
f 3939//3646 5455//3646 7951//3646 6907//3646
f 3934//3647 3935//3647 3940//3647 3936//3647
f 3936//646 3940//646 6928//646 6929//646
f 3935//3648 6908//3648 6909//3648 3940//3648
f 3940//647 6909//647 8195//647 6928//647
f 3934//3649 3936//3649 3941//3649 3937//3649
f 3937//3650 3941//3650 6912//3650 6911//3650
f 3936//657 6929//657 6930//657 3941//657
f 3941//659 6930//659 8196//659 6912//659
f 3934//3651 3937//3651 3942//3651 3938//3651
f 3938//3652 3942//3652 5457//3652 5456//3652
f 3937//3653 6911//3653 6910//3653 3942//3653
f 3942//3654 6910//3654 7952//3654 5457//3654
f 3943//3655 3947//3655 3948//3655 3944//3655
f 3944//3656 3948//3656 5571//3656 5570//3656
f 3947//3657 5591//3657 5590//3657 3948//3657
f 3948//3658 5590//3658 7975//3658 5571//3658
f 3943//3659 3944//3659 3949//3659 3945//3659
f 3945//982 3949//982 6943//982 6944//982
f 3944//3660 5570//3660 5569//3660 3949//3660
f 3949//983 5569//983 8199//983 6943//983
f 3943//3661 3945//3661 3950//3661 3946//3661
f 3946//3662 3950//3662 5584//3662 5585//3662
f 3945//993 6944//993 6945//993 3950//993
f 3950//995 6945//995 8202//995 5584//995
f 3943//3663 3946//3663 3951//3663 3947//3663
f 3947//3664 3951//3664 5592//3664 5591//3664
f 3946//3665 5585//3665 5586//3665 3951//3665
f 3951//3666 5586//3666 7978//3666 5592//3666
f 3952//3667 3956//3667 3957//3667 3953//3667
f 3953//3668 3957//3668 7134//3668 7133//3668
f 3956//3669 5579//3669 5578//3669 3957//3669
f 3957//3670 5578//3670 8208//3670 7134//3670
f 3952//3671 3953//3671 3958//3671 3954//3671
f 3954//966 3958//966 6946//966 6947//966
f 3953//3672 7133//3672 7132//3672 3958//3672
f 3958//967 7132//967 8251//967 6946//967
f 3952//3673 3954//3673 3959//3673 3955//3673
f 3955//3674 3959//3674 6942//3674 6941//3674
f 3954//977 6947//977 6948//977 3959//977
f 3959//979 6948//979 8202//979 6942//979
f 3952//3675 3955//3675 3960//3675 3956//3675
f 3956//3676 3960//3676 5580//3676 5579//3676
f 3955//3677 6941//3677 6940//3677 3960//3677
f 3960//3678 6940//3678 7974//3678 5580//3678
f 3961//3679 3965//3679 3966//3679 3962//3679
f 3962//3680 3966//3680 6934//3680 6935//3680
f 3965//3681 5573//3681 5572//3681 3966//3681
f 3966//3682 5572//3682 7972//3682 6934//3682
f 3961//3683 3962//3683 3967//3683 3963//3683
f 3963//950 3967//950 6949//950 6950//950
f 3962//3684 6935//3684 6936//3684 3967//3684
f 3967//2190 6936//2190 8200//2190 6949//2190
f 3961//3685 3963//3685 3968//3685 3964//3685
f 3964//3686 3968//3686 6939//3686 6938//3686
f 3963//961 6950//961 6951//961 3968//961
f 3968//963 6951//963 8201//963 6939//963
f 3961//3687 3964//3687 3969//3687 3965//3687
f 3965//3688 3969//3688 5574//3688 5573//3688
f 3964//3689 6938//3689 6937//3689 3969//3689
f 3969//3690 6937//3690 7973//3690 5574//3690
f 3970//3691 3974//3691 3975//3691 3971//3691
f 3971//3692 3975//3692 7131//3692 7130//3692
f 3974//3693 5564//3693 5563//3693 3975//3693
f 3975//3694 5563//3694 8207//3694 7131//3694
f 3970//3695 3971//3695 3976//3695 3972//3695
f 3972//934 3976//934 6952//934 6953//934
f 3971//3696 7130//3696 7129//3696 3976//3696
f 3976//935 7129//935 8252//935 6952//935
f 3970//3697 3972//3697 3977//3697 3973//3697
f 3973//3698 3977//3698 6936//3698 6935//3698
f 3972//945 6953//945 6954//945 3977//945
f 3977//947 6954//947 8200//947 6936//947
f 3970//3699 3973//3699 3978//3699 3974//3699
f 3974//3700 3978//3700 5565//3700 5564//3700
f 3973//3701 6935//3701 6934//3701 3978//3701
f 3978//3702 6934//3702 7972//3702 5565//3702
f 3979//3663 3983//3663 3984//3663 3980//3663
f 3980//3703 3984//3703 6130//3703 6131//3703
f 3983//3665 6110//3665 6111//3665 3984//3665
f 3984//3666 6111//3666 8063//3666 6130//3666
f 3979//3655 3980//3655 3985//3655 3981//3655
f 3981//3656 3985//3656 6126//3656 6125//3656
f 3980//3657 6131//3657 6132//3657 3985//3657
f 3985//3658 6132//3658 8066//3658 6126//3658
f 3979//3659 3981//3659 3986//3659 3982//3659
f 3982//982 3986//982 6967//982 6968//982
f 3981//3660 6125//3660 6124//3660 3986//3660
f 3986//983 6124//983 8206//983 6967//983
f 3979//3661 3982//3661 3987//3661 3983//3661
f 3983//3662 3987//3662 6109//3662 6110//3662
f 3982//993 6968//993 6969//993 3987//993
f 3987//995 6969//995 8203//995 6109//995
f 3988//3704 3992//3704 3993//3704 3989//3704
f 3989//3705 3993//3705 6118//3705 6119//3705
f 3992//3706 7127//3706 7126//3706 3993//3706
f 3993//3707 7126//3707 8224//3707 6118//3707
f 3988//3708 3989//3708 3994//3708 3990//3708
f 3990//3709 3994//3709 6964//3709 6965//3709
f 3989//3710 6119//3710 6120//3710 3994//3710
f 3994//3711 6120//3711 8062//3711 6964//3711
f 3988//3712 3990//3712 3995//3712 3991//3712
f 3991//1163 3995//1163 7117//1163 7118//1163
f 3990//3713 6965//3713 6966//3713 3995//3713
f 3995//1164 6966//1164 8206//1164 7117//1164
f 3988//3714 3991//3714 3996//3714 3992//3714
f 3992//3715 3996//3715 7128//3715 7127//3715
f 3991//1159 7118//1159 7119//1159 3996//1159
f 3996//935 7119//935 8253//935 7128//935
f 3997//3716 4001//3716 4002//3716 3998//3716
f 3998//3717 4002//3717 6112//3717 6113//3717
f 4001//3718 6959//3718 6958//3718 4002//3718
f 4002//3719 6958//3719 8060//3719 6112//3719
f 3997//3720 3998//3720 4003//3720 3999//3720
f 3999//3721 4003//3721 6961//3721 6962//3721
f 3998//3722 6113//3722 6114//3722 4003//3722
f 4003//3723 6114//3723 8061//3723 6961//3723
f 3997//3724 3999//3724 4004//3724 4000//3724
f 4000//950 4004//950 6973//950 6974//950
f 3999//3725 6962//3725 6963//3725 4004//3725
f 4004//2190 6963//2190 8205//2190 6973//2190
f 3997//3726 4000//3726 4005//3726 4001//3726
f 4001//3727 4005//3727 6960//3727 6959//3727
f 4000//961 6974//961 6975//961 4005//961
f 4005//1439 6975//1439 8204//1439 6960//1439
f 4006//3728 4010//3728 4011//3728 4007//3728
f 4007//3729 4011//3729 6103//3729 6104//3729
f 4010//3730 7124//3730 7123//3730 4011//3730
f 4011//3731 7123//3731 8223//3731 6103//3731
f 4006//3732 4007//3732 4012//3732 4008//3732
f 4008//3733 4012//3733 6958//3733 6959//3733
f 4007//3734 6104//3734 6105//3734 4012//3734
f 4012//3735 6105//3735 8060//3735 6958//3735
f 4006//3736 4008//3736 4013//3736 4009//3736
f 4009//1456 4013//1456 7120//1456 7121//1456
f 4008//3737 6959//3737 6960//3737 4013//3737
f 4013//1457 6960//1457 8204//1457 7120//1457
f 4006//3738 4009//3738 4014//3738 4010//3738
f 4010//3739 4014//3739 7125//3739 7124//3739
f 4009//1453 7121//1453 7122//1453 4014//1453
f 4014//967 7122//967 8254//967 7125//967
f 4015//3740 4019//3740 4020//3740 4016//3740
f 4016//3741 4020//3741 7027//3741 7028//3741
f 4019//3742 6956//3742 6955//3742 4020//3742
f 4020//3743 6955//3743 8059//3743 7027//3743
f 4015//3744 4016//3744 4021//3744 4017//3744
f 4017//3745 4021//3745 7123//3745 7124//3745
f 4016//3746 7028//3746 7029//3746 4021//3746
f 4021//3731 7029//3731 8223//3731 7123//3731
f 4015//3747 4017//3747 4022//3747 4018//3747
f 4018//966 4022//966 6976//966 6977//966
f 4017//3739 7124//3739 7125//3739 4022//3739
f 4022//967 7125//967 8254//967 6976//967
f 4015//3748 4018//3748 4023//3748 4019//3748
f 4019//3749 4023//3749 6957//3749 6956//3749
f 4018//977 6977//977 6978//977 4023//977
f 4023//979 6978//979 8203//979 6957//979
f 4024//3750 4028//3750 4029//3750 4025//3750
f 4025//3751 4029//3751 7030//3751 7031//3751
f 4028//3752 6962//3752 6961//3752 4029//3752
f 4029//3753 6961//3753 8061//3753 7030//3753
f 4024//3754 4025//3754 4030//3754 4026//3754
f 4026//3706 4030//3706 7126//3706 7127//3706
f 4025//3755 7031//3755 7032//3755 4030//3755
f 4030//3707 7032//3707 8224//3707 7126//3707
f 4024//3756 4026//3756 4031//3756 4027//3756
f 4027//934 4031//934 6970//934 6971//934
f 4026//3715 7127//3715 7128//3715 4031//3715
f 4031//935 7128//935 8253//935 6970//935
f 4024//3757 4027//3757 4032//3757 4028//3757
f 4028//3758 4032//3758 6963//3758 6962//3758
f 4027//945 6971//945 6972//945 4032//945
f 4032//947 6972//947 8205//947 6963//947
f 4033//3759 4037//3759 4038//3759 4034//3759
f 4034//3760 4038//3760 6931//3760 6932//3760
f 4037//3761 6980//3761 6979//3761 4038//3761
f 4038//3762 6979//3762 7971//3762 6931//3762
f 4033//3763 4034//3763 4039//3763 4035//3763
f 4035//1163 4039//1163 7114//1163 7115//1163
f 4034//3764 6932//3764 6933//3764 4039//3764
f 4039//1164 6933//1164 8199//1164 7114//1164
f 4033//3765 4035//3765 4040//3765 4036//3765
f 4036//3696 4040//3696 7129//3696 7130//3696
f 4035//3766 7115//3766 7116//3766 4040//3766
f 4040//935 7116//935 8252//935 7129//935
f 4033//3767 4036//3767 4041//3767 4037//3767
f 4037//3768 4041//3768 6981//3768 6980//3768
f 4036//3692 7130//3692 7131//3692 4041//3692
f 4041//3694 7131//3694 8207//3694 6981//3694
f 4042//3769 4046//3769 4047//3769 4043//3769
f 4043//3770 4047//3770 6937//3770 6938//3770
f 4046//3771 6983//3771 6982//3771 4047//3771
f 4047//3772 6982//3772 7973//3772 6937//3772
f 4042//3773 4043//3773 4048//3773 4044//3773
f 4044//1456 4048//1456 7111//1456 7112//1456
f 4043//3774 6938//3774 6939//3774 4048//3774
f 4048//1457 6939//1457 8201//1457 7111//1457
f 4042//3775 4044//3775 4049//3775 4045//3775
f 4045//3672 4049//3672 7132//3672 7133//3672
f 4044//1453 7112//1453 7113//1453 4049//1453
f 4049//967 7113//967 8251//967 7132//967
f 4042//3776 4045//3776 4050//3776 4046//3776
f 4046//3777 4050//3777 6984//3777 6983//3777
f 4045//3668 7133//3668 7134//3668 4050//3668
f 4050//3670 7134//3670 8208//3670 6984//3670
f 4051//3778 4055//3778 4056//3778 4052//3778
f 4052//3779 4056//3779 6715//3779 6716//3779
f 4055//3780 6230//3780 6231//3780 4056//3780
f 4056//3781 6231//3781 8079//3781 6715//3781
f 4051//3782 4052//3782 4057//3782 4053//3782
f 4053//1096 4057//1096 7108//1096 7109//1096
f 4052//3783 6716//3783 6717//3783 4057//3783
f 4057//1097 6717//1097 8163//1097 7108//1097
f 4051//3784 4053//3784 4058//3784 4054//3784
f 4054//3312 4058//3312 7135//3312 7136//3312
f 4053//1091 7109//1091 7110//1091 4058//1091
f 4058//1093 7110//1093 8250//1093 7135//1093
f 4051//3785 4054//3785 4059//3785 4055//3785
f 4055//3786 4059//3786 6229//3786 6230//3786
f 4054//3308 7136//3308 7137//3308 4059//3308
f 4059//3310 7137//3310 8234//3310 6229//3310
f 4060//1080 4064//1080 4065//1080 4061//1080
f 4061//1081 4065//1081 6222//1081 6221//1081
f 4064//1080 6227//1080 6228//1080 4065//1080
f 4065//3171 6228//3171 8082//3171 6222//3171
f 4060//3787 4061//3787 4066//3787 4062//3787
f 4062//1080 4066//1080 7105//1080 7106//1080
f 4061//1081 6221//1081 6220//1081 4066//1081
f 4066//1081 6220//1081 8166//1081 7105//1081
f 4060//1075 4062//1075 4067//1075 4063//1075
f 4063//1077 4067//1077 7138//1077 7139//1077
f 4062//1075 7106//1075 7107//1075 4067//1075
f 4067//1077 7107//1077 8249//1077 7138//1077
f 4060//1075 4063//1075 4068//1075 4064//1075
f 4064//1075 4068//1075 6226//1075 6227//1075
f 4063//1077 7139//1077 7140//1077 4068//1077
f 4068//1077 7140//1077 8233//1077 6226//1077
f 4069//3123 4073//3123 4074//3123 4070//3123
f 4070//3124 4074//3124 6691//3124 6692//3124
f 4073//3125 6128//3125 6129//3125 4074//3125
f 4074//3126 6129//3126 8064//3126 6691//3126
f 4069//3127 4070//3127 4075//3127 4071//3127
f 4071//1034 4075//1034 7102//1034 7103//1034
f 4070//1035 6692//1035 6693//1035 4075//1035
f 4075//1035 6693//1035 8159//1035 7102//1035
f 4069//3128 4071//3128 4076//3128 4072//3128
f 4072//1031 4076//1031 7141//1031 7142//1031
f 4071//1029 7103//1029 7104//1029 4076//1029
f 4076//1031 7104//1031 8248//1031 7141//1031
f 4069//3119 4072//3119 4077//3119 4073//3119
f 4073//3120 4077//3120 6127//3120 6128//3120
f 4072//3121 7142//3121 7143//3121 4077//3121
f 4077//3122 7143//3122 8225//3122 6127//3122
f 4078//3788 4082//3788 4083//3788 4079//3788
f 4079//3134 4083//3134 6162//3134 6161//3134
f 4082//3789 6137//3789 6138//3789 4083//3789
f 4083//3136 6138//3136 8066//3136 6162//3136
f 4078//3137 4079//3137 4084//3137 4080//3137
f 4080//1018 4084//1018 7099//1018 7100//1018
f 4079//1019 6161//1019 6160//1019 4084//1019
f 4084//3138 6160//3138 8162//3138 7099//3138
f 4078//1013 4080//1013 4085//1013 4081//1013
f 4081//1015 4085//1015 7144//1015 7145//1015
f 4080//1013 7100//1013 7101//1013 4085//1013
f 4085//1015 7101//1015 8247//1015 7144//1015
f 4078//3129 4081//3129 4086//3129 4082//3129
f 4082//3130 4086//3130 6136//3130 6137//3130
f 4081//3131 7145//3131 7146//3131 4086//3131
f 4086//3132 7146//3132 8226//3132 6136//3132
f 4087//3790 4091//3790 4092//3790 4088//3790
f 4088//3791 4092//3791 6240//3791 6239//3791
f 4091//3792 7061//3792 7060//3792 4092//3792
f 4092//3793 7060//3793 8081//3793 6240//3793
f 4087//3794 4088//3794 4093//3794 4089//3794
f 4089//3795 4093//3795 7096//3795 7097//3795
f 4088//3796 6239//3796 6238//3796 4093//3796
f 4093//3797 6238//3797 8156//3797 7096//3797
f 4087//3798 4089//3798 4094//3798 4090//3798
f 4090//3273 4094//3273 7147//3273 7148//3273
f 4089//3799 7097//3799 7098//3799 4094//3799
f 4094//1201 7098//1201 8246//1201 7147//1201
f 4087//3800 4090//3800 4095//3800 4091//3800
f 4091//3801 4095//3801 7062//3801 7061//3801
f 4090//3269 7148//3269 7149//3269 4095//3269
f 4095//3802 7149//3802 8234//3802 7062//3802
f 4096//3803 4100//3803 4101//3803 4097//3803
f 4097//3804 4101//3804 6676//3804 6677//3804
f 4100//3805 6140//3805 6141//3805 4101//3805
f 4101//3806 6141//3806 8068//3806 6676//3806
f 4096//3807 4097//3807 4102//3807 4098//3807
f 4098//3808 4102//3808 7093//3808 7094//3808
f 4097//3809 6677//3809 6678//3809 4102//3809
f 4102//3810 6678//3810 8158//3810 7093//3810
f 4096//3811 4098//3811 4103//3811 4099//3811
f 4099//3236 4103//3236 7150//3236 7151//3236
f 4098//3812 7094//3812 7095//3812 4103//3812
f 4103//1248 7095//1248 8245//1248 7150//1248
f 4096//3813 4099//3813 4104//3813 4100//3813
f 4100//3814 4104//3814 6139//3814 6140//3814
f 4099//3232 7151//3232 7152//3232 4104//3232
f 4104//3815 7152//3815 8227//3815 6139//3815
f 4105//3816 4109//3816 4110//3816 4106//3816
f 4106//3817 4110//3817 7012//3817 7013//3817
f 4109//3818 5711//3818 5712//3818 4110//3818
f 4110//3819 5712//3819 7993//3819 7012//3819
f 4105//3820 4106//3820 4111//3820 4107//3820
f 4107//3221 4111//3221 7153//3221 7154//3221
f 4106//3821 7013//3821 7014//3821 4111//3821
f 4111//3822 7014//3822 8218//3822 7153//3822
f 4105//3823 4107//3823 4112//3823 4108//3823
f 4108//3799 4112//3799 6664//3799 6665//3799
f 4107//3230 7154//3230 7155//3230 4112//3230
f 4112//1201 7155//1201 8244//1201 6664//1201
f 4105//3824 4108//3824 4113//3824 4109//3824
f 4109//3825 4113//3825 5710//3825 5711//3825
f 4108//3795 6665//3795 6666//3795 4113//3795
f 4113//3797 6666//3797 8152//3797 5710//3797
f 4114//3826 4118//3826 4119//3826 4115//3826
f 4115//3827 4119//3827 5601//3827 5600//3827
f 4118//3828 6653//3828 6652//3828 4119//3828
f 4119//3829 6652//3829 7980//3829 5601//3829
f 4114//3830 4115//3830 4120//3830 4116//3830
f 4116//3185 4120//3185 7156//3185 7157//3185
f 4115//3831 5600//3831 5599//3831 4120//3831
f 4120//3832 5599//3832 8211//3832 7156//3832
f 4114//3833 4116//3833 4121//3833 4117//3833
f 4117//3812 4121//3812 6655//3812 6656//3812
f 4116//3194 7157//3194 7158//3194 4121//3194
f 4121//1248 7158//1248 8243//1248 6655//1248
f 4114//3834 4117//3834 4122//3834 4118//3834
f 4118//3835 4122//3835 6654//3835 6653//3835
f 4117//3808 6656//3808 6657//3808 4122//3808
f 4122//3810 6657//3810 8154//3810 6654//3810
f 4123//3836 4127//3836 4128//3836 4124//3836
f 4124//3837 4128//3837 5691//3837 5690//3837
f 4127//3838 6620//3838 6619//3838 4128//3838
f 4128//3839 6619//3839 7991//3839 5691//3839
f 4123//3840 4124//3840 4129//3840 4125//3840
f 4125//3163 4129//3163 7159//3163 7160//3163
f 4124//3841 5690//3841 5689//3841 4129//3841
f 4129//3842 5689//3842 8218//3842 7159//3842
f 4123//3843 4125//3843 4130//3843 4126//3843
f 4126//2291 4130//2291 6637//2291 6638//2291
f 4125//3173 7160//3173 7161//3173 4130//3173
f 4130//1077 7161//1077 8242//1077 6637//1077
f 4123//3844 4126//3844 4131//3844 4127//3844
f 4127//3845 4131//3845 6621//3845 6620//3845
f 4126//2301 6638//2301 6639//2301 4131//2301
f 4131//2303 6639//2303 8147//2303 6621//2303
f 4132//2287 4136//2287 4137//2287 4133//2287
f 4133//3315 4137//3315 5688//3315 5687//3315
f 4136//2289 5681//2289 5682//2289 4137//2289
f 4137//2289 5682//2289 7994//2289 5688//2289
f 4132//2278 4133//2278 4138//2278 4134//2278
f 4134//1093 4138//1093 7162//1093 7163//1093
f 4133//2278 5687//2278 5686//2278 4138//2278
f 4138//1093 5686//1093 8217//1093 7162//1093
f 4132//3846 4134//3846 4139//3846 4135//3846
f 4135//2278 4139//2278 6634//2278 6635//2278
f 4134//1093 7163//1093 7164//1093 4139//1093
f 4139//1093 7164//1093 8241//1093 6634//1093
f 4132//2287 4135//2287 4140//2287 4136//2287
f 4136//2289 4140//2289 5680//2289 5681//2289
f 4135//2287 6635//2287 6636//2287 4140//2287
f 4140//2289 6636//2289 8150//2289 5680//2289
f 4141//3284 4145//3284 4146//3284 4142//3284
f 4142//3285 4146//3285 5589//3285 5588//3285
f 4145//3847 6596//3847 6595//3847 4146//3847
f 4146//3287 6595//3287 7976//3287 5589//3287
f 4141//3280 4142//3280 4147//3280 4143//3280
f 4143//3131 4147//3131 7165//3131 7166//3131
f 4142//3281 5588//3281 5587//3281 4147//3281
f 4147//3132 5587//3132 8209//3132 7165//3132
f 4141//3282 4143//3282 4148//3282 4144//3282
f 4144//2238 4148//2238 6613//2238 6614//2238
f 4143//1015 7166//1015 7167//1015 4148//1015
f 4148//1015 7167//1015 8240//1015 6613//1015
f 4141//3283 4144//3283 4149//3283 4145//3283
f 4145//2250 4149//2250 6597//2250 6596//2250
f 4144//2248 6614//2248 6615//2248 4149//2248
f 4149//3848 6615//3848 8143//3848 6597//3848
f 4150//3290 4154//3290 4155//3290 4151//3290
f 4151//3849 4155//3849 5598//3849 5597//3849
f 4154//3292 5621//3292 5622//3292 4155//3292
f 4155//3293 5622//3293 7978//3293 5598//3293
f 4150//3288 4151//3288 4156//3288 4152//3288
f 4152//3121 4156//3121 7168//3121 7169//3121
f 4151//3289 5597//3289 5596//3289 4156//3289
f 4156//3122 5596//3122 8210//3122 7168//3122
f 4150//2223 4152//2223 4157//2223 4153//2223
f 4153//2223 4157//2223 6610//2223 6611//2223
f 4152//1031 7169//1031 7170//1031 4157//1031
f 4157//1031 7170//1031 8239//1031 6610//1031
f 4150//3850 4153//3850 4158//3850 4154//3850
f 4154//2235 4158//2235 5620//2235 5621//2235
f 4153//3850 6611//3850 6612//3850 4158//3850
f 4158//2235 6612//2235 8146//2235 5620//2235
f 4159//945 4163//945 4164//945 4160//945
f 4160//945 4164//945 7938//945 7937//945
f 4163//947 6581//947 6580//947 4164//947
f 4164//947 6580//947 8368//947 7938//947
f 4159//934 4160//934 4165//934 4161//934
f 4161//935 4165//935 7171//935 7172//935
f 4160//934 7937//934 7936//934 4165//934
f 4165//935 7936//935 8369//935 7171//935
f 4159//934 4161//934 4166//934 4162//934
f 4162//934 4166//934 6592//934 6593//934
f 4161//935 7172//935 7173//935 4166//935
f 4166//935 7173//935 8238//935 6592//935
f 4159//945 4162//945 4167//945 4163//945
f 4163//947 4167//947 6582//947 6581//947
f 4162//945 6593//945 6594//945 4167//945
f 4167//947 6594//947 8142//947 6582//947
f 4168//977 4172//977 4173//977 4169//977
f 4169//977 4173//977 7935//977 7934//977
f 4172//979 7916//979 7917//979 4173//979
f 4173//979 7917//979 8365//979 7935//979
f 4168//966 4169//966 4174//966 4170//966
f 4170//967 4174//967 7174//967 7175//967
f 4169//966 7934//966 7933//966 4174//966
f 4174//967 7933//967 8370//967 7174//967
f 4168//966 4170//966 4175//966 4171//966
f 4171//966 4175//966 6583//966 6584//966
f 4170//967 7175//967 7176//967 4175//967
f 4175//967 7176//967 8237//967 6583//967
f 4168//977 4171//977 4176//977 4172//977
f 4172//979 4176//979 7915//979 7916//979
f 4171//977 6584//977 6585//977 4176//977
f 4176//979 6585//979 8139//979 7915//979
f 4177//1163 4181//1163 4182//1163 4178//1163
f 4178//1164 4182//1164 7881//1164 7880//1164
f 4181//1163 7901//1163 7900//1163 4182//1163
f 4182//1164 7900//1164 8359//1164 7881//1164
f 4177//1163 4178//1163 4183//1163 4179//1163
f 4179//1163 4183//1163 6366//1163 6365//1163
f 4178//3851 7880//3851 7879//3851 4183//3851
f 4183//3852 7879//3852 8104//3852 6366//3852
f 4177//1159 4179//1159 4184//1159 4180//1159
f 4180//935 4184//935 7891//935 7892//935
f 4179//1159 6365//1159 6364//1159 4184//1159
f 4184//935 6364//935 8236//935 7891//935
f 4177//1159 4180//1159 4185//1159 4181//1159
f 4181//1159 4185//1159 7902//1159 7901//1159
f 4180//935 7892//935 7893//935 4185//935
f 4185//935 7893//935 8363//935 7902//935
f 4186//3853 4190//3853 4191//3853 4187//3853
f 4187//3854 4191//3854 6352//3854 6353//3854
f 4190//1456 7898//1456 7897//1456 4191//1456
f 4191//1457 7897//1457 8362//1457 6352//1457
f 4186//3855 4187//3855 4192//3855 4188//3855
f 4188//3856 4192//3856 6357//3856 6356//3856
f 4187//3857 6353//3857 6354//3857 4192//3857
f 4192//3858 6354//3858 8106//3858 6357//3858
f 4186//3859 4188//3859 4193//3859 4189//3859
f 4189//967 4193//967 7894//967 7895//967
f 4188//3860 6356//3860 6355//3860 4193//3860
f 4193//967 6355//967 8235//967 7894//967
f 4186//3861 4189//3861 4194//3861 4190//3861
f 4190//1453 4194//1453 7899//1453 7898//1453
f 4189//967 7895//967 7896//967 4194//967
f 4194//967 7896//967 8364//967 7899//967
f 4195//3808 4199//3808 4200//3808 4196//3808
f 4196//3810 4200//3810 6244//3810 6245//3810
f 4199//3808 7094//3808 7093//3808 4200//3808
f 4200//3810 7093//3810 8158//3810 6244//3810
f 4195//3808 4196//3808 4201//3808 4197//3808
f 4197//3808 4201//3808 5697//3808 5696//3808
f 4196//3810 6245//3810 6246//3810 4201//3810
f 4201//3810 6246//3810 8084//3810 5697//3810
f 4195//3812 4197//3812 4202//3812 4198//3812
f 4198//1248 4202//1248 7183//1248 7184//1248
f 4197//3812 5696//3812 5695//3812 4202//3812
f 4202//1248 5695//1248 8219//1248 7183//1248
f 4195//3812 4198//3812 4203//3812 4199//3812
f 4199//3812 4203//3812 7095//3812 7094//3812
f 4198//1248 7184//1248 7185//1248 4203//1248
f 4203//1248 7185//1248 8245//1248 7095//1248
f 4204//3862 4208//3862 4209//3862 4205//3862
f 4205//3797 4209//3797 6672//3797 6671//3797
f 4208//3795 7097//3795 7096//3795 4209//3795
f 4209//3797 7096//3797 8156//3797 6672//3797
f 4204//3795 4205//3795 4210//3795 4206//3795
f 4206//3795 4210//3795 7018//3795 7019//3795
f 4205//3797 6671//3797 6670//3797 4210//3797
f 4210//3797 6670//3797 8086//3797 7018//3797
f 4204//3799 4206//3799 4211//3799 4207//3799
f 4207//1201 4211//1201 7186//1201 7187//1201
f 4206//3799 7019//3799 7020//3799 4211//3799
f 4211//1201 7020//1201 8220//1201 7186//1201
f 4204//3799 4207//3799 4212//3799 4208//3799
f 4208//3799 4212//3799 7098//3799 7097//3799
f 4207//1201 7187//1201 7188//1201 4212//1201
f 4212//1201 7188//1201 8246//1201 7098//1201
f 4213//3863 4217//3863 4218//3863 4214//3863
f 4214//3864 4218//3864 6186//3864 6185//3864
f 4217//3865 6149//3865 6150//3865 4218//3865
f 4218//3866 6150//3866 8069//3866 6186//3866
f 4213//3867 4214//3867 4219//3867 4215//3867
f 4215//1080 4219//1080 6228//1080 6227//1080
f 4214//3868 6185//3868 6184//3868 4219//3868
f 4219//3171 6184//3171 8082//3171 6228//3171
f 4213//3869 4215//3869 4220//3869 4216//3869
f 4216//2374 4220//2374 7189//2374 7190//2374
f 4215//1075 6227//1075 6226//1075 4220//1075
f 4220//1077 6226//1077 8233//1077 7189//1077
f 4213//3870 4216//3870 4221//3870 4217//3870
f 4217//3871 4221//3871 6148//3871 6149//3871
f 4216//2372 7190//2372 7191//2372 4221//2372
f 4221//2294 7191//2294 8228//2294 6148//2294
f 4222//3872 4226//3872 4227//3872 4223//3872
f 4223//3873 4227//3873 6208//3873 6209//3873
f 4226//3874 7337//3874 7336//3874 4227//3874
f 4227//3875 7336//3875 8258//3875 6208//3875
f 4222//3876 4223//3876 4228//3876 4224//3876
f 4224//3877 4228//3877 6189//3877 6188//3877
f 4223//3878 6209//3878 6210//3878 4228//3878
f 4228//3879 6210//3879 8076//3879 6189//3879
f 4222//3880 4224//3880 4229//3880 4225//3880
f 4225//2349 4229//2349 7327//2349 7328//2349
f 4224//2350 6188//2350 6187//2350 4229//2350
f 4229//2350 6187//2350 8231//2350 7327//2350
f 4222//3881 4225//3881 4230//3881 4226//3881
f 4226//3882 4230//3882 7338//3882 7337//3882
f 4225//2346 7328//2346 7329//2346 4230//2346
f 4230//967 7329//967 8275//967 7338//967
f 4231//3883 4235//3883 4236//3883 4232//3883
f 4232//3884 4236//3884 7051//3884 7052//3884
f 4235//3885 6191//3885 6190//3885 4236//3885
f 4236//3886 6190//3886 8075//3886 7051//3886
f 4231//3887 4232//3887 4237//3887 4233//3887
f 4233//2312 4237//2312 7195//2312 7196//2312
f 4232//3888 7052//3888 7053//3888 4237//3888
f 4237//2313 7053//2313 8231//2313 7195//2313
f 4231//3889 4233//3889 4238//3889 4234//3889
f 4234//3890 4238//3890 6196//3890 6197//3890
f 4233//2315 7196//2315 7197//2315 4238//2315
f 4238//2316 7197//2316 8232//2316 6196//2316
f 4231//3891 4234//3891 4239//3891 4235//3891
f 4235//3892 4239//3892 6192//3892 6191//3892
f 4234//3893 6197//3893 6198//3893 4239//3893
f 4239//3894 6198//3894 8077//3894 6192//3894
f 4240//1078 4244//1078 4245//1078 4241//1078
f 4241//1079 4245//1079 6726//1079 6725//1079
f 4244//1080 7106//1080 7105//1080 4245//1080
f 4245//1081 7105//1081 8166//1081 6726//1081
f 4240//3895 4241//3895 4246//3895 4242//3895
f 4242//3896 4246//3896 6174//3896 6173//3896
f 4241//3866 6725//3866 6724//3866 4246//3866
f 4246//3897 6724//3897 8073//3897 6174//3897
f 4240//3871 4242//3871 4247//3871 4243//3871
f 4243//2294 4247//2294 7198//2294 7199//2294
f 4242//3898 6173//3898 6172//3898 4247//3898
f 4247//2295 6172//2295 8230//2295 7198//2295
f 4240//3899 4243//3899 4248//3899 4244//3899
f 4244//1075 4248//1075 7107//1075 7106//1075
f 4243//1076 7199//1076 7200//1076 4248//1076
f 4248//1077 7200//1077 8249//1077 7107//1077
f 4249//1094 4253//1094 4254//1094 4250//1094
f 4250//1095 4254//1095 6175//1095 6176//1095
f 4253//1096 7109//1096 7108//1096 4254//1096
f 4254//1097 7108//1097 8163//1097 6175//1097
f 4249//1194 4250//1194 4255//1194 4251//1194
f 4251//3900 4255//3900 6165//3900 6164//3900
f 4250//3901 6176//3901 6177//3901 4255//3901
f 4255//3902 6177//3902 8072//3902 6165//3902
f 4249//1189 4251//1189 4256//1189 4252//1189
f 4252//1191 4256//1191 7201//1191 7202//1191
f 4251//3903 6164//3903 6163//3903 4256//3903
f 4256//2281 6163//2281 8229//2281 7201//2281
f 4249//1090 4252//1090 4257//1090 4253//1090
f 4253//1091 4257//1091 7110//1091 7109//1091
f 4252//1092 7202//1092 7203//1092 4257//1092
f 4257//1093 7203//1093 8250//1093 7110//1093
f 4258//3904 4262//3904 4263//3904 4259//3904
f 4259//3905 4263//3905 7287//3905 7286//3905
f 4262//1163 7334//1163 7333//1163 4263//1163
f 4263//1164 7333//1164 8261//1164 7287//1164
f 4258//3906 4259//3906 4264//3906 4260//3906
f 4260//3907 4264//3907 6198//3907 6197//3907
f 4259//3908 7286//3908 7285//3908 4264//3908
f 4264//3909 7285//3909 8077//3909 6198//3909
f 4258//3910 4260//3910 4265//3910 4261//3910
f 4261//2269 4265//2269 7330//2269 7331//2269
f 4260//3911 6197//3911 6196//3911 4265//3911
f 4265//2268 6196//2268 8232//2268 7330//2268
f 4258//3912 4261//3912 4266//3912 4262//3912
f 4262//1159 4266//1159 7335//1159 7334//1159
f 4261//2265 7331//2265 7332//2265 4266//2265
f 4266//935 7332//935 8276//935 7335//935
f 4267//3913 4271//3913 4272//3913 4268//3913
f 4268//3914 4272//3914 6702//3914 6701//3914
f 4271//3137 7100//3137 7099//3137 4272//3137
f 4272//1019 7099//1019 8162//1019 6702//1019
f 4267//3915 4268//3915 4273//3915 4269//3915
f 4269//3916 4273//3916 6150//3916 6149//3916
f 4268//3917 6701//3917 6700//3917 4273//3917
f 4273//3918 6700//3918 8069//3918 6150//3918
f 4267//3919 4269//3919 4274//3919 4270//3919
f 4270//2241 4274//2241 7207//2241 7208//2241
f 4269//3920 6149//3920 6148//3920 4274//3920
f 4274//2242 6148//2242 8228//2242 7207//2242
f 4267//3921 4270//3921 4275//3921 4271//3921
f 4271//1013 4275//1013 7101//1013 7100//1013
f 4270//2237 7208//2237 7209//2237 4275//2237
f 4275//1015 7209//1015 8247//1015 7101//1015
f 4276//3922 4280//3922 4281//3922 4277//3922
f 4277//3923 4281//3923 6151//3923 6152//3923
f 4280//1034 7103//1034 7102//1034 4281//1034
f 4281//1035 7102//1035 8159//1035 6151//1035
f 4276//3924 4277//3924 4282//3924 4278//3924
f 4278//3925 4282//3925 6141//3925 6140//3925
f 4277//3926 6152//3926 6153//3926 4282//3926
f 4282//3927 6153//3927 8068//3927 6141//3927
f 4276//3928 4278//3928 4283//3928 4279//3928
f 4279//2226 4283//2226 7210//2226 7211//2226
f 4278//3929 6140//3929 6139//3929 4283//3929
f 4283//3930 6139//3930 8227//3930 7210//3930
f 4276//3931 4279//3931 4284//3931 4280//3931
f 4280//1029 4284//1029 7104//1029 7103//1029
f 4279//2222 7211//2222 7212//2222 4284//2222
f 4284//1031 7212//1031 8248//1031 7104//1031
f 4285//944 4289//944 4290//944 4286//944
f 4286//945 4290//945 6972//945 6971//945
f 4289//946 6122//946 6121//946 4290//946
f 4290//947 6121//947 8205//947 6972//947
f 4285//932 4286//932 4291//932 4287//932
f 4287//933 4291//933 7213//933 7214//933
f 4286//934 6971//934 6970//934 4291//934
f 4291//935 6970//935 8253//935 7213//935
f 4285//936 4287//936 4292//936 4288//936
f 4288//3932 4292//3932 7038//3932 7037//3932
f 4287//938 7214//938 7215//938 4292//938
f 4292//939 7215//939 8226//939 7038//939
f 4285//940 4288//940 4293//940 4289//940
f 4289//941 4293//941 6123//941 6122//941
f 4288//942 7037//942 7036//942 4293//942
f 4293//943 7036//943 8065//943 6123//943
f 4294//3933 4298//3933 4299//3933 4295//3933
f 4295//977 4299//977 6978//977 6977//977
f 4298//3934 6110//3934 6109//3934 4299//3934
f 4299//979 6109//979 8203//979 6978//979
f 4294//964 4295//964 4300//964 4296//964
f 4296//965 4300//965 7216//965 7217//965
f 4295//3935 6977//3935 6976//3935 4300//3935
f 4300//967 6976//967 8254//967 7216//967
f 4294//3936 4296//3936 4301//3936 4297//3936
f 4297//3937 4301//3937 7035//3937 7034//3937
f 4296//2187 7217//2187 7218//2187 4301//2187
f 4301//971 7218//971 8225//971 7035//971
f 4294//972 4297//972 4302//972 4298//972
f 4298//3938 4302//3938 6111//3938 6110//3938
f 4297//3939 7034//3939 7033//3939 4302//3939
f 4302//975 7033//975 8063//975 6111//975
f 4303//3940 4307//3940 4308//3940 4304//3940
f 4304//3941 4308//3941 6106//3941 6107//3941
f 4307//3942 7028//3942 7027//3942 4308//3942
f 4308//3943 7027//3943 8059//3943 6106//3943
f 4303//3944 4304//3944 4309//3944 4305//3944
f 4305//3945 4309//3945 6120//3945 6119//3945
f 4304//3946 6107//3946 6108//3946 4309//3946
f 4309//3947 6108//3947 8062//3947 6120//3947
f 4303//3948 4305//3948 4310//3948 4306//3948
f 4306//2157 4310//2157 7219//2157 7220//2157
f 4305//3949 6119//3949 6118//3949 4310//3949
f 4310//2158 6118//2158 8224//2158 7219//2158
f 4303//3950 4306//3950 4311//3950 4307//3950
f 4307//3951 4311//3951 7029//3951 7028//3951
f 4306//2152 7220//2152 7221//2152 4311//2152
f 4311//2154 7221//2154 8223//2154 7029//2154
f 4312//977 4316//977 4317//977 4313//977
f 4313//977 4317//977 6585//977 6584//977
f 4316//3952 6572//3952 6573//3952 4317//3952
f 4317//3953 6573//3953 8139//3953 6585//3953
f 4312//966 4313//966 4318//966 4314//966
f 4314//967 4318//967 7222//967 7223//967
f 4313//966 6584//966 6583//966 4318//966
f 4318//967 6583//967 8237//967 7222//967
f 4312//966 4314//966 4319//966 4315//966
f 4315//966 4319//966 5836//966 5837//966
f 4314//967 7223//967 7224//967 4319//967
f 4319//967 7224//967 8222//967 5836//967
f 4312//977 4315//977 4320//977 4316//977
f 4316//979 4320//979 6571//979 6572//979
f 4315//977 5837//977 5838//977 4320//977
f 4320//979 5838//979 8012//979 6571//979
f 4321//3954 4325//3954 4326//3954 4322//3954
f 4322//945 4326//945 6594//945 6593//945
f 4325//3955 5825//3955 5824//3955 4326//3955
f 4326//947 5824//947 8142//947 6594//947
f 4321//3956 4322//3956 4327//3956 4323//3956
f 4323//935 4327//935 7225//935 7226//935
f 4322//934 6593//934 6592//934 4327//934
f 4327//935 6592//935 8238//935 7225//935
f 4321//3957 4323//3957 4328//3957 4324//3957
f 4324//3958 4328//3958 5827//3958 5828//3958
f 4323//935 7226//935 7227//935 4328//935
f 4328//935 7227//935 8221//935 5827//935
f 4321//3959 4324//3959 4329//3959 4325//3959
f 4325//3960 4329//3960 5826//3960 5825//3960
f 4324//3961 5828//3961 5829//3961 4329//3961
f 4329//3962 5829//3962 8014//3962 5826//3962
f 4330//3808 4334//3808 4335//3808 4331//3808
f 4331//3808 4335//3808 6657//3808 6656//3808
f 4334//3810 5717//3810 5716//3810 4335//3810
f 4335//3810 5716//3810 8154//3810 6657//3810
f 4330//3812 4331//3812 4336//3812 4332//3812
f 4332//1248 4336//1248 7228//1248 7229//1248
f 4331//3812 6656//3812 6655//3812 4336//3812
f 4336//1248 6655//1248 8243//1248 7228//1248
f 4330//3812 4332//3812 4337//3812 4333//3812
f 4333//3812 4337//3812 5695//3812 5696//3812
f 4332//1248 7229//1248 7230//1248 4337//1248
f 4337//1248 7230//1248 8219//1248 5695//1248
f 4330//3808 4333//3808 4338//3808 4334//3808
f 4334//3810 4338//3810 5718//3810 5717//3810
f 4333//3808 5696//3808 5697//3808 4338//3808
f 4338//3810 5697//3810 8084//3810 5718//3810
f 4339//3963 4343//3963 4344//3963 4340//3963
f 4340//3795 4344//3795 6666//3795 6665//3795
f 4343//3797 6647//3797 6648//3797 4344//3797
f 4344//3964 6648//3964 8152//3964 6666//3964
f 4339//3799 4340//3799 4345//3799 4341//3799
f 4341//1201 4345//1201 7231//1201 7232//1201
f 4340//3799 6665//3799 6664//3799 4345//3799
f 4345//1201 6664//1201 8244//1201 7231//1201
f 4339//3799 4341//3799 4346//3799 4342//3799
f 4342//3799 4346//3799 7020//3799 7019//3799
f 4341//1201 7232//1201 7233//1201 4346//1201
f 4346//1201 7233//1201 8220//1201 7020//1201
f 4339//3795 4342//3795 4347//3795 4343//3795
f 4343//3797 4347//3797 6646//3797 6647//3797
f 4342//3963 7019//3963 7018//3963 4347//3963
f 4347//3797 7018//3797 8086//3797 6646//3797
f 4348//3965 4352//3965 4353//3965 4349//3965
f 4349//3966 4353//3966 5610//3966 5609//3966
f 4352//3967 5645//3967 5646//3967 4353//3967
f 4353//3968 5646//3968 7981//3968 5610//3968
f 4348//3969 4349//3969 4354//3969 4350//3969
f 4350//1190 4354//1190 7234//1190 7235//1190
f 4349//3970 5609//3970 5608//3970 4354//3970
f 4354//1191 5608//1191 8212//1191 7234//1191
f 4348//3971 4350//3971 4355//3971 4351//3971
f 4351//3846 4355//3846 5686//3846 5687//3846
f 4350//1199 7235//1199 7236//1199 4355//1199
f 4355//1093 7236//1093 8217//1093 5686//1093
f 4348//3972 4351//3972 4356//3972 4352//3972
f 4352//3973 4356//3973 5644//3973 5645//3973
f 4351//2287 5687//2287 5688//2287 4356//2287
f 4356//2289 5688//2289 7994//2289 5644//2289
f 4357//3974 4361//3974 4362//3974 4358//3974
f 4358//3975 4362//3975 7596//3975 7595//3975
f 4361//3976 5669//3976 5668//3976 4362//3976
f 4362//3977 5668//3977 8302//3977 7596//3977
f 4357//3978 4358//3978 4363//3978 4359//3978
f 4359//1160 4363//1160 7237//1160 7238//1160
f 4358//3979 7595//3979 7594//3979 4363//3979
f 4363//935 7594//935 8319//935 7237//935
f 4357//3980 4359//3980 4364//3980 4360//3980
f 4360//3981 4364//3981 5647//3981 5648//3981
f 4359//1170 7238//1170 7239//1170 4364//1170
f 4364//3982 7239//3982 8215//3982 5647//3982
f 4357//3983 4360//3983 4365//3983 4361//3983
f 4361//3984 4365//3984 5670//3984 5669//3984
f 4360//3985 5648//3985 5649//3985 4365//3985
f 4365//3986 5649//3986 7988//3986 5670//3986
f 4366//3987 4370//3987 4371//3987 4367//3987
f 4367//3988 4371//3988 5650//3988 5651//3988
f 4370//3989 7004//3989 7003//3989 4371//3989
f 4371//3990 7003//3990 7987//3990 5650//3990
f 4366//3991 4367//3991 4372//3991 4368//3991
f 4368//3992 4372//3992 5658//3992 5657//3992
f 4367//3993 5651//3993 5652//3993 4372//3993
f 4372//3994 5652//3994 7989//3994 5658//3994
f 4366//3995 4368//3995 4373//3995 4369//3995
f 4369//1124 4373//1124 7240//1124 7241//1124
f 4368//3996 5657//3996 5656//3996 4373//3996
f 4373//1125 5656//1125 8216//1125 7240//1125
f 4366//3997 4369//3997 4374//3997 4370//3997
f 4370//3998 4374//3998 7005//3998 7004//3998
f 4369//1122 7241//1122 7242//1122 4374//1122
f 4374//1123 7242//1123 8215//1123 7005//1123
f 4375//3999 4379//3999 4380//3999 4376//3999
f 4376//2287 4380//2287 6636//2287 6635//2287
f 4379//2288 6629//2288 6630//2288 4380//2288
f 4380//2289 6630//2289 8150//2289 6636//2289
f 4375//2277 4376//2277 4381//2277 4377//2277
f 4377//1092 4381//1092 7243//1092 7244//1092
f 4376//3846 6635//3846 6634//3846 4381//3846
f 4381//1093 6634//1093 8241//1093 7243//1093
f 4375//4000 4377//4000 4382//4000 4378//4000
f 4378//4001 4382//4001 5632//4001 5633//4001
f 4377//1103 7244//1103 7245//1103 4382//1103
f 4382//1105 7245//1105 8214//1105 5632//1105
f 4375//4002 4378//4002 4383//4002 4379//4002
f 4379//4003 4383//4003 6628//4003 6629//4003
f 4378//4004 5633//4004 5634//4004 4383//4004
f 4383//4005 5634//4005 7985//4005 6628//4005
f 4384//2300 4388//2300 4389//2300 4385//2300
f 4385//2301 4389//2301 6639//2301 6638//2301
f 4388//2302 5636//2302 5635//2302 4389//2302
f 4389//4006 5635//4006 8147//4006 6639//4006
f 4384//2290 4385//2290 4390//2290 4386//2290
f 4386//1076 4390//1076 7246//1076 7247//1076
f 4385//2291 6638//2291 6637//2291 4390//2291
f 4390//1077 6637//1077 8242//1077 7246//1077
f 4384//4007 4386//4007 4391//4007 4387//4007
f 4387//4008 4391//4008 5623//4008 5624//4008
f 4386//1087 7247//1087 7248//1087 4391//1087
f 4391//1089 7248//1089 8213//1089 5623//1089
f 4384//4009 4387//4009 4392//4009 4388//4009
f 4388//4010 4392//4010 5637//4010 5636//4010
f 4387//4011 5624//4011 5625//4011 4392//4011
f 4392//4012 5625//4012 7984//4012 5637//4012
f 4393//4013 4397//4013 4398//4013 4394//4013
f 4394//977 4398//977 7593//977 7592//977
f 4397//4014 7544//4014 7545//4014 4398//4014
f 4398//979 7545//979 8305//979 7593//979
f 4393//4015 4394//4015 4399//4015 4395//4015
f 4395//1062 4399//1062 7249//1062 7250//1062
f 4394//966 7592//966 7591//966 4399//966
f 4399//967 7591//967 8320//967 7249//967
f 4393//4016 4395//4016 4400//4016 4396//4016
f 4396//4017 4400//4017 5656//4017 5657//4017
f 4395//1072 7250//1072 7251//1072 4400//1072
f 4400//1073 7251//1073 8216//1073 5656//1073
f 4393//4018 4396//4018 4401//4018 4397//4018
f 4397//4019 4401//4019 7543//4019 7544//4019
f 4396//4020 5657//4020 5658//4020 4401//4020
f 4401//4021 5658//4021 7989//4021 7543//4021
f 4402//4022 4406//4022 4407//4022 4403//4022
f 4403//3850 4407//3850 6612//3850 6611//3850
f 4406//4023 6605//4023 6606//4023 4407//4023
f 4407//2235 6606//2235 8146//2235 6612//2235
f 4402//4024 4403//4024 4408//4024 4404//4024
f 4404//1030 4408//1030 7252//1030 7253//1030
f 4403//2223 6611//2223 6610//2223 4408//2223
f 4408//1031 6610//1031 8239//1031 7252//1031
f 4402//4025 4404//4025 4409//4025 4405//4025
f 4405//4026 4409//4026 5608//4026 5609//4026
f 4404//1041 7253//1041 7254//1041 4409//1041
f 4409//1043 7254//1043 8212//1043 5608//1043
f 4402//4027 4405//4027 4410//4027 4406//4027
f 4406//4028 4410//4028 6604//4028 6605//4028
f 4405//4029 5609//4029 5610//4029 4410//4029
f 4410//4030 5610//4030 7981//4030 6604//4030
f 4411//4031 4415//4031 4416//4031 4412//4031
f 4412//2248 4416//2248 6615//2248 6614//2248
f 4415//4032 5612//4032 5611//4032 4416//4032
f 4416//2250 5611//2250 8143//2250 6615//2250
f 4411//4033 4412//4033 4417//4033 4413//4033
f 4413//1014 4417//1014 7255//1014 7256//1014
f 4412//2238 6614//2238 6613//2238 4417//2238
f 4417//1015 6613//1015 8240//1015 7255//1015
f 4411//4034 4413//4034 4418//4034 4414//4034
f 4414//4035 4418//4035 5599//4035 5600//4035
f 4413//1025 7256//1025 7257//1025 4418//1025
f 4418//1027 7257//1027 8211//1027 5599//1027
f 4411//4036 4414//4036 4419//4036 4415//4036
f 4415//4037 4419//4037 5613//4037 5612//4037
f 4414//4038 5600//4038 5601//4038 4419//4038
f 4419//4039 5601//4039 7980//4039 5613//4039
f 4420//2180 4424//2180 4425//2180 4421//2180
f 4421//2181 4425//2181 5581//2181 5582//2181
f 4424//1456 7112//1456 7111//1456 4425//1456
f 4425//1457 7111//1457 8201//1457 5581//1457
f 4420//2182 4421//2182 4426//2182 4422//2182
f 4422//2183 4426//2183 6988//2183 6989//2183
f 4421//2184 5582//2184 5583//2184 4426//2184
f 4426//2185 5583//2185 7977//2185 6988//2185
f 4420//2186 4422//2186 4427//2186 4423//2186
f 4423//970 4427//970 7258//970 7259//970
f 4422//4040 6989//4040 6990//4040 4427//4040
f 4427//971 6990//971 8210//971 7258//971
f 4420//2179 4423//2179 4428//2179 4424//2179
f 4424//1453 4428//1453 7113//1453 7112//1453
f 4423//965 7259//965 7260//965 4428//965
f 4428//967 7260//967 8251//967 7113//967
f 4429//2194 4433//2194 4434//2194 4430//2194
f 4430//4041 4434//4041 5569//4041 5570//4041
f 4433//1163 7115//1163 7114//1163 4434//1163
f 4434//4042 7114//4042 8199//4042 5569//4042
f 4429//4043 4430//4043 4435//4043 4431//4043
f 4431//4044 4435//4044 6985//4044 6986//4044
f 4430//4045 5570//4045 5571//4045 4435//4045
f 4435//4046 5571//4046 7975//4046 6985//4046
f 4429//2200 4431//2200 4436//2200 4432//2200
f 4432//938 4436//938 7261//938 7262//938
f 4431//4047 6986//4047 6987//4047 4436//4047
f 4436//939 6987//939 8209//939 7261//939
f 4429//4048 4432//4048 4437//4048 4433//4048
f 4433//3766 4437//3766 7116//3766 7115//3766
f 4432//933 7262//933 7263//933 4437//933
f 4437//935 7263//935 8252//935 7116//935
f 4438//4049 4442//4049 4443//4049 4439//4049
f 4439//4050 4443//4050 6979//4050 6980//4050
f 4442//4051 5567//4051 5566//4051 4443//4051
f 4443//4052 5566//4052 7971//4052 6979//4052
f 4438//4053 4439//4053 4444//4053 4440//4053
f 4440//902 4444//902 7264//902 7265//902
f 4439//4054 6980//4054 6981//4054 4444//4054
f 4444//903 6981//903 8207//903 7264//903
f 4438//4055 4440//4055 4445//4055 4441//4055
f 4441//4056 4445//4056 5578//4056 5579//4056
f 4440//913 7265//913 7266//913 4445//913
f 4445//915 7266//915 8208//915 5578//915
f 4438//4057 4441//4057 4446//4057 4442//4057
f 4442//4058 4446//4058 5568//4058 5567//4058
f 4441//4059 5579//4059 5580//4059 4446//4059
f 4446//4060 5580//4060 7974//4060 5568//4060
f 4447//1163 4451//1163 4452//1163 4448//1163
f 4448//1164 4452//1164 7404//1164 7403//1164
f 4451//1163 7502//1163 7501//1163 4452//1163
f 4452//1164 7501//1164 8279//1164 7404//1164
f 4447//1163 4448//1163 4453//1163 4449//1163
f 4449//1163 4453//1163 7333//1163 7334//1163
f 4448//1164 7403//1164 7402//1164 4453//1164
f 4453//1164 7402//1164 8261//1164 7333//1164
f 4447//1159 4449//1159 4454//1159 4450//1159
f 4450//935 4454//935 7429//935 7430//935
f 4449//1159 7334//1159 7335//1159 4454//1159
f 4454//935 7335//935 8276//935 7429//935
f 4447//1159 4450//1159 4455//1159 4451//1159
f 4451//1159 4455//1159 7503//1159 7502//1159
f 4450//935 7430//935 7431//935 4455//935
f 4455//935 7431//935 8288//935 7503//935
f 4456//3874 4460//3874 4461//3874 4457//3874
f 4457//3875 4461//3875 7276//3875 7277//3875
f 4460//3874 7499//3874 7498//3874 4461//3874
f 4461//3875 7498//3875 8292//3875 7276//3875
f 4456//3874 4457//3874 4462//3874 4458//3874
f 4458//3874 4462//3874 7336//3874 7337//3874
f 4457//3875 7277//3875 7278//3875 4462//3875
f 4462//3875 7278//3875 8258//3875 7336//3875
f 4456//3882 4458//3882 4463//3882 4459//3882
f 4459//967 4463//967 7426//967 7427//967
f 4458//3882 7337//3882 7338//3882 4463//3882
f 4463//967 7338//967 8275//967 7426//967
f 4456//3882 4459//3882 4464//3882 4460//3882
f 4460//3882 4464//3882 7500//3882 7499//3882
f 4459//967 7427//967 7428//967 4464//967
f 4464//967 7428//967 8287//967 7500//967
f 4465//4061 4469//4061 4470//4061 4466//4061
f 4466//4062 4470//4062 6517//4062 6518//4062
f 4469//4063 6479//4063 6480//4063 4470//4063
f 4470//4064 6480//4064 8124//4064 6517//4064
f 4465//4065 4466//4065 4471//4065 4467//4065
f 4467//4066 4471//4066 6504//4066 6503//4066
f 4466//4067 6518//4067 6519//4067 4471//4067
f 4471//4068 6519//4068 8128//4068 6504//4068
f 4465//4069 4467//4069 4472//4069 4468//4069
f 4468//3007 4472//3007 7339//3007 7340//3007
f 4467//4070 6503//4070 6502//4070 4472//4070
f 4472//3008 6502//3008 8273//3008 7339//3008
f 4465//4071 4468//4071 4473//4071 4469//4071
f 4469//4072 4473//4072 6478//4072 6479//4072
f 4468//3002 7340//3002 7341//3002 4473//3002
f 4473//3004 7341//3004 8271//3004 6478//3004
f 4474//2942 4478//2942 4479//2942 4475//2942
f 4475//2942 4479//2942 7497//2942 7496//2942
f 4478//2944 7418//2944 7419//2944 4479//2944
f 4479//2944 7419//2944 8284//2944 7497//2944
f 4474//2947 4475//2947 4480//2947 4476//2947
f 4476//2948 4480//2948 7422//2948 7421//2948
f 4475//2947 7496//2947 7495//2947 4480//2947
f 4480//2948 7495//2948 8285//2948 7422//2948
f 4474//2947 4476//2947 4481//2947 4477//2947
f 4477//2947 4481//2947 7342//2947 7343//2947
f 4476//2948 7421//2948 7420//2948 4481//2948
f 4481//2948 7420//2948 8272//2948 7342//2948
f 4474//2942 4477//2942 4482//2942 4478//2942
f 4478//2944 4482//2944 7417//2944 7418//2944
f 4477//2942 7343//2942 7344//2942 4482//2942
f 4482//2944 7344//2944 8270//2944 7417//2944
f 4483//4073 4487//4073 4488//4073 4484//4073
f 4484//4074 4488//4074 6495//4074 6494//4074
f 4487//4075 6455//4075 6456//4075 4488//4075
f 4488//4076 6456//4076 8120//4076 6495//4076
f 4483//4077 4484//4077 4489//4077 4485//4077
f 4485//4078 4489//4078 6480//4078 6479//4078
f 4484//4079 6494//4079 6493//4079 4489//4079
f 4489//4080 6493//4080 8124//4080 6480//4080
f 4483//4081 4485//4081 4490//4081 4486//4081
f 4486//2931 4490//2931 7345//2931 7346//2931
f 4485//4082 6479//4082 6478//4082 4490//4082
f 4490//2932 6478//2932 8271//2932 7345//2932
f 4483//4083 4486//4083 4491//4083 4487//4083
f 4487//4084 4491//4084 6454//4084 6455//4084
f 4486//2926 7346//2926 7347//2926 4491//2926
f 4491//2928 7347//2928 8269//2928 6454//2928
f 4492//2910 4496//2910 4497//2910 4493//2910
f 4493//2910 4497//2910 7494//2910 7493//2910
f 4496//2912 7421//2912 7422//2912 4497//2912
f 4497//2912 7422//2912 8285//2912 7494//2912
f 4492//2915 4493//2915 4498//2915 4494//2915
f 4494//2916 4498//2916 7425//2916 7424//2916
f 4493//2915 7493//2915 7492//2915 4498//2915
f 4498//2916 7492//2916 8286//2916 7425//2916
f 4492//2915 4494//2915 4499//2915 4495//2915
f 4495//2915 4499//2915 7348//2915 7349//2915
f 4494//2916 7424//2916 7423//2916 4499//2916
f 4499//2916 7423//2916 8274//2916 7348//2916
f 4492//2910 4495//2910 4500//2910 4496//2910
f 4496//2912 4500//2912 7420//2912 7421//2912
f 4495//2910 7349//2910 7350//2910 4500//2910
f 4500//2912 7350//2912 8272//2912 7420//2912
f 4501//4085 4505//4085 4506//4085 4502//4085
f 4502//4086 4506//4086 6463//4086 6464//4086
f 4505//4087 6101//4087 6102//4087 4506//4087
f 4506//4088 6102//4088 8056//4088 6463//4088
f 4501//4089 4502//4089 4507//4089 4503//4089
f 4503//4090 4507//4090 6456//4090 6455//4090
f 4502//4091 6464//4091 6465//4091 4507//4091
f 4507//4092 6465//4092 8120//4092 6456//4092
f 4501//4093 4503//4093 4508//4093 4504//4093
f 4504//2899 4508//2899 7351//2899 7352//2899
f 4503//4094 6455//4094 6454//4094 4508//4094
f 4508//2900 6454//2900 8269//2900 7351//2900
f 4501//4095 4504//4095 4509//4095 4505//4095
f 4505//4096 4509//4096 6100//4096 6101//4096
f 4504//2894 7352//2894 7353//2894 4509//2894
f 4509//2896 7353//2896 8256//2896 6100//2896
f 4510//2878 4514//2878 4515//2878 4511//2878
f 4511//2878 4515//2878 7491//2878 7490//2878
f 4514//2880 7400//2880 7401//2880 4515//2880
f 4515//2880 7401//2880 8278//2880 7491//2880
f 4510//2883 4511//2883 4516//2883 4512//2883
f 4512//2884 4516//2884 7419//2884 7418//2884
f 4511//2883 7490//2883 7489//2883 4516//2883
f 4516//2884 7489//2884 8284//2884 7419//2884
f 4510//2883 4512//2883 4517//2883 4513//2883
f 4513//2883 4517//2883 7354//2883 7355//2883
f 4512//2884 7418//2884 7417//2884 4517//2884
f 4517//2884 7417//2884 8270//2884 7354//2884
f 4510//2878 4513//2878 4518//2878 4514//2878
f 4514//2880 4518//2880 7399//2880 7400//2880
f 4513//2878 7355//2878 7356//2878 4518//2878
f 4518//2880 7356//2880 8260//2880 7399//2880
f 4519//2817 4523//2817 4524//2817 4520//2817
f 4520//2817 4524//2817 7488//2817 7487//2817
f 4523//2819 7277//2819 7276//2819 4524//2819
f 4524//2819 7276//2819 8292//2819 7488//2819
f 4519//2822 4520//2822 4525//2822 4521//2822
f 4521//2823 4525//2823 7416//2823 7415//2823
f 4520//2822 7487//2822 7486//2822 4525//2822
f 4525//2823 7486//2823 8283//2823 7416//2823
f 4519//2822 4521//2822 4526//2822 4522//2822
f 4522//2822 4526//2822 7357//2822 7358//2822
f 4521//2823 7415//2823 7414//2823 4526//2823
f 4526//2823 7414//2823 8268//2823 7357//2823
f 4519//2817 4522//2817 4527//2817 4523//2817
f 4523//2819 4527//2819 7278//2819 7277//2819
f 4522//2817 7358//2817 7359//2817 4527//2817
f 4527//2819 7359//2819 8258//2819 7278//2819
f 4528//4097 4532//4097 4533//4097 4529//4097
f 4529//4098 4533//4098 6438//4098 6437//4098
f 4532//4099 7301//4099 7300//4099 4533//4099
f 4533//4100 7300//4100 8112//4100 6438//4100
f 4528//4101 4529//4101 4534//4101 4530//4101
f 4530//4102 4534//4102 7306//4102 7307//4102
f 4529//4103 6437//4103 6436//4103 4534//4103
f 4534//4104 6436//4104 8116//4104 7306//4104
f 4528//4105 4530//4105 4535//4105 4531//4105
f 4531//2790 4535//2790 7360//2790 7361//2790
f 4530//4106 7307//4106 7308//4106 4535//4106
f 4535//2791 7308//2791 8268//2791 7360//2791
f 4528//4107 4531//4107 4536//4107 4532//4107
f 4532//4108 4536//4108 7302//4108 7301//4108
f 4531//2785 7361//2785 7362//2785 4536//2785
f 4536//2787 7362//2787 8266//2787 7302//2787
f 4537//2769 4541//2769 4542//2769 4538//2769
f 4538//2769 4542//2769 7485//2769 7484//2769
f 4541//2771 7298//2771 7297//2771 4542//2771
f 4542//2771 7297//2771 8294//2771 7485//2771
f 4537//2774 4538//2774 4543//2774 4539//2774
f 4539//2775 4543//2775 7303//2775 7304//2775
f 4538//2774 7484//2774 7483//2774 4543//2774
f 4543//2775 7483//2775 8295//2775 7303//2775
f 4537//2774 4539//2774 4544//2774 4540//2774
f 4540//2774 4544//2774 7363//2774 7364//2774
f 4539//2775 7304//2775 7305//2775 4544//2775
f 4544//2775 7305//2775 8267//2775 7363//2775
f 4537//2769 4540//2769 4545//2769 4541//2769
f 4541//2771 4545//2771 7299//2771 7298//2771
f 4540//2769 7364//2769 7365//2769 4545//2769
f 4545//2771 7365//2771 8265//2771 7299//2771
f 4546//4109 4550//4109 4551//4109 4547//4109
f 4547//4110 4551//4110 6442//4110 6443//4110
f 4550//4111 6200//4111 6201//4111 4551//4111
f 4551//4112 6201//4112 8078//4112 6442//4112
f 4546//4113 4547//4113 4552//4113 4548//4113
f 4548//4114 4552//4114 6420//4114 6419//4114
f 4547//4115 6443//4115 6444//4115 4552//4115
f 4552//4116 6444//4116 8115//4116 6420//4116
f 4546//4117 4548//4117 4553//4117 4549//4117
f 4549//2758 4553//2758 7366//2758 7367//2758
f 4548//4118 6419//4118 6418//4118 4553//4118
f 4553//2759 6418//2759 8267//2759 7366//2759
f 4546//4119 4549//4119 4554//4119 4550//4119
f 4550//4120 4554//4120 6199//4120 6200//4120
f 4549//2753 7367//2753 7368//2753 4554//2753
f 4554//2755 7368//2755 8257//2755 6199//2755
f 4555//4121 4559//4121 4560//4121 4556//4121
f 4556//4122 4560//4122 6403//4122 6404//4122
f 4559//4123 7295//4123 7294//4123 4560//4123
f 4560//4124 7294//4124 8108//4124 6403//4124
f 4555//4125 4556//4125 4561//4125 4557//4125
f 4557//4126 4561//4126 7300//4126 7301//4126
f 4556//4127 6404//4127 6405//4127 4561//4127
f 4561//4128 6405//4128 8112//4128 7300//4128
f 4555//4129 4557//4129 4562//4129 4558//4129
f 4558//2742 4562//2742 7369//2742 7370//2742
f 4557//4130 7301//4130 7302//4130 4562//4130
f 4562//2743 7302//2743 8266//2743 7369//2743
f 4555//4131 4558//4131 4563//4131 4559//4131
f 4559//4132 4563//4132 7296//4132 7295//4132
f 4558//2737 7370//2737 7371//2737 4563//2737
f 4563//2739 7371//2739 8264//2739 7296//2739
f 4564//2721 4568//2721 4569//2721 4565//2721
f 4565//2721 4569//2721 7482//2721 7481//2721
f 4568//2723 7292//2723 7291//2723 4569//2723
f 4569//2723 7291//2723 8293//2723 7482//2723
f 4564//2726 4565//2726 4570//2726 4566//2726
f 4566//2727 4570//2727 7297//2727 7298//2727
f 4565//2726 7481//2726 7480//2726 4570//2726
f 4570//2727 7480//2727 8294//2727 7297//2727
f 4564//2726 4566//2726 4571//2726 4567//2726
f 4567//2726 4571//2726 7372//2726 7373//2726
f 4566//2727 7298//2727 7299//2727 4571//2727
f 4571//2727 7299//2727 8265//2727 7372//2727
f 4564//2721 4567//2721 4572//2721 4568//2721
f 4568//2723 4572//2723 7293//2723 7292//2723
f 4567//2721 7373//2721 7374//2721 4572//2721
f 4572//2723 7374//2723 8263//2723 7293//2723
f 4573//2641 4577//2641 4578//2641 4574//2641
f 4574//2641 4578//2641 7479//2641 7478//2641
f 4577//2643 7268//2643 7267//2643 4578//2643
f 4578//2643 7267//2643 8289//2643 7479//2643
f 4573//2646 4574//2646 4579//2646 4575//2646
f 4575//2647 4579//2647 7291//2647 7292//2647
f 4574//2646 7478//2646 7477//2646 4579//2646
f 4579//2647 7477//2647 8293//2647 7291//2647
f 4573//2646 4575//2646 4580//2646 4576//2646
f 4576//2646 4580//2646 7375//2646 7376//2646
f 4575//2647 7292//2647 7293//2647 4580//2647
f 4580//2647 7293//2647 8263//2647 7375//2647
f 4573//2641 4576//2641 4581//2641 4577//2641
f 4577//2643 4581//2643 7269//2643 7268//2643
f 4576//2641 7376//2641 7377//2641 4581//2641
f 4581//2643 7377//2643 8255//2643 7269//2643
f 4582//966 4586//966 4587//966 4583//966
f 4583//967 4587//967 7428//967 7427//967
f 4586//966 7475//966 7474//966 4587//966
f 4587//967 7474//967 8287//967 7428//967
f 4582//966 4583//966 4588//966 4584//966
f 4584//966 4588//966 7378//966 7379//966
f 4583//967 7427//967 7426//967 4588//967
f 4588//967 7426//967 8275//967 7378//967
f 4582//977 4584//977 4589//977 4585//977
f 4585//979 4589//979 7405//979 7406//979
f 4584//977 7379//977 7380//977 4589//977
f 4589//979 7380//979 8262//979 7405//979
f 4582//977 4585//977 4590//977 4586//977
f 4586//977 4590//977 7476//977 7475//977
f 4585//979 7406//979 7407//979 4590//979
f 4590//979 7407//979 8280//979 7476//979
f 4591//993 4595//993 4596//993 4592//993
f 4592//995 4596//995 7407//995 7406//995
f 4595//993 7472//993 7471//993 4596//993
f 4596//995 7471//995 8280//995 7407//995
f 4591//993 4592//993 4597//993 4593//993
f 4593//993 4597//993 7381//993 7382//993
f 4592//995 7406//995 7405//995 4597//995
f 4597//995 7405//995 8262//995 7381//995
f 4591//982 4593//982 4598//982 4594//982
f 4594//983 4598//983 7402//983 7403//983
f 4593//982 7382//982 7383//982 4598//982
f 4598//983 7383//983 8261//983 7402//983
f 4591//982 4594//982 4599//982 4595//982
f 4595//982 4599//982 7473//982 7472//982
f 4594//983 7403//983 7404//983 4599//983
f 4599//983 7404//983 8279//983 7473//983
f 4600//2266 4604//2266 4605//2266 4601//2266
f 4601//935 4605//935 7431//935 7430//935
f 4604//2266 7469//2266 7468//2266 4605//2266
f 4605//935 7468//935 8288//935 7431//935
f 4600//2266 4601//2266 4606//2266 4602//2266
f 4602//2266 4606//2266 7384//2266 7385//2266
f 4601//935 7430//935 7429//935 4606//935
f 4606//935 7429//935 8276//935 7384//935
f 4600//2274 4602//2274 4607//2274 4603//2274
f 4603//2276 4607//2276 7275//2276 7274//2276
f 4602//2274 7385//2274 7386//2274 4607//2274
f 4607//2276 7386//2276 8257//2276 7275//2276
f 4600//2274 4603//2274 4608//2274 4604//2274
f 4604//2274 4608//2274 7470//2274 7469//2274
f 4603//2276 7274//2276 7273//2276 4608//2276
f 4608//2276 7273//2276 8291//2276 7470//2276
f 4609//2121 4613//2121 4614//2121 4610//2121
f 4610//2122 4614//2122 7267//2122 7268//2122
f 4613//2121 7466//2121 7465//2121 4614//2121
f 4614//2122 7465//2122 8289//2122 7267//2122
f 4609//2121 4610//2121 4615//2121 4611//2121
f 4611//2121 4615//2121 7387//2121 7388//2121
f 4610//2122 7268//2122 7269//2122 4615//2122
f 4615//2122 7269//2122 8255//2122 7387//2122
f 4609//2132 4611//2132 4616//2132 4612//2132
f 4612//2134 4616//2134 7272//2134 7271//2134
f 4611//2132 7388//2132 7389//2132 4616//2132
f 4616//2134 7389//2134 8256//2134 7272//2134
f 4609//2132 4612//2132 4617//2132 4613//2132
f 4613//2132 4617//2132 7467//2132 7466//2132
f 4612//2134 7271//2134 7270//2134 4617//2134
f 4617//2134 7270//2134 8290//2134 7467//2134
f 4618//2105 4622//2105 4623//2105 4619//2105
f 4619//2106 4623//2106 7401//2106 7400//2106
f 4622//2105 7463//2105 7462//2105 4623//2105
f 4623//2106 7462//2106 8278//2106 7401//2106
f 4618//2105 4619//2105 4624//2105 4620//2105
f 4620//2105 4624//2105 7390//2105 7391//2105
f 4619//2106 7400//2106 7399//2106 4624//2106
f 4624//2106 7399//2106 8260//2106 7390//2106
f 4618//2116 4620//2116 4625//2116 4621//2116
f 4621//2118 4625//2118 7396//2118 7397//2118
f 4620//2116 7391//2116 7392//2116 4625//2116
f 4625//2118 7392//2118 8259//2118 7396//2118
f 4618//2116 4621//2116 4626//2116 4622//2116
f 4622//2116 4626//2116 7464//2116 7463//2116
f 4621//2118 7397//2118 7398//2118 4626//2118
f 4626//2118 7398//2118 8277//2118 7464//2118
f 4627//4133 4631//4133 4632//4133 4628//4133
f 4628//4134 4632//4134 6384//4134 6383//4134
f 4631//4135 7280//4135 7279//4135 4632//4135
f 4632//4136 7279//4136 8057//4136 6384//4136
f 4627//4137 4628//4137 4633//4137 4629//4137
f 4629//4138 4633//4138 7294//4138 7295//4138
f 4628//4139 6383//4139 6382//4139 4633//4139
f 4633//4140 6382//4140 8108//4140 7294//4140
f 4627//4141 4629//4141 4634//4141 4630//4141
f 4630//2029 4634//2029 7393//2029 7394//2029
f 4629//4142 7295//4142 7296//4142 4634//4142
f 4634//2030 7296//2030 8264//2030 7393//2030
f 4627//4143 4630//4143 4635//4143 4631//4143
f 4631//4144 4635//4144 7281//4144 7280//4144
f 4630//2024 7394//2024 7395//2024 4635//2024
f 4635//2026 7395//2026 8259//2026 7281//2026
f 4636//4145 4640//4145 4641//4145 4637//4145
f 4637//4146 4641//4146 6327//4146 6326//4146
f 4640//4147 6338//4147 6339//4147 4641//4147
f 4641//4148 6339//4148 8101//4148 6327//4148
f 4636//4149 4637//4149 4642//4149 4638//4149
f 4638//2105 4642//2105 7462//2105 7463//2105
f 4637//4150 6326//4150 6325//4150 4642//4150
f 4642//2106 6325//2106 8278//2106 7462//2106
f 4636//4151 4638//4151 4643//4151 4639//4151
f 4639//4152 4643//4152 6322//4152 6323//4152
f 4638//2116 7463//2116 7464//2116 4643//2116
f 4643//2118 7464//2118 8277//2118 6322//2118
f 4636//4153 4639//4153 4644//4153 4640//4153
f 4640//4154 4644//4154 6337//4154 6338//4154
f 4639//4155 6323//4155 6324//4155 4644//4155
f 4644//4156 6324//4156 8100//4156 6337//4156
f 4645//4157 4649//4157 4650//4157 4646//4157
f 4646//4158 4650//4158 7432//4158 7433//4158
f 4649//4159 6335//4159 6336//4159 4650//4159
f 4650//4160 6336//4160 8099//4160 7432//4160
f 4645//4161 4646//4161 4651//4161 4647//4161
f 4647//2121 4651//2121 7465//2121 7466//2121
f 4646//4162 7433//4162 7434//4162 4651//4162
f 4651//2122 7434//2122 8289//2122 7465//2122
f 4645//4163 4647//4163 4652//4163 4648//4163
f 4648//4164 4652//4164 7437//4164 7436//4164
f 4647//2132 7466//2132 7467//2132 4652//2132
f 4652//2134 7467//2134 8290//2134 7437//2134
f 4645//4165 4648//4165 4653//4165 4649//4165
f 4649//4166 4653//4166 6334//4166 6335//4166
f 4648//4167 7436//4167 7435//4167 4653//4167
f 4653//4168 7435//4168 8102//4168 6334//4168
f 4654//4169 4658//4169 4659//4169 4655//4169
f 4655//935 4659//935 7206//935 7205//935
f 4658//4170 7067//4170 7068//4170 4659//4170
f 4659//935 7068//935 8236//935 7206//935
f 4654//4171 4655//4171 4660//4171 4656//4171
f 4656//2266 4660//2266 7468//2266 7469//2266
f 4655//935 7205//935 7204//935 4660//935
f 4660//935 7204//935 8288//935 7468//935
f 4654//4172 4656//4172 4661//4172 4657//4172
f 4657//4173 4661//4173 7440//4173 7439//4173
f 4656//2274 7469//2274 7470//2274 4661//2274
f 4661//2276 7470//2276 8291//2276 7440//2276
f 4654//4174 4657//4174 4662//4174 4658//4174
f 4658//4175 4662//4175 7066//4175 7067//4175
f 4657//4176 7439//4176 7438//4176 4662//4176
f 4662//4177 7438//4177 8103//4177 7066//4177
f 4663//993 4667//993 4668//993 4664//993
f 4664//995 4668//995 6351//995 6350//995
f 4667//993 6362//993 6363//993 4668//993
f 4668//995 6363//995 8105//995 6351//995
f 4663//993 4664//993 4669//993 4665//993
f 4665//993 4669//993 7471//993 7472//993
f 4664//995 6350//995 6349//995 4669//995
f 4669//995 6349//995 8280//995 7471//995
f 4663//982 4665//982 4670//982 4666//982
f 4666//983 4670//983 6346//983 6347//983
f 4665//982 7472//982 7473//982 4670//982
f 4670//983 7473//983 8279//983 6346//983
f 4663//982 4666//982 4671//982 4667//982
f 4667//982 4671//982 6361//982 6362//982
f 4666//983 6347//983 6348//983 4671//983
f 4671//983 6348//983 8104//983 6361//983
f 4672//966 4676//966 4677//966 4673//966
f 4673//967 4677//967 7194//967 7193//967
f 4676//966 7064//966 7065//966 4677//966
f 4677//967 7065//967 8235//967 7194//967
f 4672//966 4673//966 4678//966 4674//966
f 4674//966 4678//966 7474//966 7475//966
f 4673//967 7193//967 7192//967 4678//967
f 4678//967 7192//967 8287//967 7474//967
f 4672//977 4674//977 4679//977 4675//977
f 4675//979 4679//979 6349//979 6350//979
f 4674//977 7475//977 7476//977 4679//977
f 4679//979 7476//979 8280//979 6349//979
f 4672//977 4675//977 4680//977 4676//977
f 4676//977 4680//977 7063//977 7064//977
f 4675//3953 6350//3953 6351//3953 4680//3953
f 4680//3952 6351//3952 8105//3952 7063//3952
f 4681//4178 4685//4178 4686//4178 4682//4178
f 4682//4179 4686//4179 6390//4179 6389//4179
f 4685//4180 7433//4180 7432//4180 4686//4180
f 4686//4181 7432//4181 8099//4181 6390//4181
f 4681//4182 4682//4182 4687//4182 4683//4182
f 4683//4183 4687//4183 7444//4183 7445//4183
f 4682//4184 6389//4184 6388//4184 4687//4184
f 4687//4185 6388//4185 8109//4185 7444//4185
f 4681//4186 4683//4186 4688//4186 4684//4186
f 4684//2646 4688//2646 7477//2646 7478//2646
f 4683//4187 7445//4187 7446//4187 4688//4187
f 4688//2647 7446//2647 8293//2647 7477//2647
f 4681//4188 4684//4188 4689//4188 4685//4188
f 4685//4189 4689//4189 7434//4189 7433//4189
f 4684//2641 7478//2641 7479//2641 4689//2641
f 4689//2643 7479//2643 8289//2643 7434//2643
f 4690//4190 4694//4190 4695//4190 4691//4190
f 4691//4191 4695//4191 6409//4191 6410//4191
f 4694//4192 7445//4192 7444//4192 4695//4192
f 4695//4193 7444//4193 8109//4193 6409//4193
f 4690//4194 4691//4194 4696//4194 4692//4194
f 4692//4195 4696//4195 7447//4195 7448//4195
f 4691//4196 6410//4196 6411//4196 4696//4196
f 4696//4197 6411//4197 8113//4197 7447//4197
f 4690//4198 4692//4198 4697//4198 4693//4198
f 4693//2726 4697//2726 7480//2726 7481//2726
f 4692//4199 7448//4199 7449//4199 4697//4199
f 4697//2727 7449//2727 8294//2727 7480//2727
f 4690//4200 4693//4200 4698//4200 4694//4200
f 4694//4201 4698//4201 7446//4201 7445//4201
f 4693//2721 7481//2721 7482//2721 4698//2721
f 4698//2723 7482//2723 8293//2723 7446//2723
f 4699//4202 4703//4202 4704//4202 4700//4202
f 4700//4203 4704//4203 6427//4203 6428//4203
f 4703//4204 7448//4204 7447//4204 4704//4204
f 4704//4205 7447//4205 8113//4205 6427//4205
f 4699//4206 4700//4206 4705//4206 4701//4206
f 4701//4207 4705//4207 7450//4207 7451//4207
f 4700//4208 6428//4208 6429//4208 4705//4208
f 4705//4209 6429//4209 8117//4209 7450//4209
f 4699//4210 4701//4210 4706//4210 4702//4210
f 4702//2774 4706//2774 7483//2774 7484//2774
f 4701//4211 7451//4211 7452//4211 4706//4211
f 4706//2775 7452//2775 8295//2775 7483//2775
f 4699//4212 4702//4212 4707//4212 4703//4212
f 4703//4213 4707//4213 7449//4213 7448//4213
f 4702//2769 7484//2769 7485//2769 4707//2769
f 4707//2771 7485//2771 8294//2771 7449//2771
f 4708//4214 4712//4214 4713//4214 4709//4214
f 4709//4215 4713//4215 6445//4215 6446//4215
f 4712//4216 7442//4216 7441//4216 4713//4216
f 4713//4217 7441//4217 8106//4217 6445//4217
f 4708//4218 4709//4218 4714//4218 4710//4218
f 4710//4219 4714//4219 6423//4219 6422//4219
f 4709//4220 6446//4220 6447//4220 4714//4220
f 4714//4221 6447//4221 8118//4221 6423//4221
f 4708//4222 4710//4222 4715//4222 4711//4222
f 4711//2822 4715//2822 7486//2822 7487//2822
f 4710//4223 6422//4223 6421//4223 4715//4223
f 4715//2823 6421//2823 8283//2823 7486//2823
f 4708//4224 4711//4224 4716//4224 4712//4224
f 4712//4225 4716//4225 7443//4225 7442//4225
f 4711//2817 7487//2817 7488//2817 4716//2817
f 4716//2819 7488//2819 8292//2819 7443//2819
f 4717//4226 4721//4226 4722//4226 4718//4226
f 4718//4227 4722//4227 6469//4227 6470//4227
f 4721//4228 6326//4228 6327//4228 4722//4228
f 4722//4229 6327//4229 8101//4229 6469//4229
f 4717//4230 4718//4230 4723//4230 4719//4230
f 4719//4231 4723//4231 6459//4231 6458//4231
f 4718//4232 6470//4232 6471//4232 4723//4232
f 4723//4233 6471//4233 8122//4233 6459//4233
f 4717//4234 4719//4234 4724//4234 4720//4234
f 4720//2883 4724//2883 7489//2883 7490//2883
f 4719//4235 6458//4235 6457//4235 4724//4235
f 4724//2884 6457//2884 8284//2884 7489//2884
f 4717//4236 4720//4236 4725//4236 4721//4236
f 4721//4237 4725//4237 6325//4237 6326//4237
f 4720//2878 7490//2878 7491//2878 4725//2878
f 4725//2880 7491//2880 8278//2880 6325//2880
f 4726//4238 4730//4238 4731//4238 4727//4238
f 4727//4239 4731//4239 6516//4239 6515//4239
f 4730//4240 6482//4240 6483//4240 4731//4240
f 4731//4241 6483//4241 8126//4241 6516//4241
f 4726//4242 4727//4242 4732//4242 4728//4242
f 4728//4243 4732//4243 6507//4243 6506//4243
f 4727//4244 6515//4244 6514//4244 4732//4244
f 4732//4245 6514//4245 8130//4245 6507//4245
f 4726//4246 4728//4246 4733//4246 4729//4246
f 4729//2915 4733//2915 7492//2915 7493//2915
f 4728//4247 6506//4247 6505//4247 4733//4247
f 4733//2916 6505//2916 8286//2916 7492//2916
f 4726//4248 4729//4248 4734//4248 4730//4248
f 4730//4249 4734//4249 6481//4249 6482//4249
f 4729//2910 7493//2910 7494//2910 4734//2910
f 4734//2912 7494//2912 8285//2912 6481//2912
f 4735//4250 4739//4250 4740//4250 4736//4250
f 4736//4251 4740//4251 6487//4251 6488//4251
f 4739//4252 6458//4252 6459//4252 4740//4252
f 4740//4253 6459//4253 8122//4253 6487//4253
f 4735//4254 4736//4254 4741//4254 4737//4254
f 4737//4255 4741//4255 6483//4255 6482//4255
f 4736//4256 6488//4256 6489//4256 4741//4256
f 4741//4257 6489//4257 8126//4257 6483//4257
f 4735//4258 4737//4258 4742//4258 4738//4258
f 4738//2947 4742//2947 7495//2947 7496//2947
f 4737//4259 6482//4259 6481//4259 4742//4259
f 4742//2948 6481//2948 8285//2948 7495//2948
f 4735//4260 4738//4260 4743//4260 4739//4260
f 4739//4261 4743//4261 6457//4261 6458//4261
f 4738//2942 7496//2942 7497//2942 4743//2942
f 4743//2944 7497//2944 8284//2944 6457//2944
f 4744//4262 4748//4262 4749//4262 4745//4262
f 4745//4263 4749//4263 7441//4263 7442//4263
f 4748//4264 6356//4264 6357//4264 4749//4264
f 4749//4265 6357//4265 8106//4265 7441//4265
f 4744//4266 4745//4266 4750//4266 4746//4266
f 4746//3874 4750//3874 7498//3874 7499//3874
f 4745//4267 7442//4267 7443//4267 4750//4267
f 4750//3875 7443//3875 8292//3875 7498//3875
f 4744//4268 4746//4268 4751//4268 4747//4268
f 4747//967 4751//967 7192//967 7193//967
f 4746//3882 7499//3882 7500//3882 4751//3882
f 4751//967 7500//967 8287//967 7192//967
f 4744//4269 4747//4269 4752//4269 4748//4269
f 4748//4270 4752//4270 6355//4270 6356//4270
f 4747//967 7193//967 7194//967 4752//967
f 4752//967 7194//967 8235//967 6355//967
f 4753//1163 4757//1163 4758//1163 4754//1163
f 4754//1164 4758//1164 6348//1164 6347//1164
f 4757//1163 6365//1163 6366//1163 4758//1163
f 4758//1164 6366//1164 8104//1164 6348//1164
f 4753//1163 4754//1163 4759//1163 4755//1163
f 4755//1163 4759//1163 7501//1163 7502//1163
f 4754//1164 6347//1164 6346//1164 4759//1164
f 4759//1164 6346//1164 8279//1164 7501//1164
f 4753//1159 4755//1159 4760//1159 4756//1159
f 4756//935 4760//935 7204//935 7205//935
f 4755//1159 7502//1159 7503//1159 4760//1159
f 4760//935 7503//935 8288//935 7204//935
f 4753//1159 4756//1159 4761//1159 4757//1159
f 4757//1159 4761//1159 6364//1159 6365//1159
f 4756//935 7205//935 7206//935 4761//935
f 4761//935 7206//935 8236//935 6364//935
f 4762//3002 4766//3002 4767//3002 4763//3002
f 4763//3002 4767//3002 7341//3002 7340//3002
f 4766//3004 7316//3004 7317//3004 4767//3004
f 4767//3004 7317//3004 8271//3004 7341//3004
f 4762//3007 4763//3007 4768//3007 4764//3007
f 4764//3008 4768//3008 7323//3008 7322//3008
f 4763//3007 7340//3007 7339//3007 4768//3007
f 4768//3008 7339//3008 8273//3008 7323//3008
f 4762//3007 4764//3007 4769//3007 4765//3007
f 4765//3007 4769//3007 7504//3007 7505//3007
f 4764//3008 7322//3008 7321//3008 4769//3008
f 4769//3008 7321//3008 8298//3008 7504//3008
f 4762//3002 4765//3002 4770//3002 4766//3002
f 4766//3004 4770//3004 7315//3004 7316//3004
f 4765//3002 7505//3002 7506//3002 4770//3002
f 4770//3004 7506//3004 8297//3004 7315//3004
f 4771//2926 4775//2926 4776//2926 4772//2926
f 4772//2926 4776//2926 7347//2926 7346//2926
f 4775//2928 7310//2928 7311//2928 4776//2928
f 4776//2928 7311//2928 8269//2928 7347//2928
f 4771//2931 4772//2931 4777//2931 4773//2931
f 4773//2932 4777//2932 7317//2932 7316//2932
f 4772//2931 7346//2931 7345//2931 4777//2931
f 4777//2932 7345//2932 8271//2932 7317//2932
f 4771//2931 4773//2931 4778//2931 4774//2931
f 4774//2931 4778//2931 7507//2931 7508//2931
f 4773//2932 7316//2932 7315//2932 4778//2932
f 4778//2932 7315//2932 8297//2932 7507//2932
f 4771//2926 4774//2926 4779//2926 4775//2926
f 4775//2928 4779//2928 7309//2928 7310//2928
f 4774//2926 7508//2926 7509//2926 4779//2926
f 4779//2928 7509//2928 8296//2928 7309//2928
f 4780//2894 4784//2894 4785//2894 4781//2894
f 4781//2894 4785//2894 7353//2894 7352//2894
f 4784//2896 7271//2896 7272//2896 4785//2896
f 4785//2896 7272//2896 8256//2896 7353//2896
f 4780//2899 4781//2899 4786//2899 4782//2899
f 4782//2900 4786//2900 7311//2900 7310//2900
f 4781//2899 7352//2899 7351//2899 4786//2899
f 4786//2900 7351//2900 8269//2900 7311//2900
f 4780//2899 4782//2899 4787//2899 4783//2899
f 4783//2899 4787//2899 7510//2899 7511//2899
f 4782//2900 7310//2900 7309//2900 4787//2900
f 4787//2900 7309//2900 8296//2900 7510//2900
f 4780//2894 4783//2894 4788//2894 4784//2894
f 4784//2896 4788//2896 7270//2896 7271//2896
f 4783//2894 7511//2894 7512//2894 4788//2894
f 4788//2896 7512//2896 8290//2896 7270//2896
f 4789//2785 4793//2785 4794//2785 4790//2785
f 4790//2785 4794//2785 7362//2785 7361//2785
f 4793//2787 7412//2787 7411//2787 4794//2787
f 4794//2787 7411//2787 8266//2787 7362//2787
f 4789//2790 4790//2790 4795//2790 4791//2790
f 4791//2791 4795//2791 7414//2791 7415//2791
f 4790//2790 7361//2790 7360//2790 4795//2790
f 4795//2791 7360//2791 8268//2791 7414//2791
f 4789//2790 4791//2790 4796//2790 4792//2790
f 4792//2790 4796//2790 7513//2790 7514//2790
f 4791//2791 7415//2791 7416//2791 4796//2791
f 4796//2791 7416//2791 8283//2791 7513//2791
f 4789//2785 4792//2785 4797//2785 4793//2785
f 4793//2787 4797//2787 7413//2787 7412//2787
f 4792//2785 7514//2785 7515//2785 4797//2785
f 4797//2787 7515//2787 8282//2787 7413//2787
f 4798//2753 4802//2753 4803//2753 4799//2753
f 4799//2753 4803//2753 7368//2753 7367//2753
f 4802//2755 7274//2755 7275//2755 4803//2755
f 4803//4271 7275//4271 8257//4271 7368//4271
f 4798//2758 4799//2758 4804//2758 4800//2758
f 4800//2759 4804//2759 7305//2759 7304//2759
f 4799//2758 7367//2758 7366//2758 4804//2758
f 4804//2759 7366//2759 8267//2759 7305//2759
f 4798//2758 4800//2758 4805//2758 4801//2758
f 4801//2758 4805//2758 7516//2758 7517//2758
f 4800//2759 7304//2759 7303//2759 4805//2759
f 4805//2759 7303//2759 8295//2759 7516//2759
f 4798//2753 4801//2753 4806//2753 4802//2753
f 4802//4271 4806//4271 7273//4271 7274//4271
f 4801//2753 7517//2753 7518//2753 4806//2753
f 4806//2755 7518//2755 8291//2755 7273//2755
f 4807//2737 4811//2737 4812//2737 4808//2737
f 4808//2737 4812//2737 7371//2737 7370//2737
f 4811//2739 7409//2739 7408//2739 4812//2739
f 4812//2739 7408//2739 8264//2739 7371//2739
f 4807//2742 4808//2742 4813//2742 4809//2742
f 4809//2743 4813//2743 7411//2743 7412//2743
f 4808//2742 7370//2742 7369//2742 4813//2742
f 4813//2743 7369//2743 8266//2743 7411//2743
f 4807//2742 4809//2742 4814//2742 4810//2742
f 4810//2742 4814//2742 7519//2742 7520//2742
f 4809//2743 7412//2743 7413//2743 4814//2743
f 4814//2743 7413//2743 8282//2743 7519//2743
f 4807//2737 4810//2737 4815//2737 4811//2737
f 4811//2739 4815//2739 7410//2739 7409//2739
f 4810//2737 7520//2737 7521//2737 4815//2737
f 4815//2739 7521//2739 8281//2739 7410//2739
f 4816//2024 4820//2024 4821//2024 4817//2024
f 4817//2024 4821//2024 7395//2024 7394//2024
f 4820//2026 7397//2026 7396//2026 4821//2026
f 4821//2026 7396//2026 8259//2026 7395//2026
f 4816//2029 4817//2029 4822//2029 4818//2029
f 4818//2030 4822//2030 7408//2030 7409//2030
f 4817//2029 7394//2029 7393//2029 4822//2029
f 4822//2030 7393//2030 8264//2030 7408//2030
f 4816//2029 4818//2029 4823//2029 4819//2029
f 4819//2029 4823//2029 7522//2029 7523//2029
f 4818//2030 7409//2030 7410//2030 4823//2030
f 4823//2030 7410//2030 8281//2030 7522//2030
f 4816//2024 4819//2024 4824//2024 4820//2024
f 4820//2026 4824//2026 7398//2026 7397//2026
f 4819//2024 7523//2024 7524//2024 4824//2024
f 4824//2026 7524//2026 8277//2026 7398//2026
f 4825//977 4829//977 4830//977 4826//977
f 4826//977 4830//977 7761//977 7760//977
f 4829//979 7661//979 7662//979 4830//979
f 4830//979 7662//979 8323//979 7761//979
f 4825//966 4826//966 4831//966 4827//966
f 4827//967 4831//967 7588//967 7589//967
f 4826//966 7760//966 7759//966 4831//966
f 4831//967 7759//967 8342//967 7588//967
f 4825//966 4827//966 4832//966 4828//966
f 4828//966 4832//966 7591//966 7592//966
f 4827//967 7589//967 7590//967 4832//967
f 4832//967 7590//967 8320//967 7591//967
f 4825//977 4828//977 4833//977 4829//977
f 4829//979 4833//979 7660//979 7661//979
f 4828//977 7592//977 7593//977 4833//977
f 4833//979 7593//979 8305//979 7660//979
f 4834//3975 4838//3975 4839//3975 4835//3975
f 4835//3975 4839//3975 7758//3975 7757//3975
f 4838//3977 7535//3977 7534//3977 4839//3977
f 4839//3977 7534//3977 8334//3977 7758//3977
f 4834//3979 4835//3979 4840//3979 4836//3979
f 4836//935 4840//935 7585//935 7586//935
f 4835//3979 7757//3979 7756//3979 4840//3979
f 4840//935 7756//935 8341//935 7585//935
f 4834//3979 4836//3979 4841//3979 4837//3979
f 4837//3979 4841//3979 7594//3979 7595//3979
f 4836//935 7586//935 7587//935 4841//935
f 4841//935 7587//935 8319//935 7594//935
f 4834//3975 4837//3975 4842//3975 4838//3975
f 4838//3977 4842//3977 7536//3977 7535//3977
f 4837//3975 7595//3975 7596//3975 4842//3975
f 4842//3977 7596//3977 8302//3977 7536//3977
f 4843//4272 4847//4272 4848//4272 4844//4272
f 4844//4273 4848//4273 5952//4273 5951//4273
f 4847//4274 5990//4274 5989//4274 4848//4274
f 4848//4275 5989//4275 8032//4275 5952//4275
f 4843//4276 4844//4276 4849//4276 4845//4276
f 4845//1849 4849//1849 7597//1849 7598//1849
f 4844//4277 5951//4277 5950//4277 4849//4277
f 4849//1850 5950//1850 8315//1850 7597//1850
f 4843//4278 4845//4278 4850//4278 4846//4278
f 4846//4279 4850//4279 5974//4279 5975//4279
f 4845//1860 7598//1860 7599//1860 4850//1860
f 4850//1862 7599//1862 8317//1862 5974//1862
f 4843//4280 4846//4280 4851//4280 4847//4280
f 4847//4281 4851//4281 5991//4281 5990//4281
f 4846//4282 5975//4282 5976//4282 4851//4282
f 4851//4283 5976//4283 8036//4283 5991//4283
f 4852//1785 4856//1785 4857//1785 4853//1785
f 4853//1786 4857//1786 7677//1786 7676//1786
f 4856//1785 7754//1785 7753//1785 4857//1785
f 4857//1786 7753//1786 8328//1786 7677//1786
f 4852//1785 4853//1785 4858//1785 4854//1785
f 4854//1785 4858//1785 7600//1785 7601//1785
f 4853//1786 7676//1786 7675//1786 4858//1786
f 4858//1786 7675//1786 8314//1786 7600//1786
f 4852//1796 4854//1796 4859//1796 4855//1796
f 4855//1798 4859//1798 7678//1798 7679//1798
f 4854//1796 7601//1796 7602//1796 4859//1796
f 4859//1798 7602//1798 8316//1798 7678//1798
f 4852//1796 4855//1796 4860//1796 4856//1796
f 4856//1796 4860//1796 7755//1796 7754//1796
f 4855//1798 7679//1798 7680//1798 4860//1798
f 4860//1798 7680//1798 8329//1798 7755//1798
f 4861//4284 4865//4284 4866//4284 4862//4284
f 4862//4285 4866//4285 5928//4285 5927//4285
f 4865//4286 5966//4286 5967//4286 4866//4286
f 4866//4287 5967//4287 8028//4287 5928//4287
f 4861//4288 4862//4288 4867//4288 4863//4288
f 4863//1769 4867//1769 7603//1769 7604//1769
f 4862//4289 5927//4289 5926//4289 4867//4289
f 4867//1770 5926//1770 8313//1770 7603//1770
f 4861//4290 4863//4290 4868//4290 4864//4290
f 4864//4291 4868//4291 5950//4291 5951//4291
f 4863//1780 7604//1780 7605//1780 4868//1780
f 4868//1782 7605//1782 8315//1782 5950//1782
f 4861//4292 4864//4292 4869//4292 4865//4292
f 4865//4293 4869//4293 5965//4293 5966//4293
f 4864//4294 5951//4294 5952//4294 4869//4294
f 4869//4295 5952//4295 8032//4295 5965//4295
f 4870//1753 4874//1753 4875//1753 4871//1753
f 4871//1754 4875//1754 7680//1754 7679//1754
f 4874//1753 7751//1753 7750//1753 4875//1753
f 4875//1754 7750//1754 8329//1754 7680//1754
f 4870//1753 4871//1753 4876//1753 4872//1753
f 4872//1753 4876//1753 7606//1753 7607//1753
f 4871//1754 7679//1754 7678//1754 4876//1754
f 4876//1754 7678//1754 8316//1754 7606//1754
f 4870//1764 4872//1764 4877//1764 4873//1764
f 4873//1766 4877//1766 7681//1766 7682//1766
f 4872//1764 7607//1764 7608//1764 4877//1764
f 4877//1766 7608//1766 8318//1766 7681//1766
f 4870//1764 4873//1764 4878//1764 4874//1764
f 4874//1764 4878//1764 7752//1764 7751//1764
f 4873//1766 7682//1766 7683//1766 4878//1766
f 4878//1766 7683//1766 8330//1766 7752//1766
f 4879//4296 4883//4296 4884//4296 4880//4296
f 4880//4297 4884//4297 5562//4297 5561//4297
f 4883//4298 5936//4298 5935//4298 4884//4298
f 4884//4299 5935//4299 7968//4299 5562//4299
f 4879//4300 4880//4300 4885//4300 4881//4300
f 4881//1737 4885//1737 7609//1737 7610//1737
f 4880//4301 5561//4301 5560//4301 4885//4301
f 4885//1738 5560//1738 8300//1738 7609//1738
f 4879//4302 4881//4302 4886//4302 4882//4302
f 4882//4303 4886//4303 5926//4303 5927//4303
f 4881//1748 7610//1748 7611//1748 4886//1748
f 4886//1750 7611//1750 8313//1750 5926//1750
f 4879//4304 4882//4304 4887//4304 4883//4304
f 4883//4305 4887//4305 5937//4305 5936//4305
f 4882//4306 5927//4306 5928//4306 4887//4306
f 4887//4307 5928//4307 8028//4307 5937//4307
f 4888//1721 4892//1721 4893//1721 4889//1721
f 4889//1722 4893//1722 7659//1722 7658//1722
f 4892//1721 7748//1721 7747//1721 4893//1721
f 4893//1722 7747//1722 8322//1722 7659//1722
f 4888//1721 4889//1721 4894//1721 4890//1721
f 4890//1721 4894//1721 7612//1721 7613//1721
f 4889//1722 7658//1722 7657//1722 4894//1722
f 4894//1722 7657//1722 8304//1722 7612//1722
f 4888//1732 4890//1732 4895//1732 4891//1732
f 4891//1734 4895//1734 7675//1734 7676//1734
f 4890//1732 7613//1732 7614//1732 4895//1732
f 4895//1734 7614//1734 8314//1734 7675//1734
f 4888//1732 4891//1732 4896//1732 4892//1732
f 4892//1732 4896//1732 7749//1732 7748//1732
f 4891//1734 7676//1734 7677//1734 4896//1734
f 4896//1734 7677//1734 8328//1734 7749//1734
f 4897//1658 4901//1658 4902//1658 4898//1658
f 4898//1659 4902//1659 7534//1659 7535//1659
f 4901//1658 7745//1658 7744//1658 4902//1658
f 4902//1659 7744//1659 8334//1659 7534//1659
f 4897//1658 4898//1658 4903//1658 4899//1658
f 4899//1658 4903//1658 7615//1658 7616//1658
f 4898//1659 7535//1659 7536//1659 4903//1659
f 4903//1659 7536//1659 8302//1659 7615//1659
f 4897//1669 4899//1669 4904//1669 4900//1669
f 4900//1671 4904//1671 7672//1671 7673//1671
f 4899//1669 7616//1669 7617//1669 4904//1669
f 4904//1671 7617//1671 8312//1671 7672//1671
f 4897//1669 4900//1669 4905//1669 4901//1669
f 4901//1669 4905//1669 7746//1669 7745//1669
f 4900//1671 7673//1671 7674//1671 4905//1671
f 4905//1671 7674//1671 8327//1671 7746//1671
f 4906//4308 4910//4308 4911//4308 4907//4308
f 4907//4309 4911//4309 7558//4309 7559//4309
f 4910//4310 5909//4310 5910//4310 4911//4310
f 4911//4311 5910//4311 8020//4311 7558//4311
f 4906//4312 4907//4312 4912//4312 4908//4312
f 4908//1626 4912//1626 7618//1626 7619//1626
f 4907//4313 7559//4313 7560//4313 4912//4313
f 4912//1627 7560//1627 8310//1627 7618//1627
f 4906//4314 4908//4314 4913//4314 4909//4314
f 4909//4315 4913//4315 7566//4315 7565//4315
f 4908//1637 7619//1637 7620//1637 4913//1637
f 4913//1639 7620//1639 8312//1639 7566//1639
f 4906//4316 4909//4316 4914//4316 4910//4316
f 4910//4317 4914//4317 5908//4317 5909//4317
f 4909//4318 7565//4318 7564//4318 4914//4318
f 4914//4319 7564//4319 8024//4319 5908//4319
f 4915//1610 4919//1610 4920//1610 4916//1610
f 4916//1611 4920//1611 7555//1611 7556//1611
f 4919//1610 7742//1610 7741//1610 4920//1610
f 4920//1611 7741//1611 8336//1611 7555//1611
f 4915//1610 4916//1610 4921//1610 4917//1610
f 4917//1610 4921//1610 7621//1610 7622//1610
f 4916//1611 7556//1611 7557//1611 4921//1611
f 4921//1611 7557//1611 8309//1611 7621//1611
f 4915//1621 4917//1621 4922//1621 4918//1621
f 4918//1623 4922//1623 7563//1623 7562//1623
f 4917//1621 7622//1621 7623//1621 4922//1621
f 4922//1623 7623//1623 8311//1623 7563//1623
f 4915//1621 4918//1621 4923//1621 4919//1621
f 4919//1621 4923//1621 7743//1621 7742//1621
f 4918//1623 7562//1623 7561//1623 4923//1623
f 4923//1623 7561//1623 8337//1623 7743//1623
f 4924//4320 4928//4320 4929//4320 4925//4320
f 4925//4321 4929//4321 5661//4321 5660//4321
f 4928//4322 5915//4322 5914//4322 4929//4322
f 4929//4323 5914//4323 7990//4323 5661//4323
f 4924//4324 4925//4324 4930//4324 4926//4324
f 4926//1594 4930//1594 7624//1594 7625//1594
f 4925//4325 5660//4325 5659//4325 4930//4325
f 4930//4326 5659//4326 8301//4326 7624//4326
f 4924//4327 4926//4327 4931//4327 4927//4327
f 4927//4328 4931//4328 5890//4328 5891//4328
f 4926//1605 7625//1605 7626//1605 4931//1605
f 4931//1607 7626//1607 8311//1607 5890//1607
f 4924//4329 4927//4329 4932//4329 4928//4329
f 4928//4330 4932//4330 5916//4330 5915//4330
f 4927//4331 5891//4331 5892//4331 4932//4331
f 4932//4332 5892//4332 8023//4332 5916//4332
f 4933//4333 4937//4333 4938//4333 4934//4333
f 4934//4334 4938//4334 7552//4334 7553//4334
f 4937//4335 5876//4335 5875//4335 4938//4335
f 4938//4336 5875//4336 8016//4336 7552//4336
f 4933//4337 4934//4337 4939//4337 4935//4337
f 4935//1578 4939//1578 7627//1578 7628//1578
f 4934//4338 7553//4338 7554//4338 4939//4338
f 4939//1579 7554//1579 8308//1579 7627//1579
f 4933//4339 4935//4339 4940//4339 4936//4339
f 4936//4340 4940//4340 7560//4340 7559//4340
f 4935//1589 7628//1589 7629//1589 4940//1589
f 4940//1591 7629//1591 8310//1591 7560//1591
f 4933//4341 4936//4341 4941//4341 4937//4341
f 4937//4342 4941//4342 5877//4342 5876//4342
f 4936//4343 7559//4343 7558//4343 4941//4343
f 4941//4344 7558//4344 8020//4344 5877//4344
f 4942//1562 4946//1562 4947//1562 4943//1562
f 4943//1563 4947//1563 7549//1563 7550//1563
f 4946//1562 7739//1562 7738//1562 4947//1562
f 4947//1563 7738//1563 8335//1563 7549//1563
f 4942//1562 4943//1562 4948//1562 4944//1562
f 4944//1562 4948//1562 7630//1562 7631//1562
f 4943//1563 7550//1563 7551//1563 4948//1563
f 4948//1563 7551//1563 8307//1563 7630//1563
f 4942//1573 4944//1573 4949//1573 4945//1573
f 4945//1575 4949//1575 7557//1575 7556//1575
f 4944//1573 7631//1573 7632//1573 4949//1573
f 4949//1575 7632//1575 8309//1575 7557//1575
f 4942//1573 4945//1573 4950//1573 4946//1573
f 4946//1573 4950//1573 7740//1573 7739//1573
f 4945//1575 7556//1575 7555//1575 4950//1575
f 4950//1575 7555//1575 8336//1575 7740//1575
f 4951//1482 4955//1482 4956//1482 4952//1482
f 4952//1483 4956//1483 7525//1483 7526//1483
f 4955//1482 7736//1482 7735//1482 4956//1482
f 4956//1483 7735//1483 8331//1483 7525//1483
f 4951//1482 4952//1482 4957//1482 4953//1482
f 4953//1482 4957//1482 7633//1482 7634//1482
f 4952//1483 7526//1483 7527//1483 4957//1483
f 4957//1483 7527//1483 8299//1483 7633//1483
f 4951//1493 4953//1493 4958//1493 4954//1493
f 4954//1495 4958//1495 7551//1495 7550//1495
f 4953//1493 7634//1493 7635//1493 4958//1493
f 4958//1495 7635//1495 8307//1495 7551//1495
f 4951//1493 4954//1493 4959//1493 4955//1493
f 4955//1493 4959//1493 7737//1493 7736//1493
f 4954//1495 7550//1495 7549//1495 4959//1495
f 4959//1495 7549//1495 8335//1495 7737//1495
f 4960//1159 4964//1159 4965//1159 4961//1159
f 4961//1159 4965//1159 7734//1159 7733//1159
f 4964//935 7586//935 7585//935 4965//935
f 4965//935 7585//935 8341//935 7734//935
f 4960//1163 4961//1163 4966//1163 4962//1163
f 4962//1164 4966//1164 7665//1164 7664//1164
f 4961//1163 7733//1163 7732//1163 4966//1163
f 4966//1164 7732//1164 8324//1164 7665//1164
f 4960//1163 4962//1163 4967//1163 4963//1163
f 4963//1163 4967//1163 7636//1163 7637//1163
f 4962//1164 7664//1164 7663//1164 4967//1164
f 4967//1164 7663//1164 8306//1164 7636//1164
f 4960//1159 4963//1159 4968//1159 4964//1159
f 4964//935 4968//935 7587//935 7586//935
f 4963//3766 7637//3766 7638//3766 4968//3766
f 4968//935 7638//935 8319//935 7587//935
f 4969//982 4973//982 4974//982 4970//982
f 4970//982 4974//982 7731//982 7730//982
f 4973//983 7664//983 7665//983 4974//983
f 4974//983 7665//983 8324//983 7731//983
f 4969//993 4970//993 4975//993 4971//993
f 4971//995 4975//995 7662//995 7661//995
f 4970//993 7730//993 7729//993 4975//993
f 4975//995 7729//995 8323//995 7662//995
f 4969//993 4971//993 4976//993 4972//993
f 4972//993 4976//993 7639//993 7640//993
f 4971//995 7661//995 7660//995 4976//995
f 4976//995 7660//995 8305//995 7639//995
f 4969//982 4972//982 4977//982 4973//982
f 4973//983 4977//983 7663//983 7664//983
f 4972//982 7640//982 7641//982 4977//982
f 4977//983 7641//983 8306//983 7663//983
f 4978//1061 4982//1061 4983//1061 4979//1061
f 4979//1061 4983//1061 7728//1061 7727//1061
f 4982//967 7589//967 7588//967 4983//967
f 4983//967 7588//967 8342//967 7728//967
f 4978//1065 4979//1065 4984//1065 4980//1065
f 4980//1066 4984//1066 7531//1066 7532//1066
f 4979//1065 7727//1065 7726//1065 4984//1065
f 4984//1066 7726//1066 8333//1066 7531//1066
f 4978//1065 4980//1065 4985//1065 4981//1065
f 4981//1065 4985//1065 7642//1065 7643//1065
f 4980//1066 7532//1066 7533//1066 4985//1066
f 4985//1066 7533//1066 8301//1066 7642//1066
f 4978//1061 4981//1061 4986//1061 4982//1061
f 4982//967 4986//967 7590//967 7589//967
f 4981//1061 7643//1061 7644//1061 4986//1061
f 4986//967 7644//967 8320//967 7590//967
f 4987//869 4991//869 4992//869 4988//869
f 4988//869 4992//869 7725//869 7724//869
f 4991//871 7526//871 7525//871 4992//871
f 4992//871 7525//871 8331//871 7725//871
f 4987//874 4988//874 4993//874 4989//874
f 4989//875 4993//875 7528//875 7529//875
f 4988//874 7724//874 7723//874 4993//874
f 4993//875 7723//875 8332//875 7528//875
f 4987//874 4989//874 4994//874 4990//874
f 4990//874 4994//874 7645//874 7646//874
f 4989//875 7529//875 7530//875 4994//875
f 4994//875 7530//875 8300//875 7645//875
f 4987//869 4990//869 4995//869 4991//869
f 4991//871 4995//871 7527//871 7526//871
f 4990//869 7646//869 7647//869 4995//869
f 4995//871 7647//871 8299//871 7527//871
f 4996//853 5000//853 5001//853 4997//853
f 4997//853 5001//853 7722//853 7721//853
f 5000//855 7658//855 7659//855 5001//855
f 5001//855 7659//855 8322//855 7722//855
f 4996//858 4997//858 5002//858 4998//858
f 4998//859 5002//859 7656//859 7655//859
f 4997//858 7721//858 7720//858 5002//858
f 5002//859 7720//859 8321//859 7656//859
f 4996//858 4998//858 5003//858 4999//858
f 4999//858 5003//858 7648//858 7649//858
f 4998//859 7655//859 7654//859 5003//859
f 5003//859 7654//859 8303//859 7648//859
f 4996//853 4999//853 5004//853 5000//853
f 5000//855 5004//855 7657//855 7658//855
f 4999//853 7649//853 7650//853 5004//853
f 5004//855 7650//855 8304//855 7657//855
f 5005//4345 5009//4345 5010//4345 5006//4345
f 5006//4346 5010//4346 7537//4346 7538//4346
f 5009//4347 5855//4347 5856//4347 5010//4347
f 5010//4348 5856//4348 7969//4348 7537//4348
f 5005//4349 5006//4349 5011//4349 5007//4349
f 5007//774 5011//774 7651//774 7652//774
f 5006//4350 7538//4350 7539//4350 5011//4350
f 5011//775 7539//775 8303//775 7651//775
f 5005//4351 5007//4351 5012//4351 5008//4351
f 5008//4352 5012//4352 7554//4352 7553//4352
f 5007//785 7652//785 7653//785 5012//785
f 5012//787 7653//787 8308//787 7554//787
f 5005//4353 5008//4353 5013//4353 5009//4353
f 5009//4354 5013//4354 5854//4354 5855//4354
f 5008//4355 7553//4355 7552//4355 5013//4355
f 5013//4356 7552//4356 8016//4356 5854//4356
f 5014//4357 5018//4357 5019//4357 5015//4357
f 5015//4358 5019//4358 5811//4358 5810//4358
f 5018//4359 5798//4359 5799//4359 5019//4359
f 5019//4360 5799//4360 8009//4360 5811//4360
f 5014//4361 5015//4361 5020//4361 5016//4361
f 5016//4362 5020//4362 5796//4362 5795//4362
f 5015//4363 5810//4363 5809//4363 5020//4363
f 5020//4364 5809//4364 8008//4364 5796//4364
f 5014//4365 5016//4365 5021//4365 5017//4365
f 5017//858 5021//858 7720//858 7721//858
f 5016//4366 5795//4366 5794//4366 5021//4366
f 5021//859 5794//859 8321//859 7720//859
f 5014//4367 5017//4367 5022//4367 5018//4367
f 5018//4368 5022//4368 5797//4368 5798//4368
f 5017//853 7721//853 7722//853 5022//853
f 5022//855 7722//855 8322//855 5797//855
f 5023//4369 5027//4369 5028//4369 5024//4369
f 5024//4370 5028//4370 5808//4370 5807//4370
f 5027//4371 7685//4371 7684//4371 5028//4371
f 5028//4372 7684//4372 8007//4372 5808//4372
f 5023//4373 5024//4373 5029//4373 5025//4373
f 5025//4374 5029//4374 7687//4374 7688//4374
f 5024//4375 5807//4375 5806//4375 5029//4375
f 5029//4376 5806//4376 8010//4376 7687//4376
f 5023//4377 5025//4377 5030//4377 5026//4377
f 5026//874 5030//874 7723//874 7724//874
f 5025//4378 7688//4378 7689//4378 5030//4378
f 5030//875 7689//875 8332//875 7723//875
f 5023//4379 5026//4379 5031//4379 5027//4379
f 5027//4380 5031//4380 7686//4380 7685//4380
f 5026//869 7724//869 7725//869 5031//869
f 5031//871 7725//871 8331//871 7686//871
f 5032//4381 5036//4381 5037//4381 5033//4381
f 5033//4382 5037//4382 7026//4382 7025//4382
f 5036//967 7718//967 7717//967 5037//967
f 5037//967 7717//967 8222//967 7026//967
f 5032//4383 5033//4383 5038//4383 5034//4383
f 5034//4384 5038//4384 7690//4384 7691//4384
f 5033//4385 7025//4385 7024//4385 5038//4385
f 5038//4386 7024//4386 8011//4386 7690//4386
f 5032//4387 5034//4387 5039//4387 5035//4387
f 5035//1065 5039//1065 7726//1065 7727//1065
f 5034//4388 7691//4388 7692//4388 5039//4388
f 5039//1066 7692//1066 8333//1066 7726//1066
f 5032//4389 5035//4389 5040//4389 5036//4389
f 5036//967 5040//967 7719//967 7718//967
f 5035//1061 7727//1061 7728//1061 5040//1061
f 5040//967 7728//967 8342//967 7719//967
f 5041//982 5045//982 5046//982 5042//982
f 5042//982 5046//982 5835//982 5834//982
f 5045//1450 5822//1450 5823//1450 5046//1450
f 5046//1451 5823//1451 8013//1451 5835//1451
f 5041//993 5042//993 5047//993 5043//993
f 5043//995 5047//995 5820//995 5819//995
f 5042//993 5834//993 5833//993 5047//993
f 5047//995 5833//995 8012//995 5820//995
f 5041//993 5043//993 5048//993 5044//993
f 5044//993 5048//993 7729//993 7730//993
f 5043//995 5819//995 5818//995 5048//995
f 5048//995 5818//995 8323//995 7729//995
f 5041//982 5044//982 5049//982 5045//982
f 5045//983 5049//983 5821//983 5822//983
f 5044//982 7730//982 7731//982 5049//982
f 5049//983 7731//983 8324//983 5821//983
f 5050//1159 5054//1159 5055//1159 5051//1159
f 5051//1159 5055//1159 7023//1159 7022//1159
f 5054//935 7715//935 7714//935 5055//935
f 5055//935 7714//935 8221//935 7023//935
f 5050//1163 5051//1163 5056//1163 5052//1163
f 5052//1164 5056//1164 5823//1164 5822//1164
f 5051//1163 7022//1163 7021//1163 5056//1163
f 5056//1164 7021//1164 8013//1164 5823//1164
f 5050//1436 5052//1436 5057//1436 5053//1436
f 5053//1436 5057//1436 7732//1436 7733//1436
f 5052//1164 5822//1164 5821//1164 5057//1164
f 5057//1164 5821//1164 8324//1164 7732//1164
f 5050//3766 5053//3766 5058//3766 5054//3766
f 5054//935 5058//935 7716//935 7715//935
f 5053//1159 7733//1159 7734//1159 5058//1159
f 5058//935 7734//935 8341//935 7716//935
f 5059//4390 5063//4390 5064//4390 5060//4390
f 5060//4391 5064//4391 7684//4391 7685//4391
f 5063//4392 5861//4392 5862//4392 5064//4392
f 5064//4393 5862//4393 8007//4393 7684//4393
f 5059//4394 5060//4394 5065//4394 5061//4394
f 5061//1482 5065//1482 7735//1482 7736//1482
f 5060//4395 7685//4395 7686//4395 5065//4395
f 5065//1483 7686//1483 8331//1483 7735//1483
f 5059//4396 5061//4396 5066//4396 5062//4396
f 5062//4397 5066//4397 7698//4397 7697//4397
f 5061//1493 7736//1493 7737//1493 5066//1493
f 5066//1495 7737//1495 8335//1495 7698//1495
f 5059//4398 5062//4398 5067//4398 5063//4398
f 5063//4399 5067//4399 5860//4399 5861//4399
f 5062//4400 7697//4400 7696//4400 5067//4400
f 5067//4401 7696//4401 8017//4401 5860//4401
f 5068//4402 5072//4402 5073//4402 5069//4402
f 5069//4403 5073//4403 7696//4403 7697//4403
f 5072//4404 5882//4404 5881//4404 5073//4404
f 5073//4405 5881//4405 8017//4405 7696//4405
f 5068//4406 5069//4406 5074//4406 5070//4406
f 5070//1562 5074//1562 7738//1562 7739//1562
f 5069//4407 7697//4407 7698//4407 5074//4407
f 5074//1563 7698//1563 8335//1563 7738//1563
f 5068//4408 5070//4408 5075//4408 5071//4408
f 5071//4409 5075//4409 7701//4409 7700//4409
f 5070//1573 7739//1573 7740//1573 5075//1573
f 5075//1575 7740//1575 8336//1575 7701//1575
f 5068//4410 5071//4410 5076//4410 5072//4410
f 5072//4411 5076//4411 5883//4411 5882//4411
f 5071//4412 7700//4412 7699//4412 5076//4412
f 5076//4413 7699//4413 8021//4413 5883//4413
f 5077//4414 5081//4414 5082//4414 5078//4414
f 5078//4415 5082//4415 7699//4415 7700//4415
f 5081//4416 5900//4416 5899//4416 5082//4416
f 5082//4417 5899//4417 8021//4417 7699//4417
f 5077//4418 5078//4418 5083//4418 5079//4418
f 5079//1610 5083//1610 7741//1610 7742//1610
f 5078//4419 7700//4419 7701//4419 5083//4419
f 5083//1611 7701//1611 8336//1611 7741//1611
f 5077//4420 5079//4420 5084//4420 5080//4420
f 5080//4421 5084//4421 7704//4421 7703//4421
f 5079//1621 7742//1621 7743//1621 5084//1621
f 5084//1623 7743//1623 8337//1623 7704//1623
f 5077//4422 5080//4422 5085//4422 5081//4422
f 5081//4423 5085//4423 5901//4423 5900//4423
f 5080//4424 7703//4424 7702//4424 5085//4424
f 5085//4425 7702//4425 8025//4425 5901//4425
f 5086//4426 5090//4426 5091//4426 5087//4426
f 5087//4427 5091//4427 7693//4427 7694//4427
f 5090//4428 5918//4428 5917//4428 5091//4428
f 5091//4429 5917//4429 8014//4429 7693//4429
f 5086//4430 5087//4430 5092//4430 5088//4430
f 5088//1658 5092//1658 7744//1658 7745//1658
f 5087//4431 7694//4431 7695//4431 5092//4431
f 5092//4432 7695//4432 8334//4432 7744//4432
f 5086//4433 5088//4433 5093//4433 5089//4433
f 5089//4434 5093//4434 5893//4434 5894//4434
f 5088//1669 7745//1669 7746//1669 5093//1669
f 5093//1671 7746//1671 8327//1671 5893//1671
f 5086//4435 5089//4435 5094//4435 5090//4435
f 5090//4436 5094//4436 5919//4436 5918//4436
f 5089//4437 5894//4437 5895//4437 5094//4437
f 5094//4438 5895//4438 8026//4438 5919//4438
f 5095//4439 5099//4439 5100//4439 5096//4439
f 5096//4440 5100//4440 5799//4440 5798//4440
f 5099//4441 5942//4441 5941//4441 5100//4441
f 5100//4442 5941//4442 8009//4442 5799//4442
f 5095//4443 5096//4443 5101//4443 5097//4443
f 5097//1721 5101//1721 7747//1721 7748//1721
f 5096//4444 5798//4444 5797//4444 5101//4444
f 5101//1722 5797//1722 8322//1722 7747//1722
f 5095//4445 5097//4445 5102//4445 5098//4445
f 5098//4446 5102//4446 5929//4446 5930//4446
f 5097//1732 7748//1732 7749//1732 5102//1732
f 5102//1734 7749//1734 8328//1734 5929//1734
f 5095//4447 5098//4447 5103//4447 5099//4447
f 5099//4448 5103//4448 5943//4448 5942//4448
f 5098//4449 5930//4449 5931//4449 5103//4449
f 5103//4450 5931//4450 8030//4450 5943//4450
f 5104//4451 5108//4451 5109//4451 5105//4451
f 5105//4452 5109//4452 5955//4452 5954//4452
f 5108//4453 5987//4453 5988//4453 5109//4453
f 5109//4454 5988//4454 8034//4454 5955//4454
f 5104//4455 5105//4455 5110//4455 5106//4455
f 5106//1753 5110//1753 7750//1753 7751//1753
f 5105//4456 5954//4456 5953//4456 5110//4456
f 5110//1754 5953//1754 8329//1754 7750//1754
f 5104//4457 5106//4457 5111//4457 5107//4457
f 5107//4458 5111//4458 5977//4458 5978//4458
f 5106//1764 7751//1764 7752//1764 5111//1764
f 5111//1766 7752//1766 8330//1766 5977//1766
f 5104//4459 5107//4459 5112//4459 5108//4459
f 5108//4460 5112//4460 5986//4460 5987//4460
f 5107//4461 5978//4461 5979//4461 5112//4461
f 5112//4462 5979//4462 8038//4462 5986//4462
f 5113//4463 5117//4463 5118//4463 5114//4463
f 5114//4464 5118//4464 5931//4464 5930//4464
f 5117//4465 5960//4465 5959//4465 5118//4465
f 5118//4466 5959//4466 8030//4466 5931//4466
f 5113//4467 5114//4467 5119//4467 5115//4467
f 5115//1785 5119//1785 7753//1785 7754//1785
f 5114//4468 5930//4468 5929//4468 5119//4468
f 5119//1786 5929//1786 8328//1786 7753//1786
f 5113//4469 5115//4469 5120//4469 5116//4469
f 5116//4470 5120//4470 5953//4470 5954//4470
f 5115//1796 7754//1796 7755//1796 5120//1796
f 5120//1798 7755//1798 8329//1798 5953//1798
f 5113//4471 5116//4471 5121//4471 5117//4471
f 5117//4472 5121//4472 5961//4472 5960//4472
f 5116//4473 5954//4473 5955//4473 5121//4473
f 5121//4474 5955//4474 8034//4474 5961//4474
f 5122//4475 5126//4475 5127//4475 5123//4475
f 5123//4476 5127//4476 5829//4476 5828//4476
f 5126//4477 7694//4477 7693//4477 5127//4477
f 5127//4478 7693//4478 8014//4478 5829//4478
f 5122//4479 5123//4479 5128//4479 5124//4479
f 5124//935 5128//935 7714//935 7715//935
f 5123//4480 5828//4480 5827//4480 5128//4480
f 5128//935 5827//935 8221//935 7714//935
f 5122//4481 5124//4481 5129//4481 5125//4481
f 5125//3979 5129//3979 7756//3979 7757//3979
f 5124//935 7715//935 7716//935 5129//935
f 5129//935 7716//935 8341//935 7756//935
f 5122//4482 5125//4482 5130//4482 5126//4482
f 5126//4483 5130//4483 7695//4483 7694//4483
f 5125//3975 7757//3975 7758//3975 5130//3975
f 5130//3977 7758//3977 8334//3977 7695//3977
f 5131//977 5135//977 5136//977 5132//977
f 5132//977 5136//977 5838//977 5837//977
f 5135//979 5819//979 5820//979 5136//979
f 5136//3953 5820//3953 8012//3953 5838//3953
f 5131//966 5132//966 5137//966 5133//966
f 5133//967 5137//967 7717//967 7718//967
f 5132//966 5837//966 5836//966 5137//966
f 5137//967 5836//967 8222//967 7717//967
f 5131//966 5133//966 5138//966 5134//966
f 5134//966 5138//966 7759//966 7760//966
f 5133//967 7718//967 7719//967 5138//967
f 5138//967 7719//967 8342//967 7759//967
f 5131//977 5134//977 5139//977 5135//977
f 5135//979 5139//979 5818//979 5819//979
f 5134//977 7760//977 7761//977 5139//977
f 5139//979 7761//979 8323//979 5818//979
f 5140//1849 5144//1849 5145//1849 5141//1849
f 5141//1850 5145//1850 7575//1850 7574//1850
f 5144//1849 7598//1849 7597//1849 5145//1849
f 5145//4484 7597//4484 8315//4484 7575//4484
f 5140//1849 5141//1849 5146//1849 5142//1849
f 5142//1849 5146//1849 7762//1849 7763//1849
f 5141//1850 7574//1850 7573//1850 5146//1850
f 5146//4484 7573//4484 8339//4484 7762//4484
f 5140//1860 5142//1860 5147//1860 5143//1860
f 5143//1862 5147//1862 7579//1862 7580//1862
f 5142//1860 7763//1860 7764//1860 5147//1860
f 5147//1862 7764//1862 8340//1862 7579//1862
f 5140//1860 5143//1860 5148//1860 5144//1860
f 5144//1860 5148//1860 7599//1860 7598//1860
f 5143//1862 7580//1862 7581//1862 5148//1862
f 5148//1862 7581//1862 8317//1862 7599//1862
f 5149//1769 5153//1769 5154//1769 5150//1769
f 5150//1770 5154//1770 7569//1770 7568//1770
f 5153//1769 7604//1769 7603//1769 5154//1769
f 5154//1770 7603//1770 8313//1770 7569//1770
f 5149//1769 5150//1769 5155//1769 5151//1769
f 5151//1769 5155//1769 7765//1769 7766//1769
f 5150//1770 7568//1770 7567//1770 5155//1770
f 5155//1770 7567//1770 8338//1770 7765//1770
f 5149//1780 5151//1780 5156//1780 5152//1780
f 5152//1782 5156//1782 7573//1782 7574//1782
f 5151//1780 7766//1780 7767//1780 5156//1780
f 5156//1782 7767//1782 8339//1782 7573//1782
f 5149//1780 5152//1780 5157//1780 5153//1780
f 5153//1780 5157//1780 7605//1780 7604//1780
f 5152//1782 7574//1782 7575//1782 5157//1782
f 5157//1782 7575//1782 8315//1782 7605//1782
f 5158//1737 5162//1737 5163//1737 5159//1737
f 5159//1738 5163//1738 7530//1738 7529//1738
f 5162//1737 7610//1737 7609//1737 5163//1737
f 5163//1738 7609//1738 8300//1738 7530//1738
f 5158//1737 5159//1737 5164//1737 5160//1737
f 5160//1737 5164//1737 7768//1737 7769//1737
f 5159//1738 7529//1738 7528//1738 5164//1738
f 5164//1738 7528//1738 8332//1738 7768//1738
f 5158//1748 5160//1748 5165//1748 5161//1748
f 5161//1750 5165//1750 7567//1750 7568//1750
f 5160//1748 7769//1748 7770//1748 5165//1748
f 5165//1750 7770//1750 8338//1750 7567//1750
f 5158//1748 5161//1748 5166//1748 5162//1748
f 5162//1748 5166//1748 7611//1748 7610//1748
f 5161//1750 7568//1750 7569//1750 5166//1750
f 5166//1750 7569//1750 8313//1750 7611//1750
f 5167//4485 5171//4485 5172//4485 5168//4485
f 5168//1627 5172//1627 7669//1627 7670//1627
f 5171//1626 7619//1626 7618//1626 5172//1626
f 5172//1627 7618//1627 8310//1627 7669//1627
f 5167//1626 5168//1626 5173//1626 5169//1626
f 5169//1626 5173//1626 7771//1626 7772//1626
f 5168//1627 7670//1627 7671//1627 5173//1627
f 5173//1627 7671//1627 8326//1627 7771//1627
f 5167//1637 5169//1637 5174//1637 5170//1637
f 5170//1639 5174//1639 7674//1639 7673//1639
f 5169//1637 7772//1637 7773//1637 5174//1637
f 5174//1639 7773//1639 8327//1639 7674//1639
f 5167//1637 5170//1637 5175//1637 5171//1637
f 5171//1637 5175//1637 7620//1637 7619//1637
f 5170//1639 7673//1639 7672//1639 5175//1639
f 5175//1639 7672//1639 8312//1639 7620//1639
f 5176//1594 5180//1594 5181//1594 5177//1594
f 5177//4326 5181//4326 7533//4326 7532//4326
f 5180//1594 7625//1594 7624//1594 5181//1594
f 5181//1595 7624//1595 8301//1595 7533//1595
f 5176//1594 5177//1594 5182//1594 5178//1594
f 5178//1594 5182//1594 7774//1594 7775//1594
f 5177//4326 7532//4326 7531//4326 5182//4326
f 5182//1595 7531//1595 8333//1595 7774//1595
f 5176//1605 5178//1605 5183//1605 5179//1605
f 5179//1607 5183//1607 7561//1607 7562//1607
f 5178//1605 7775//1605 7776//1605 5183//1605
f 5183//1607 7776//1607 8337//1607 7561//1607
f 5176//1605 5179//1605 5184//1605 5180//1605
f 5180//1605 5184//1605 7626//1605 7625//1605
f 5179//1607 7562//1607 7563//1607 5184//1607
f 5184//1607 7563//1607 8311//1607 7626//1607
f 5185//1578 5189//1578 5190//1578 5186//1578
f 5186//1579 5190//1579 7666//1579 7667//1579
f 5189//1578 7628//1578 7627//1578 5190//1578
f 5190//1579 7627//1579 8308//1579 7666//1579
f 5185//1578 5186//1578 5191//1578 5187//1578
f 5187//1578 5191//1578 7777//1578 7778//1578
f 5186//1579 7667//1579 7668//1579 5191//1579
f 5191//1579 7668//1579 8325//1579 7777//1579
f 5185//1589 5187//1589 5192//1589 5188//1589
f 5188//1591 5192//1591 7671//1591 7670//1591
f 5187//1589 7778//1589 7779//1589 5192//1589
f 5192//1591 7779//1591 8326//1591 7671//1591
f 5185//4486 5188//4486 5193//4486 5189//4486
f 5189//4486 5193//4486 7629//4486 7628//4486
f 5188//1591 7670//1591 7669//1591 5193//1591
f 5193//1591 7669//1591 8310//1591 7629//1591
f 5194//774 5198//774 5199//774 5195//774
f 5195//775 5199//775 7654//775 7655//775
f 5198//774 7652//774 7651//774 5199//774
f 5199//775 7651//775 8303//775 7654//775
f 5194//774 5195//774 5200//774 5196//774
f 5196//774 5200//774 7780//774 7781//774
f 5195//775 7655//775 7656//775 5200//775
f 5200//775 7656//775 8321//775 7780//775
f 5194//785 5196//785 5201//785 5197//785
f 5197//787 5201//787 7668//787 7667//787
f 5196//785 7781//785 7782//785 5201//785
f 5201//787 7782//787 8325//787 7668//787
f 5194//785 5197//785 5202//785 5198//785
f 5198//785 5202//785 7653//785 7652//785
f 5197//787 7667//787 7666//787 5202//787
f 5202//787 7666//787 8308//787 7653//787
f 5203//4487 5207//4487 5208//4487 5204//4487
f 5204//4488 5208//4488 7786//4488 7787//4488
f 5207//4489 7853//4489 7852//4489 5208//4489
f 5208//3536 7852//3536 8354//3536 7786//3536
f 5203//4490 5204//4490 5209//4490 5205//4490
f 5205//4491 5209//4491 7795//4491 7796//4491
f 5204//2543 7787//2543 7788//2543 5209//2543
f 5209//2543 7788//2543 8344//2543 7795//2543
f 5203//4492 5205//4492 5210//4492 5206//4492
f 5206//4493 5210//4493 7834//4493 7835//4493
f 5205//4494 7796//4494 7797//4494 5210//4494
f 5210//4495 7797//4495 8346//4495 7834//4495
f 5203//4496 5206//4496 5211//4496 5207//4496
f 5207//4497 5211//4497 7854//4497 7853//4497
f 5206//4498 7835//4498 7836//4498 5211//4498
f 5211//4499 7836//4499 8352//4499 7854//4499
f 5212//4500 5216//4500 5217//4500 5213//4500
f 5213//4501 5217//4501 7836//4501 7835//4501
f 5216//4502 7850//4502 7849//4502 5217//4502
f 5217//4503 7849//4503 8352//4503 7836//4503
f 5212//4504 5213//4504 5218//4504 5214//4504
f 5214//4505 5218//4505 7798//4505 7799//4505
f 5213//4506 7835//4506 7834//4506 5218//4506
f 5218//4507 7834//4507 8346//4507 7798//4507
f 5212//4508 5214//4508 5219//4508 5215//4508
f 5215//4509 5219//4509 7831//4509 7832//4509
f 5214//4510 7799//4510 7800//4510 5219//4510
f 5219//4511 7800//4511 8345//4511 7831//4511
f 5212//4512 5215//4512 5220//4512 5216//4512
f 5216//4513 5220//4513 7851//4513 7850//4513
f 5215//4514 7832//4514 7833//4514 5220//4514
f 5220//4515 7833//4515 8351//4515 7851//4515
f 5221//4516 5225//4516 5226//4516 5222//4516
f 5222//4517 5226//4517 7783//4517 7784//4517
f 5225//3547 7847//3547 7846//3547 5226//3547
f 5226//4518 7846//4518 8353//4518 7783//4518
f 5221//4516 5222//4516 5227//4516 5223//4516
f 5223//2519 5227//2519 7801//2519 7802//2519
f 5222//4519 7784//4519 7785//4519 5227//4519
f 5227//4520 7785//4520 8343//4520 7801//4520
f 5221//2526 5223//2526 5228//2526 5224//2526
f 5224//3551 5228//3551 7788//3551 7787//3551
f 5223//2526 7802//2526 7803//2526 5228//2526
f 5228//3551 7803//3551 8344//3551 7788//3551
f 5221//2526 5224//2526 5229//2526 5225//2526
f 5225//2526 5229//2526 7848//2526 7847//2526
f 5224//3551 7787//3551 7786//3551 5229//3551
f 5229//3551 7786//3551 8354//3551 7848//3551
f 5230//4521 5234//4521 5235//4521 5231//4521
f 5231//4522 5235//4522 7833//4522 7832//4522
f 5234//4523 7844//4523 7843//4523 5235//4523
f 5235//4524 7843//4524 8351//4524 7833//4524
f 5230//4525 5231//4525 5236//4525 5232//4525
f 5232//4526 5236//4526 7804//4526 7805//4526
f 5231//4527 7832//4527 7831//4527 5236//4527
f 5236//4528 7831//4528 8345//4528 7804//4528
f 5230//4529 5232//4529 5237//4529 5233//4529
f 5233//4530 5237//4530 7785//4530 7784//4530
f 5232//4531 7805//4531 7806//4531 5237//4531
f 5237//4532 7806//4532 8343//4532 7785//4532
f 5230//4533 5233//4533 5238//4533 5234//4533
f 5234//4534 5238//4534 7845//4534 7844//4534
f 5233//4535 7784//4535 7783//4535 5238//4535
f 5238//4536 7783//4536 8353//4536 7845//4536
f 5239//4537 5243//4537 5244//4537 5240//4537
f 5240//4538 5244//4538 7878//4538 7877//4538
f 5243//4539 7811//4539 7810//4539 5244//4539
f 5244//3412 7810//3412 8358//3412 7878//3412
f 5239//4540 5240//4540 5245//4540 5241//4540
f 5241//4541 5245//4541 7860//4541 7859//4541
f 5240//4542 7877//4542 7876//4542 5245//4542
f 5245//4543 7876//4543 8356//4543 7860//4543
f 5239//4544 5241//4544 5246//4544 5242//4544
f 5242//4545 5246//4545 7819//4545 7820//4545
f 5241//4546 7859//4546 7858//4546 5246//4546
f 5246//4547 7858//4547 8350//4547 7819//4547
f 5239//4548 5242//4548 5247//4548 5243//4548
f 5243//1377 5247//1377 7812//1377 7811//1377
f 5242//4549 7820//4549 7821//4549 5247//4549
f 5247//1377 7821//1377 8348//1377 7812//1377
f 5248//4550 5252//4550 5253//4550 5249//4550
f 5249//4551 5253//4551 7875//4551 7874//4551
f 5252//4552 7859//4552 7860//4552 5253//4552
f 5253//4553 7860//4553 8356//4553 7875//4553
f 5248//4554 5249//4554 5254//4554 5250//4554
f 5250//4555 5254//4555 7857//4555 7856//4555
f 5249//4556 7874//4556 7873//4556 5254//4556
f 5254//4557 7873//4557 8355//4557 7857//4557
f 5248//4558 5250//4558 5255//4558 5251//4558
f 5251//4559 5255//4559 7822//4559 7823//4559
f 5250//4560 7856//4560 7855//4560 5255//4560
f 5255//4561 7855//4561 8349//4561 7822//4561
f 5248//4562 5251//4562 5256//4562 5252//4562
f 5252//4563 5256//4563 7858//4563 7859//4563
f 5251//4564 7823//4564 7824//4564 5256//4564
f 5256//4565 7824//4565 8350//4565 7858//4565
f 5257//4566 5261//4566 5262//4566 5258//4566
f 5258//1334 5262//1334 7872//1334 7871//1334
f 5261//4567 7808//4567 7807//4567 5262//4567
f 5262//4568 7807//4568 8357//4568 7872//4568
f 5257//1329 5258//1329 5263//1329 5259//1329
f 5259//3434 5263//3434 7810//3434 7811//3434
f 5258//1329 7871//1329 7870//1329 5263//1329
f 5263//3434 7870//3434 8358//3434 7810//3434
f 5257//1329 5259//1329 5264//1329 5260//1329
f 5260//1329 5264//1329 7825//1329 7826//1329
f 5259//3434 7811//3434 7812//3434 5264//3434
f 5264//3434 7812//3434 8348//3434 7825//3434
f 5257//4566 5260//4566 5265//4566 5261//4566
f 5261//4569 5265//4569 7809//4569 7808//4569
f 5260//1353 7826//1353 7827//1353 5265//1353
f 5265//4570 7827//4570 8347//4570 7809//4570
f 5266//4571 5270//4571 5271//4571 5267//4571
f 5267//4572 5271//4572 7869//4572 7868//4572
f 5270//4573 7856//4573 7857//4573 5271//4573
f 5271//4574 7857//4574 8355//4574 7869//4574
f 5266//4575 5267//4575 5272//4575 5268//4575
f 5268//4576 5272//4576 7807//4576 7808//4576
f 5267//4577 7868//4577 7867//4577 5272//4577
f 5272//4578 7867//4578 8357//4578 7807//4578
f 5266//4579 5268//4579 5273//4579 5269//4579
f 5269//4580 5273//4580 7828//4580 7829//4580
f 5268//4581 7808//4581 7809//4581 5273//4581
f 5273//4582 7809//4582 8347//4582 7828//4582
f 5266//4583 5269//4583 5274//4583 5270//4583
f 5270//4584 5274//4584 7855//4584 7856//4584
f 5269//4585 7829//4585 7830//4585 5274//4585
f 5274//4586 7830//4586 8349//4586 7855//4586
f 5275//4587 5279//4587 5280//4587 5276//4587
f 5276//3555 5280//3555 6864//3555 6863//3555
f 5279//3554 6881//3554 6880//3554 5280//3554
f 5280//3555 6880//3555 8188//3555 6864//3555
f 5275//4588 5276//4588 5281//4588 5277//4588
f 5277//4589 5281//4589 7843//4589 7844//4589
f 5276//4590 6863//4590 6862//4590 5281//4590
f 5281//4591 6862//4591 8351//4591 7843//4591
f 5275//4592 5277//4592 5282//4592 5278//4592
f 5278//4593 5282//4593 7839//4593 7838//4593
f 5277//4594 7844//4594 7845//4594 5282//4594
f 5282//4595 7845//4595 8353//4595 7839//4595
f 5275//4596 5278//4596 5283//4596 5279//4596
f 5279//4597 5283//4597 6882//4597 6881//4597
f 5278//4598 7838//4598 7837//4598 5283//4598
f 5283//2512 7837//2512 8187//2512 6882//2512
f 5284//2490 5288//2490 5289//2490 5285//2490
f 5285//3549 5289//3549 7837//3549 7838//3549
f 5288//2490 6878//2490 6877//2490 5289//2490
f 5289//3549 6877//3549 8187//3549 7837//3549
f 5284//2490 5285//2490 5290//2490 5286//2490
f 5286//3547 5290//3547 7846//3547 7847//3547
f 5285//3549 7838//3549 7839//3549 5290//3549
f 5290//4599 7839//4599 8353//4599 7846//4599
f 5284//2495 5286//2495 5291//2495 5287//2495
f 5287//3550 5291//3550 7842//3550 7841//3550
f 5286//2495 7847//2495 7848//2495 5291//2495
f 5291//3551 7848//3551 8354//3551 7842//3551
f 5284//2495 5287//2495 5292//2495 5288//2495
f 5288//2495 5292//2495 6879//2495 6878//2495
f 5287//3550 7841//3550 7840//3550 5292//3550
f 5292//4600 7840//4600 8189//4600 6879//4600
f 5293//3541 5297//3541 5298//3541 5294//3541
f 5294//4601 5298//4601 6870//4601 6869//4601
f 5297//3542 6875//3542 6874//3542 5298//3542
f 5298//4601 6874//4601 8190//4601 6870//4601
f 5293//4602 5294//4602 5299//4602 5295//4602
f 5295//4603 5299//4603 7849//4603 7850//4603
f 5294//4604 6869//4604 6868//4604 5299//4604
f 5299//4605 6868//4605 8352//4605 7849//4605
f 5293//3543 5295//3543 5300//3543 5296//3543
f 5296//4606 5300//4606 6862//4606 6863//4606
f 5295//4607 7850//4607 7851//4607 5300//4607
f 5300//4608 7851//4608 8351//4608 6862//4608
f 5293//3543 5296//3543 5301//3543 5297//3543
f 5297//2479 5301//2479 6876//2479 6875//2479
f 5296//3544 6863//3544 6864//3544 5301//3544
f 5301//4609 6864//4609 8188//4609 6876//4609
f 5302//3534 5306//3534 5307//3534 5303//3534
f 5303//4610 5307//4610 7840//4610 7841//4610
f 5306//3535 6872//3535 6871//3535 5307//3535
f 5307//2402 6871//2402 8189//2402 7840//2402
f 5302//3534 5303//3534 5308//3534 5304//3534
f 5304//4611 5308//4611 7852//4611 7853//4611
f 5303//4610 7841//4610 7842//4610 5308//4610
f 5308//4610 7842//4610 8354//4610 7852//4610
f 5302//4612 5304//4612 5309//4612 5305//4612
f 5305//4613 5309//4613 6868//4613 6869//4613
f 5304//4614 7853//4614 7854//4614 5309//4614
f 5309//4615 7854//4615 8352//4615 6868//4615
f 5302//2405 5305//2405 5310//2405 5306//2405
f 5306//3539 5310//3539 6873//3539 6872//3539
f 5305//2406 6869//2406 6870//2406 5310//2406
f 5310//4616 6870//4616 8190//4616 6873//4616
f 5311//4617 5315//4617 5316//4617 5312//4617
f 5312//3449 5316//3449 6810//3449 6809//3449
f 5315//3450 6791//3450 6792//3450 5316//3450
f 5316//3441 6792//3441 8176//3441 6810//3441
f 5311//4618 5312//4618 5317//4618 5313//4618
f 5313//4619 5317//4619 7861//4619 7862//4619
f 5312//3443 6809//3443 6808//3443 5317//3443
f 5317//3444 6808//3444 8175//3444 7861//3444
f 5311//4620 5313//4620 5318//4620 5314//4620
f 5314//4621 5318//4621 7867//4621 7868//4621
f 5313//4622 7862//4622 7863//4622 5318//4622
f 5318//4623 7863//4623 8357//4623 7867//4623
f 5311//4624 5314//4624 5319//4624 5315//4624
f 5315//4625 5319//4625 6790//4625 6791//4625
f 5314//4626 7868//4626 7869//4626 5319//4626
f 5319//4627 7869//4627 8355//4627 6790//4627
f 5320//3431 5324//3431 5325//3431 5321//3431
f 5321//3431 5325//3431 6807//3431 6806//3431
f 5324//1335 7862//1335 7861//1335 5325//1335
f 5325//3432 7861//3432 8175//3432 6807//3432
f 5320//3435 5321//3435 5326//3435 5322//3435
f 5322//3437 5326//3437 7864//3437 7865//3437
f 5321//1329 6806//1329 6805//1329 5326//1329
f 5326//4628 6805//4628 8177//4628 7864//4628
f 5320//3435 5322//3435 5327//3435 5323//3435
f 5323//1329 5327//1329 7870//1329 7871//1329
f 5322//3437 7865//3437 7866//3437 5327//3437
f 5327//3436 7866//3436 8358//3436 7870//3436
f 5320//3431 5323//3431 5328//3431 5324//3431
f 5324//1335 5328//1335 7863//1335 7862//1335
f 5323//1334 7871//1334 7872//1334 5328//1334
f 5328//4629 7872//4629 8357//4629 7863//4629
f 5329//3430 5333//3430 5334//3430 5330//3430
f 5330//3422 5334//3422 6804//3422 6803//3422
f 5333//3423 6797//3423 6798//3423 5334//3423
f 5334//3423 6798//3423 8178//3423 6804//3423
f 5329//3425 5330//3425 5335//3425 5331//3425
f 5331//3426 5335//3426 6792//3426 6791//3426
f 5330//3427 6803//3427 6802//3427 5335//3427
f 5335//3426 6802//3426 8176//3426 6792//3426
f 5329//3425 5331//3425 5336//3425 5332//3425
f 5332//4630 5336//4630 7873//4630 7874//4630
f 5331//4631 6791//4631 6790//4631 5336//4631
f 5336//4632 6790//4632 8355//4632 7873//4632
f 5329//4633 5332//4633 5337//4633 5333//4633
f 5333//4634 5337//4634 6796//4634 6797//4634
f 5332//4635 7874//4635 7875//4635 5337//4635
f 5337//4636 7875//4636 8356//4636 6796//4636
f 5338//3409 5342//3409 5343//3409 5339//3409
f 5339//4637 5343//4637 6801//4637 6800//4637
f 5342//3421 7865//3421 7864//3421 5343//3421
f 5343//4638 7864//4638 8177//4638 6801//4638
f 5338//3417 5339//3417 5344//3417 5340//3417
f 5340//4639 5344//4639 6798//4639 6797//4639
f 5339//4640 6800//4640 6799//4640 5344//4640
f 5344//4639 6799//4639 8178//4639 6798//4639
f 5338//4641 5340//4641 5345//4641 5341//4641
f 5341//4642 5345//4642 7876//4642 7877//4642
f 5340//4643 6797//4643 6796//4643 5345//4643
f 5345//4644 6796//4644 8356//4644 7876//4644
f 5338//3409 5341//3409 5346//3409 5342//3409
f 5342//3421 5346//3421 7866//3421 7865//3421
f 5341//4645 7877//4645 7878//4645 5346//4645
f 5346//3421 7878//3421 8358//3421 7866//3421
f 5347//4646 5351//4646 5352//4646 5348//4646
f 5348//4647 5352//4647 7888//4647 7889//4647
f 5351//4648 6164//4648 6165//4648 5352//4648
f 5352//4649 6165//4649 8072//4649 7888//4649
f 5347//4650 5348//4650 5353//4650 5349//4650
f 5349//1456 5353//1456 7897//1456 7898//1456
f 5348//4651 7889//4651 7890//4651 5353//4651
f 5353//1457 7890//1457 8362//1457 7897//1457
f 5347//4652 5349//4652 5354//4652 5350//4652
f 5350//4653 5354//4653 7180//4653 7181//4653
f 5349//1453 7898//1453 7899//1453 5354//1453
f 5354//967 7899//967 8364//967 7180//967
f 5347//4654 5350//4654 5355//4654 5351//4654
f 5351//4655 5355//4655 6163//4655 6164//4655
f 5350//4656 7181//4656 7182//4656 5355//4656
f 5355//4657 7182//4657 8229//4657 6163//4657
f 5356//4658 5360//4658 5361//4658 5357//4658
f 5357//4659 5361//4659 6204//4659 6203//4659
f 5360//4660 6173//4660 6174//4660 5361//4660
f 5361//4661 6174//4661 8073//4661 6204//4661
f 5356//4662 5357//4662 5362//4662 5358//4662
f 5358//1163 5362//1163 7900//1163 7901//1163
f 5357//4663 6203//4663 6202//4663 5362//4663
f 5362//1164 6202//1164 8359//1164 7900//1164
f 5356//4664 5358//4664 5363//4664 5359//4664
f 5359//4665 5363//4665 7177//4665 7178//4665
f 5358//1159 7901//1159 7902//1159 5363//1159
f 5363//935 7902//935 8363//935 7177//935
f 5356//4666 5359//4666 5364//4666 5360//4666
f 5360//4667 5364//4667 6172//4667 6173//4667
f 5359//4668 7178//4668 7179//4668 5364//4668
f 5364//4669 7179//4669 8230//4669 6172//4669
f 5365//4670 5369//4670 5370//4670 5366//4670
f 5366//4668 5370//4668 7179//4668 7178//4668
f 5369//4671 7049//4671 7050//4671 5370//4671
f 5370//4669 7050//4669 8230//4669 7179//4669
f 5365//4672 5366//4672 5371//4672 5367//4672
f 5367//934 5371//934 7903//934 7904//934
f 5366//4665 7178//4665 7177//4665 5371//4665
f 5371//935 7177//935 8363//935 7903//935
f 5365//4673 5367//4673 5372//4673 5368//4673
f 5368//4674 5372//4674 7887//4674 7886//4674
f 5367//945 7904//945 7905//945 5372//945
f 5372//947 7905//947 8361//947 7887//947
f 5365//4675 5368//4675 5373//4675 5369//4675
f 5369//4676 5373//4676 7048//4676 7049//4676
f 5368//2244 7886//2244 7885//2244 5373//2244
f 5373//4677 7885//4677 8074//4677 7048//4677
f 5374//4678 5378//4678 5379//4678 5375//4678
f 5375//1054 5379//1054 6207//1054 6206//1054
f 5378//4679 6167//4679 6166//4679 5379//4679
f 5379//4680 6166//4680 8071//4680 6207//4680
f 5374//4681 5375//4681 5380//4681 5376//4681
f 5376//993 5380//993 7906//993 7907//993
f 5375//4682 6206//4682 6205//4682 5380//4682
f 5380//995 6205//995 8360//995 7906//995
f 5374//4683 5376//4683 5381//4683 5377//4683
f 5377//4684 5381//4684 6202//4684 6203//4684
f 5376//982 7907//982 7908//982 5381//982
f 5381//983 7908//983 8359//983 6202//983
f 5374//4685 5377//4685 5382//4685 5378//4685
f 5378//4686 5382//4686 6168//4686 6167//4686
f 5377//2259 6203//2259 6204//2259 5382//2259
f 5382//4687 6204//4687 8073//4687 6168//4687
f 5383//4688 5387//4688 5388//4688 5384//4688
f 5384//4689 5388//4689 7885//4689 7886//4689
f 5387//4690 6170//4690 6171//4690 5388//4690
f 5388//4691 6171//4691 8074//4691 7885//4691
f 5383//4692 5384//4692 5389//4692 5385//4692
f 5385//950 5389//950 7909//950 7910//950
f 5384//4693 7886//4693 7887//4693 5389//4693
f 5389//951 7887//951 8361//951 7909//951
f 5383//4694 5385//4694 5390//4694 5386//4694
f 5386//4695 5390//4695 7890//4695 7889//4695
f 5385//961 7910//961 7911//961 5390//961
f 5390//963 7911//963 8362//963 7890//963
f 5383//4696 5386//4696 5391//4696 5387//4696
f 5387//4697 5391//4697 6169//4697 6170//4697
f 5386//4698 7889//4698 7888//4698 5391//4698
f 5391//4699 7888//4699 8072//4699 6169//4699
f 5392//4700 5396//4700 5397//4700 5393//4700
f 5393//4656 5397//4656 7182//4656 7181//4656
f 5396//4701 7046//4701 7047//4701 5397//4701
f 5397//4657 7047//4657 8229//4657 7182//4657
f 5392//4702 5393//4702 5398//4702 5394//4702
f 5394//966 5398//966 7912//966 7913//966
f 5393//4653 7181//4653 7180//4653 5398//4653
f 5398//967 7180//967 8364//967 7912//967
f 5392//4703 5394//4703 5399//4703 5395//4703
f 5395//4704 5399//4704 6205//4704 6206//4704
f 5394//977 7913//977 7914//977 5399//977
f 5399//979 7914//979 8360//979 6205//979
f 5392//4705 5395//4705 5400//4705 5396//4705
f 5396//4706 5400//4706 7045//4706 7046//4706
f 5395//4707 6206//4707 6207//4707 5400//4707
f 5400//4708 6207//4708 8071//4708 7045//4708
f 5401//4709 5405//4709 5406//4709 5402//4709
f 5402//4710 5406//4710 5634//4710 5633//4710
f 5405//4711 5663//4711 5664//4711 5406//4711
f 5406//4712 5664//4712 7985//4712 5634//4712
f 5401//4713 5402//4713 5407//4713 5403//4713
f 5403//4714 5407//4714 7930//4714 7931//4714
f 5402//4715 5633//4715 5632//4715 5407//4715
f 5407//4716 5632//4716 8214//4716 7930//4716
f 5401//4717 5403//4717 5408//4717 5404//4717
f 5404//966 5408//966 7933//966 7934//966
f 5403//4718 7931//4718 7932//4718 5408//4718
f 5408//967 7932//967 8370//967 7933//967
f 5401//4719 5404//4719 5409//4719 5405//4719
f 5405//4720 5409//4720 5662//4720 5663//4720
f 5404//977 7934//977 7935//977 5409//977
f 5409//979 7935//979 8365//979 5662//979
f 5410//4721 5414//4721 5415//4721 5411//4721
f 5411//4722 5415//4722 5625//4722 5624//4722
f 5414//4723 7925//4723 7924//4723 5415//4723
f 5415//4724 7924//4724 7984//4724 5625//4724
f 5410//4725 5411//4725 5416//4725 5412//4725
f 5412//4726 5416//4726 7927//4726 7928//4726
f 5411//4727 5624//4727 5623//4727 5416//4727
f 5416//4728 5623//4728 8213//4728 7927//4728
f 5410//4729 5412//4729 5417//4729 5413//4729
f 5413//934 5417//934 7936//934 7937//934
f 5412//4730 7928//4730 7929//4730 5417//4730
f 5417//935 7929//935 8369//935 7936//935
f 5410//4731 5413//4731 5418//4731 5414//4731
f 5414//4732 5418//4732 7926//4732 7925//4732
f 5413//945 7937//945 7938//945 5418//945
f 5418//947 7938//947 8368//947 7926//947
f 5419//4733 5423//4733 5424//4733 5420//4733
f 5420//4734 5424//4734 6999//4734 6998//4734
f 5423//4726 7928//4726 7927//4726 5424//4726
f 5424//4728 7927//4728 8213//4728 6999//4728
f 5419//4735 5420//4735 5425//4735 5421//4735
f 5421//4736 5425//4736 5667//4736 5666//4736
f 5420//4737 6998//4737 6997//4737 5425//4737
f 5425//4738 6997//4738 7983//4738 5667//4738
f 5419//4739 5421//4739 5426//4739 5422//4739
f 5422//1436 5426//1436 7939//1436 7940//1436
f 5421//4740 5666//4740 5665//4740 5426//4740
f 5426//1164 5665//1164 8366//1164 7939//1164
f 5419//4741 5422//4741 5427//4741 5423//4741
f 5423//4730 5427//4730 7929//4730 7928//4730
f 5422//1159 7940//1159 7941//1159 5427//1159
f 5427//935 7941//935 8369//935 7929//935
f 5428//4742 5432//4742 5433//4742 5429//4742
f 5429//4743 5433//4743 5631//4743 5630//4743
f 5432//4744 7922//4744 7921//4744 5433//4744
f 5433//4745 7921//4745 7986//4745 5631//4745
f 5428//4746 5429//4746 5434//4746 5430//4746
f 5430//4747 5434//4747 7924//4747 7925//4747
f 5429//4748 5630//4748 5629//4748 5434//4748
f 5434//4749 5629//4749 7984//4749 7924//4749
f 5428//4750 5430//4750 5435//4750 5431//4750
f 5431//950 5435//950 7942//950 7943//950
f 5430//4751 7925//4751 7926//4751 5435//4751
f 5435//951 7926//951 8368//951 7942//951
f 5428//4752 5431//4752 5436//4752 5432//4752
f 5432//4753 5436//4753 7923//4753 7922//4753
f 5431//961 7943//961 7944//961 5436//961
f 5436//1439 7944//1439 8367//1439 7923//1439
f 5437//4754 5441//4754 5442//4754 5438//4754
f 5438//4755 5442//4755 5626//4755 5627//4755
f 5441//4756 5666//4756 5667//4756 5442//4756
f 5442//4757 5667//4757 7983//4757 5626//4757
f 5437//4758 5438//4758 5443//4758 5439//4758
f 5439//4759 5443//4759 5664//4759 5663//4759
f 5438//4760 5627//4760 5628//4760 5443//4760
f 5443//4761 5628//4761 7985//4761 5664//4761
f 5437//4762 5439//4762 5444//4762 5440//4762
f 5440//993 5444//993 7945//993 7946//993
f 5439//4763 5663//4763 5662//4763 5444//4763
f 5444//995 5662//995 8365//995 7945//995
f 5437//4764 5440//4764 5445//4764 5441//4764
f 5441//4765 5445//4765 5665//4765 5666//4765
f 5440//982 7946//982 7947//982 5445//982
f 5445//983 7947//983 8366//983 5665//983
f 5446//4766 5450//4766 5451//4766 5447//4766
f 5447//4767 5451//4767 7002//4767 7001//4767
f 5450//4714 7931//4714 7930//4714 5451//4714
f 5451//4716 7930//4716 8214//4716 7002//4716
f 5446//4768 5447//4768 5452//4768 5448//4768
f 5448//4769 5452//4769 7921//4769 7922//4769
f 5447//4770 7001//4770 7000//4770 5452//4770
f 5452//4771 7000//4771 7986//4771 7921//4771
f 5446//4772 5448//4772 5453//4772 5449//4772
f 5449//1456 5453//1456 7948//1456 7949//1456
f 5448//4773 7922//4773 7923//4773 5453//4773
f 5453//1457 7923//1457 8367//1457 7948//1457
f 5446//4774 5449//4774 5454//4774 5450//4774
f 5450//4718 5454//4718 7932//4718 7931//4718
f 5449//1453 7949//1453 7950//1453 5454//1453
f 5454//967 7950//967 8370//967 7932//967
f 8371//4775 8940//4775 9144//4775 8898//4775
f 8371//4776 8898//4776 9100//4776 8847//4776
f 8371//4777 8847//4777 8944//4777 8860//4777
f 8371//4778 8860//4778 9106//4778 8940//4778
f 8372//4779 8939//4779 9106//4779 8860//4779
f 8372//4780 8860//4780 8944//4780 8560//4780
f 8372//4781 8560//4781 8946//4781 8861//4781
f 8372//4778 8861//4778 9107//4778 8939//4778
f 8373//4782 8938//4782 9107//4782 8861//4782
f 8373//4783 8861//4783 8946//4783 8563//4783
f 8373//4784 8563//4784 8948//4784 8862//4784
f 8373//4785 8862//4785 9108//4785 8938//4785
f 8374//4786 8937//4786 9108//4786 8862//4786
f 8374//4787 8862//4787 8948//4787 8566//4787
f 8374//4788 8566//4788 8950//4788 8863//4788
f 8374//4789 8863//4789 9109//4789 8937//4789
f 8375//4790 8936//4790 9109//4790 8863//4790
f 8375//4791 8863//4791 8950//4791 8569//4791
f 8375//4792 8569//4792 8952//4792 8864//4792
f 8375//4793 8864//4793 9110//4793 8936//4793
f 8376//4794 8935//4794 9110//4794 8864//4794
f 8376//4795 8864//4795 8952//4795 8572//4795
f 8376//4796 8572//4796 8954//4796 8865//4796
f 8376//4797 8865//4797 9111//4797 8935//4797
f 8377//4798 8934//4798 9111//4798 8865//4798
f 8377//4799 8865//4799 8954//4799 8575//4799
f 8377//4800 8575//4800 8956//4800 8866//4800
f 8377//4801 8866//4801 9112//4801 8934//4801
f 8378//4802 8933//4802 9112//4802 8866//4802
f 8378//4803 8866//4803 8956//4803 8578//4803
f 8378//4804 8578//4804 8958//4804 8867//4804
f 8378//4805 8867//4805 9113//4805 8933//4805
f 8379//4806 8932//4806 9113//4806 8867//4806
f 8379//4807 8867//4807 8958//4807 8581//4807
f 8379//4808 8581//4808 8960//4808 8868//4808
f 8379//4809 8868//4809 9114//4809 8932//4809
f 8380//4810 8931//4810 9114//4810 8868//4810
f 8380//4811 8868//4811 8960//4811 8584//4811
f 8380//4812 8584//4812 8962//4812 8869//4812
f 8380//4813 8869//4813 9115//4813 8931//4813
f 8381//4814 8930//4814 9115//4814 8869//4814
f 8381//4815 8869//4815 8962//4815 8587//4815
f 8381//4816 8587//4816 8964//4816 8870//4816
f 8381//4817 8870//4817 9116//4817 8930//4817
f 8382//4818 8929//4818 9116//4818 8870//4818
f 8382//4819 8870//4819 8964//4819 8590//4819
f 8382//4820 8590//4820 8966//4820 8871//4820
f 8382//4821 8871//4821 9117//4821 8929//4821
f 8383//4822 8928//4822 9117//4822 8871//4822
f 8383//4823 8871//4823 8966//4823 8593//4823
f 8383//4824 8593//4824 8968//4824 8872//4824
f 8383//4825 8872//4825 9118//4825 8928//4825
f 8384//4826 8927//4826 9118//4826 8872//4826
f 8384//4827 8872//4827 8968//4827 8596//4827
f 8384//4828 8596//4828 8970//4828 8873//4828
f 8384//4829 8873//4829 9119//4829 8927//4829
f 8385//4830 8926//4830 9119//4830 8873//4830
f 8385//4831 8873//4831 8970//4831 8599//4831
f 8385//4832 8599//4832 8972//4832 8874//4832
f 8385//4833 8874//4833 9120//4833 8926//4833
f 8386//4834 8925//4834 9120//4834 8874//4834
f 8386//4835 8874//4835 8972//4835 8602//4835
f 8386//4836 8602//4836 8974//4836 8875//4836
f 8386//4837 8875//4837 9121//4837 8925//4837
f 8387//4838 8924//4838 9140//4838 8894//4838
f 8387//4839 8894//4839 9030//4839 8712//4839
f 8387//4840 8712//4840 8976//4840 8876//4840
f 8387//4841 8876//4841 9122//4841 8924//4841
f 8388//4842 8923//4842 9122//4842 8876//4842
f 8388//4843 8876//4843 8976//4843 8608//4843
f 8388//4844 8608//4844 8978//4844 8877//4844
f 8388//4845 8877//4845 9123//4845 8923//4845
f 8389//4846 8922//4846 9123//4846 8877//4846
f 8389//4847 8877//4847 8978//4847 8611//4847
f 8389//4848 8611//4848 8980//4848 8878//4848
f 8389//4849 8878//4849 9124//4849 8922//4849
f 8390//4850 8921//4850 9124//4850 8878//4850
f 8390//4851 8878//4851 8980//4851 8614//4851
f 8390//4852 8614//4852 8982//4852 8879//4852
f 8390//4853 8879//4853 9125//4853 8921//4853
f 8391//4854 8920//4854 9125//4854 8879//4854
f 8391//4855 8879//4855 8982//4855 8617//4855
f 8391//4856 8617//4856 8984//4856 8880//4856
f 8391//4857 8880//4857 9126//4857 8920//4857
f 8392//4858 8919//4858 9126//4858 8880//4858
f 8392//4859 8880//4859 8984//4859 8620//4859
f 8392//4860 8620//4860 8986//4860 8881//4860
f 8392//4861 8881//4861 9127//4861 8919//4861
f 8393//4862 8918//4862 9127//4862 8881//4862
f 8393//4863 8881//4863 8986//4863 8623//4863
f 8393//4864 8623//4864 8988//4864 8882//4864
f 8393//4865 8882//4865 9128//4865 8918//4865
f 8394//4866 8917//4866 9128//4866 8882//4866
f 8394//4867 8882//4867 8988//4867 8626//4867
f 8394//4868 8626//4868 8990//4868 8883//4868
f 8394//4869 8883//4869 9129//4869 8917//4869
f 8395//4870 8916//4870 9129//4870 8883//4870
f 8395//4871 8883//4871 8990//4871 8629//4871
f 8395//4872 8629//4872 8992//4872 8884//4872
f 8395//4873 8884//4873 9130//4873 8916//4873
f 8396//4874 8915//4874 9130//4874 8884//4874
f 8396//4875 8884//4875 8992//4875 8632//4875
f 8396//4876 8632//4876 8994//4876 8885//4876
f 8396//4877 8885//4877 9131//4877 8915//4877
f 8397//4878 8914//4878 9131//4878 8885//4878
f 8397//4879 8885//4879 8994//4879 8635//4879
f 8397//4880 8635//4880 8996//4880 8886//4880
f 8397//4881 8886//4881 9132//4881 8914//4881
f 8398//4882 8913//4882 9132//4882 8886//4882
f 8398//4883 8886//4883 8996//4883 8638//4883
f 8398//4884 8638//4884 8998//4884 8887//4884
f 8398//4885 8887//4885 9133//4885 8913//4885
f 8399//4886 8912//4886 9133//4886 8887//4886
f 8399//4887 8887//4887 8998//4887 8641//4887
f 8399//4888 8641//4888 9000//4888 8888//4888
f 8399//4889 8888//4889 9134//4889 8912//4889
f 8400//4890 8911//4890 9134//4890 8888//4890
f 8400//4891 8888//4891 9000//4891 8644//4891
f 8400//4892 8644//4892 9002//4892 8889//4892
f 8400//4893 8889//4893 9135//4893 8911//4893
f 8401//4894 8910//4894 9135//4894 8889//4894
f 8401//4895 8889//4895 9002//4895 8647//4895
f 8401//4896 8647//4896 9004//4896 8890//4896
f 8401//4897 8890//4897 9136//4897 8910//4897
f 8402//4898 8909//4898 9136//4898 8890//4898
f 8402//4899 8890//4899 9004//4899 8650//4899
f 8402//4900 8650//4900 9006//4900 8891//4900
f 8402//4901 8891//4901 9137//4901 8909//4901
f 8403//4902 8908//4902 9137//4902 8891//4902
f 8403//4903 8891//4903 9006//4903 8653//4903
f 8403//4904 8653//4904 9008//4904 8892//4904
f 8403//4905 8892//4905 9138//4905 8908//4905
f 8404//4906 8907//4906 9141//4906 8895//4906
f 8404//4907 8895//4907 9090//4907 8830//4907
f 8404//4908 8830//4908 9010//4908 8893//4908
f 8404//4909 8893//4909 9139//4909 8907//4909
f 8405//4910 8658//4910 9031//4910 8749//4910
f 8405//4911 8749//4911 9029//4911 8604//4911
f 8405//4912 8604//4912 8975//4912 8607//4912
f 8405//4913 8607//4913 8977//4913 8610//4913
f 8405//4914 8610//4914 8979//4914 8613//4914
f 8405//4915 8613//4915 8981//4915 8616//4915
f 8405//4916 8616//4916 8983//4916 8619//4916
f 8405//4917 8619//4917 8985//4917 8622//4917
f 8405//4918 8622//4918 8987//4918 8625//4918
f 8405//4919 8625//4919 8989//4919 8628//4919
f 8405//4920 8628//4920 8991//4920 8631//4920
f 8405//4921 8631//4921 8993//4921 8634//4921
f 8405//4922 8634//4922 8995//4922 8637//4922
f 8405//4923 8637//4923 8997//4923 8640//4923
f 8405//4924 8640//4924 8999//4924 8643//4924
f 8405//4925 8643//4925 9001//4925 8646//4925
f 8405//4926 8646//4926 9003//4926 8649//4926
f 8405//4926 8649//4926 9005//4926 8652//4926
f 8405//4927 8652//4927 9007//4927 8848//4927
f 8405//4928 8848//4928 9101//4928 8829//4928
f 8405//4928 8829//4928 9089//4928 8655//4928
f 8405//4929 8655//4929 9009//4929 8658//4929
f 8406//4930 8748//4930 9104//4930 8906//4930
f 8406//4931 8906//4931 9139//4931 8893//4931
f 8406//4932 8893//4932 9010//4932 8674//4932
f 8406//4933 8674//4933 9047//4933 8748//4933
f 8407//4934 8747//4934 9030//4934 8605//4934
f 8407//4935 8605//4935 8974//4935 8677//4935
f 8407//1201 8677//1201 9012//1201 8714//1201
f 8407//1201 8714//1201 9032//1201 8747//1201
f 8408//1201 8659//1201 9032//1201 8746//1201
f 8408//1201 8746//1201 9033//1201 8660//1201
f 8408//4936 8660//4936 8980//4936 8611//4936
f 8408//4937 8611//4937 8978//4937 8659//4937
f 8409//1201 8660//1201 9033//1201 8745//1201
f 8409//1201 8745//1201 9034//1201 8661//1201
f 8409//4938 8661//4938 8982//4938 8614//4938
f 8409//4939 8614//4939 8980//4939 8660//4939
f 8410//1201 8661//1201 9034//1201 8744//1201
f 8410//1201 8744//1201 9035//1201 8662//1201
f 8410//4940 8662//4940 8984//4940 8617//4940
f 8410//4941 8617//4941 8982//4941 8661//4941
f 8411//1201 8662//1201 9035//1201 8743//1201
f 8411//1201 8743//1201 9036//1201 8663//1201
f 8411//4942 8663//4942 8986//4942 8620//4942
f 8411//4943 8620//4943 8984//4943 8662//4943
f 8412//1201 8663//1201 9036//1201 8742//1201
f 8412//1201 8742//1201 9037//1201 8664//1201
f 8412//4944 8664//4944 8988//4944 8623//4944
f 8412//4945 8623//4945 8986//4945 8663//4945
f 8413//1201 8664//1201 9037//1201 8741//1201
f 8413//1201 8741//1201 9038//1201 8665//1201
f 8413//4946 8665//4946 8990//4946 8626//4946
f 8413//4947 8626//4947 8988//4947 8664//4947
f 8414//1201 8665//1201 9038//1201 8740//1201
f 8414//1201 8740//1201 9039//1201 8666//1201
f 8414//4948 8666//4948 8992//4948 8629//4948
f 8414//4949 8629//4949 8990//4949 8665//4949
f 8415//1201 8666//1201 9039//1201 8739//1201
f 8415//1201 8739//1201 9040//1201 8667//1201
f 8415//4950 8667//4950 8994//4950 8632//4950
f 8415//4951 8632//4951 8992//4951 8666//4951
f 8416//1201 8667//1201 9040//1201 8738//1201
f 8416//1201 8738//1201 9041//1201 8668//1201
f 8416//4952 8668//4952 8996//4952 8635//4952
f 8416//4953 8635//4953 8994//4953 8667//4953
f 8417//1201 8668//1201 9041//1201 8737//1201
f 8417//1201 8737//1201 9042//1201 8669//1201
f 8417//4954 8669//4954 8998//4954 8638//4954
f 8417//4955 8638//4955 8996//4955 8668//4955
f 8418//1201 8669//1201 9042//1201 8736//1201
f 8418//1201 8736//1201 9043//1201 8670//1201
f 8418//4956 8670//4956 9000//4956 8641//4956
f 8418//4957 8641//4957 8998//4957 8669//4957
f 8419//1201 8670//1201 9043//1201 8735//1201
f 8419//4958 8735//4958 9044//4958 8671//4958
f 8419//4959 8671//4959 9002//4959 8644//4959
f 8419//4960 8644//4960 9000//4960 8670//4960
f 8420//4961 8671//4961 9044//4961 8734//4961
f 8420//4962 8734//4962 9045//4962 8672//4962
f 8420//4963 8672//4963 9004//4963 8647//4963
f 8420//4964 8647//4964 9002//4964 8671//4964
f 8421//4965 8672//4965 9045//4965 8733//4965
f 8421//4966 8733//4966 9046//4966 8673//4966
f 8421//4967 8673//4967 9006//4967 8650//4967
f 8421//4968 8650//4968 9004//4968 8672//4968
f 8422//4969 8673//4969 9046//4969 8732//4969
f 8422//4970 8732//4970 9048//4970 8675//4970
f 8422//4971 8675//4971 9008//4971 8653//4971
f 8422//4972 8653//4972 9006//4972 8673//4972
f 8423//4973 8839//4973 9092//4973 8832//4973
f 8423//4974 8832//4974 9047//4974 8674//4974
f 8423//4975 8674//4975 9010//4975 8830//4975
f 8423//4976 8830//4976 9090//4976 8839//4976
f 8424//4977 8838//4977 9088//4977 8557//4977
f 8424//4978 8557//4978 8942//4978 8692//4978
f 8424//4979 8692//4979 9027//4979 8831//4979
f 8424//4973 8831//4973 9091//4973 8838//4973
f 8425//4980 8691//4980 8946//4980 8560//4980
f 8425//4981 8560//4981 8944//4981 8693//4981
f 8425//4970 8693//4970 9028//4970 8695//4970
f 8425//4969 8695//4969 9026//4969 8691//4969
f 8426//4982 8690//4982 8948//4982 8563//4982
f 8426//4983 8563//4983 8946//4983 8691//4983
f 8426//4966 8691//4966 9026//4966 8696//4966
f 8426//4965 8696//4965 9025//4965 8690//4965
f 8427//4984 8689//4984 8950//4984 8566//4984
f 8427//4985 8566//4985 8948//4985 8690//4985
f 8427//4962 8690//4962 9025//4962 8697//4962
f 8427//4961 8697//4961 9024//4961 8689//4961
f 8428//4986 8688//4986 8952//4986 8569//4986
f 8428//4987 8569//4987 8950//4987 8689//4987
f 8428//4958 8689//4958 9024//4958 8698//4958
f 8428//1201 8698//1201 9023//1201 8688//1201
f 8429//4988 8687//4988 8954//4988 8572//4988
f 8429//4989 8572//4989 8952//4989 8688//4989
f 8429//1201 8688//1201 9023//1201 8699//1201
f 8429//1201 8699//1201 9022//1201 8687//1201
f 8430//4990 8686//4990 8956//4990 8575//4990
f 8430//4991 8575//4991 8954//4991 8687//4991
f 8430//1201 8687//1201 9022//1201 8700//1201
f 8430//1201 8700//1201 9021//1201 8686//1201
f 8431//4992 8685//4992 8958//4992 8578//4992
f 8431//4993 8578//4993 8956//4993 8686//4993
f 8431//1201 8686//1201 9021//1201 8701//1201
f 8431//1201 8701//1201 9020//1201 8685//1201
f 8432//4994 8684//4994 8960//4994 8581//4994
f 8432//4995 8581//4995 8958//4995 8685//4995
f 8432//1201 8685//1201 9020//1201 8702//1201
f 8432//1201 8702//1201 9019//1201 8684//1201
f 8433//4996 8683//4996 8962//4996 8584//4996
f 8433//4997 8584//4997 8960//4997 8684//4997
f 8433//1201 8684//1201 9019//1201 8703//1201
f 8433//1201 8703//1201 9018//1201 8683//1201
f 8434//4998 8682//4998 8964//4998 8587//4998
f 8434//4999 8587//4999 8962//4999 8683//4999
f 8434//1201 8683//1201 9018//1201 8704//1201
f 8434//1201 8704//1201 9017//1201 8682//1201
f 8435//5000 8681//5000 8966//5000 8590//5000
f 8435//5001 8590//5001 8964//5001 8682//5001
f 8435//1201 8682//1201 9017//1201 8705//1201
f 8435//1201 8705//1201 9016//1201 8681//1201
f 8436//5002 8680//5002 8968//5002 8593//5002
f 8436//5003 8593//5003 8966//5003 8681//5003
f 8436//1201 8681//1201 9016//1201 8706//1201
f 8436//1201 8706//1201 9015//1201 8680//1201
f 8437//5004 8679//5004 8970//5004 8596//5004
f 8437//5005 8596//5005 8968//5005 8680//5005
f 8437//1201 8680//1201 9015//1201 8707//1201
f 8437//1201 8707//1201 9014//1201 8679//1201
f 8438//5006 8678//5006 8972//5006 8599//5006
f 8438//5007 8599//5007 8970//5007 8679//5007
f 8438//1201 8679//1201 9014//1201 8708//1201
f 8438//1201 8708//1201 9013//1201 8678//1201
f 8439//5008 8677//5008 8974//5008 8602//5008
f 8439//5009 8602//5009 8972//5009 8678//5009
f 8439//1201 8678//1201 9013//1201 8709//1201
f 8439//1201 8709//1201 9012//1201 8677//1201
f 8440//5010 8859//5010 9105//5010 8905//5010
f 8440//4930 8905//4930 9103//4930 8710//4930
f 8440//4933 8710//4933 9027//4933 8692//4933
f 8440//5011 8692//5011 8942//5011 8859//5011
f 8441//4973 8837//4973 9091//4973 8831//4973
f 8441//4979 8831//4979 9027//4979 8729//4979
f 8441//4974 8729//4974 9047//4974 8832//4974
f 8441//4973 8832//4973 9092//4973 8837//4973
f 8442//4969 8728//4969 9026//4969 8695//4969
f 8442//4970 8695//4970 9028//4970 8730//4970
f 8442//4970 8730//4970 9048//4970 8732//4970
f 8442//4969 8732//4969 9046//4969 8728//4969
f 8443//4965 8727//4965 9025//4965 8696//4965
f 8443//4966 8696//4966 9026//4966 8728//4966
f 8443//4966 8728//4966 9046//4966 8733//4966
f 8443//4965 8733//4965 9045//4965 8727//4965
f 8444//4961 8726//4961 9024//4961 8697//4961
f 8444//4962 8697//4962 9025//4962 8727//4962
f 8444//4962 8727//4962 9045//4962 8734//4962
f 8444//4961 8734//4961 9044//4961 8726//4961
f 8445//1201 8725//1201 9023//1201 8698//1201
f 8445//4958 8698//4958 9024//4958 8726//4958
f 8445//4958 8726//4958 9044//4958 8735//4958
f 8445//1201 8735//1201 9043//1201 8725//1201
f 8446//1201 8724//1201 9022//1201 8699//1201
f 8446//1201 8699//1201 9023//1201 8725//1201
f 8446//1201 8725//1201 9043//1201 8736//1201
f 8446//1201 8736//1201 9042//1201 8724//1201
f 8447//1201 8723//1201 9021//1201 8700//1201
f 8447//1201 8700//1201 9022//1201 8724//1201
f 8447//1201 8724//1201 9042//1201 8737//1201
f 8447//1201 8737//1201 9041//1201 8723//1201
f 8448//1201 8722//1201 9020//1201 8701//1201
f 8448//1201 8701//1201 9021//1201 8723//1201
f 8448//1201 8723//1201 9041//1201 8738//1201
f 8448//1201 8738//1201 9040//1201 8722//1201
f 8449//1201 8721//1201 9019//1201 8702//1201
f 8449//1201 8702//1201 9020//1201 8722//1201
f 8449//1201 8722//1201 9040//1201 8739//1201
f 8449//1201 8739//1201 9039//1201 8721//1201
f 8450//1201 8720//1201 9018//1201 8703//1201
f 8450//1201 8703//1201 9019//1201 8721//1201
f 8450//1201 8721//1201 9039//1201 8740//1201
f 8450//1201 8740//1201 9038//1201 8720//1201
f 8451//1201 8719//1201 9017//1201 8704//1201
f 8451//1201 8704//1201 9018//1201 8720//1201
f 8451//1201 8720//1201 9038//1201 8741//1201
f 8451//1201 8741//1201 9037//1201 8719//1201
f 8452//1201 8718//1201 9016//1201 8705//1201
f 8452//1201 8705//1201 9017//1201 8719//1201
f 8452//1201 8719//1201 9037//1201 8742//1201
f 8452//1201 8742//1201 9036//1201 8718//1201
f 8453//1201 8717//1201 9015//1201 8706//1201
f 8453//1201 8706//1201 9016//1201 8718//1201
f 8453//1201 8718//1201 9036//1201 8743//1201
f 8453//1201 8743//1201 9035//1201 8717//1201
f 8454//1201 8716//1201 9014//1201 8707//1201
f 8454//1201 8707//1201 9015//1201 8717//1201
f 8454//1201 8717//1201 9035//1201 8744//1201
f 8454//1201 8744//1201 9034//1201 8716//1201
f 8455//1201 8715//1201 9013//1201 8708//1201
f 8455//1201 8708//1201 9014//1201 8716//1201
f 8455//1201 8716//1201 9034//1201 8745//1201
f 8455//1201 8745//1201 9033//1201 8715//1201
f 8456//1201 8714//1201 9012//1201 8709//1201
f 8456//1201 8709//1201 9013//1201 8715//1201
f 8456//1201 8715//1201 9033//1201 8746//1201
f 8456//1201 8746//1201 9032//1201 8714//1201
f 8457//5012 8608//5012 8976//5012 8712//5012
f 8457//5013 8712//5013 9030//5013 8747//5013
f 8457//1201 8747//1201 9032//1201 8659//1201
f 8457//5014 8659//5014 8978//5014 8608//5014
f 8458//4930 8710//4930 9103//4930 8904//4930
f 8458//4930 8904//4930 9104//4930 8748//4930
f 8458//5015 8748//5015 9047//5015 8729//5015
f 8458//5016 8729//5016 9027//5016 8710//5016
f 8459//5017 8676//5017 8941//5017 8827//5017
f 8459//5018 8827//5018 9087//5018 8842//5018
f 8459//5018 8842//5018 9095//5018 8556//5018
f 8459//5019 8556//5019 8943//5019 8559//5019
f 8459//5020 8559//5020 8945//5020 8562//5020
f 8459//5021 8562//5021 8947//5021 8565//5021
f 8459//5022 8565//5022 8949//5022 8568//5022
f 8459//5023 8568//5023 8951//5023 8571//5023
f 8459//5024 8571//5024 8953//5024 8574//5024
f 8459//5025 8574//5025 8955//5025 8577//5025
f 8459//5026 8577//5026 8957//5026 8580//5026
f 8459//5027 8580//5027 8959//5027 8583//5027
f 8459//5028 8583//5028 8961//5028 8586//5028
f 8459//5029 8586//5029 8963//5029 8589//5029
f 8459//5030 8589//5030 8965//5030 8592//5030
f 8459//5031 8592//5031 8967//5031 8595//5031
f 8459//5032 8595//5032 8969//5032 8598//5032
f 8459//5033 8598//5033 8971//5033 8601//5033
f 8459//5034 8601//5034 8973//5034 8711//5034
f 8459//5035 8711//5035 9029//5035 8749//5035
f 8459//5036 8749//5036 9031//5036 8713//5036
f 8459//5037 8713//5037 9011//5037 8676//5037
f 8460//5038 8903//5038 9121//5038 8875//5038
f 8460//5039 8875//5039 8974//5039 8605//5039
f 8460//5040 8605//5040 9030//5040 8894//5040
f 8460//4838 8894//4838 9140//4838 8903//4838
f 8461//5041 8711//5041 8973//5041 8603//5041
f 8461//5038 8603//5038 9065//5038 8789//5038
f 8461//4838 8789//4838 9086//4838 8750//4838
f 8461//5042 8750//5042 9029//5042 8711//5042
f 8462//5043 8786//5043 9011//5043 8713//5043
f 8462//5044 8713//5044 9031//5044 8787//5044
f 8462//4930 8787//4930 9085//4930 8790//4930
f 8462//4930 8790//4930 9084//4930 8786//4930
f 8463//5045 8555//5045 8941//5045 8676//5045
f 8463//5046 8676//5046 9011//5046 8786//5046
f 8463//4930 8786//4930 9084//4930 8791//4930
f 8463//5010 8791//5010 9049//5010 8555//5010
f 8464//5047 8787//5047 9031//5047 8658//5047
f 8464//5048 8658//5048 9009//5048 8657//5048
f 8464//5049 8657//5049 9083//5049 8792//5049
f 8464//4930 8792//4930 9085//4930 8787//4930
f 8465//5050 8655//5050 9089//5050 8836//5050
f 8465//4906 8836//4906 9093//4906 8793//4906
f 8465//5051 8793//5051 9083//5051 8657//5051
f 8465//5052 8657//5052 9009//5052 8655//5052
f 8466//5053 8652//5053 9005//5053 8651//5053
f 8466//4902 8651//4902 9081//4902 8794//4902
f 8466//4905 8794//4905 9082//4905 8654//4905
f 8466//5054 8654//5054 9007//5054 8652//5054
f 8467//5055 8649//5055 9003//5055 8648//5055
f 8467//4898 8648//4898 9080//4898 8795//4898
f 8467//4901 8795//4901 9081//4901 8651//4901
f 8467//5056 8651//5056 9005//5056 8649//5056
f 8468//5057 8646//5057 9001//5057 8645//5057
f 8468//4894 8645//4894 9079//4894 8796//4894
f 8468//4897 8796//4897 9080//4897 8648//4897
f 8468//5058 8648//5058 9003//5058 8646//5058
f 8469//5059 8643//5059 8999//5059 8642//5059
f 8469//4890 8642//4890 9078//4890 8797//4890
f 8469//4893 8797//4893 9079//4893 8645//4893
f 8469//5060 8645//5060 9001//5060 8643//5060
f 8470//5061 8640//5061 8997//5061 8639//5061
f 8470//4886 8639//4886 9077//4886 8798//4886
f 8470//4889 8798//4889 9078//4889 8642//4889
f 8470//5062 8642//5062 8999//5062 8640//5062
f 8471//5063 8637//5063 8995//5063 8636//5063
f 8471//4882 8636//4882 9076//4882 8799//4882
f 8471//4885 8799//4885 9077//4885 8639//4885
f 8471//5064 8639//5064 8997//5064 8637//5064
f 8472//5065 8634//5065 8993//5065 8633//5065
f 8472//4878 8633//4878 9075//4878 8800//4878
f 8472//4881 8800//4881 9076//4881 8636//4881
f 8472//5066 8636//5066 8995//5066 8634//5066
f 8473//5067 8631//5067 8991//5067 8630//5067
f 8473//4874 8630//4874 9074//4874 8801//4874
f 8473//4877 8801//4877 9075//4877 8633//4877
f 8473//5068 8633//5068 8993//5068 8631//5068
f 8474//5069 8628//5069 8989//5069 8627//5069
f 8474//4870 8627//4870 9073//4870 8802//4870
f 8474//4873 8802//4873 9074//4873 8630//4873
f 8474//5070 8630//5070 8991//5070 8628//5070
f 8475//5071 8625//5071 8987//5071 8624//5071
f 8475//4866 8624//4866 9072//4866 8803//4866
f 8475//4869 8803//4869 9073//4869 8627//4869
f 8475//5072 8627//5072 8989//5072 8625//5072
f 8476//5073 8622//5073 8985//5073 8621//5073
f 8476//4862 8621//4862 9071//4862 8804//4862
f 8476//4865 8804//4865 9072//4865 8624//4865
f 8476//5074 8624//5074 8987//5074 8622//5074
f 8477//5075 8619//5075 8983//5075 8618//5075
f 8477//4858 8618//4858 9070//4858 8805//4858
f 8477//4861 8805//4861 9071//4861 8621//4861
f 8477//5076 8621//5076 8985//5076 8619//5076
f 8478//5077 8616//5077 8981//5077 8615//5077
f 8478//4854 8615//4854 9069//4854 8806//4854
f 8478//4857 8806//4857 9070//4857 8618//4857
f 8478//5078 8618//5078 8983//5078 8616//5078
f 8479//5079 8613//5079 8979//5079 8612//5079
f 8479//4850 8612//4850 9068//4850 8807//4850
f 8479//4853 8807//4853 9069//4853 8615//4853
f 8479//5080 8615//5080 8981//5080 8613//5080
f 8480//5081 8610//5081 8977//5081 8609//5081
f 8480//4846 8609//4846 9067//4846 8808//4846
f 8480//4849 8808//4849 9068//4849 8612//4849
f 8480//5082 8612//5082 8979//5082 8610//5082
f 8481//5083 8607//5083 8975//5083 8606//5083
f 8481//4842 8606//4842 9066//4842 8809//4842
f 8481//4845 8809//4845 9067//4845 8609//4845
f 8481//5084 8609//5084 8977//5084 8607//5084
f 8482//5085 8604//5085 9029//5085 8750//5085
f 8482//4838 8750//4838 9086//4838 8810//4838
f 8482//4841 8810//4841 9066//4841 8606//4841
f 8482//5086 8606//5086 8975//5086 8604//5086
f 8483//5087 8601//5087 8971//5087 8600//5087
f 8483//4834 8600//4834 9064//4834 8811//4834
f 8483//4837 8811//4837 9065//4837 8603//4837
f 8483//5088 8603//5088 8973//5088 8601//5088
f 8484//5089 8598//5089 8969//5089 8597//5089
f 8484//4830 8597//4830 9063//4830 8812//4830
f 8484//4833 8812//4833 9064//4833 8600//4833
f 8484//5090 8600//5090 8971//5090 8598//5090
f 8485//5091 8595//5091 8967//5091 8594//5091
f 8485//4826 8594//4826 9062//4826 8813//4826
f 8485//4829 8813//4829 9063//4829 8597//4829
f 8485//5092 8597//5092 8969//5092 8595//5092
f 8486//5093 8592//5093 8965//5093 8591//5093
f 8486//4822 8591//4822 9061//4822 8814//4822
f 8486//4825 8814//4825 9062//4825 8594//4825
f 8486//5094 8594//5094 8967//5094 8592//5094
f 8487//5095 8589//5095 8963//5095 8588//5095
f 8487//4818 8588//4818 9060//4818 8815//4818
f 8487//4821 8815//4821 9061//4821 8591//4821
f 8487//5096 8591//5096 8965//5096 8589//5096
f 8488//5097 8586//5097 8961//5097 8585//5097
f 8488//4814 8585//4814 9059//4814 8816//4814
f 8488//4817 8816//4817 9060//4817 8588//4817
f 8488//5098 8588//5098 8963//5098 8586//5098
f 8489//5099 8583//5099 8959//5099 8582//5099
f 8489//4810 8582//4810 9058//4810 8817//4810
f 8489//4813 8817//4813 9059//4813 8585//4813
f 8489//5100 8585//5100 8961//5100 8583//5100
f 8490//5101 8580//5101 8957//5101 8579//5101
f 8490//4806 8579//4806 9057//4806 8818//4806
f 8490//4809 8818//4809 9058//4809 8582//4809
f 8490//5102 8582//5102 8959//5102 8580//5102
f 8491//5103 8577//5103 8955//5103 8576//5103
f 8491//4802 8576//4802 9056//4802 8819//4802
f 8491//4805 8819//4805 9057//4805 8579//4805
f 8491//5104 8579//5104 8957//5104 8577//5104
f 8492//5105 8574//5105 8953//5105 8573//5105
f 8492//4798 8573//4798 9055//4798 8820//4798
f 8492//4801 8820//4801 9056//4801 8576//4801
f 8492//5106 8576//5106 8955//5106 8574//5106
f 8493//5107 8571//5107 8951//5107 8570//5107
f 8493//4794 8570//4794 9054//4794 8821//4794
f 8493//4797 8821//4797 9055//4797 8573//4797
f 8493//5108 8573//5108 8953//5108 8571//5108
f 8494//5109 8568//5109 8949//5109 8567//5109
f 8494//4790 8567//4790 9053//4790 8822//4790
f 8494//4793 8822//4793 9054//4793 8570//4793
f 8494//5110 8570//5110 8951//5110 8568//5110
f 8495//5111 8565//5111 8947//5111 8564//5111
f 8495//4786 8564//4786 9052//4786 8823//4786
f 8495//4789 8823//4789 9053//4789 8567//4789
f 8495//5112 8567//5112 8949//5112 8565//5112
f 8496//5113 8562//5113 8945//5113 8561//5113
f 8496//4782 8561//4782 9051//4782 8824//4782
f 8496//4785 8824//4785 9052//4785 8564//4785
f 8496//5114 8564//5114 8947//5114 8562//5114
f 8497//5115 8559//5115 8943//5115 8558//5115
f 8497//4779 8558//4779 9050//4779 8825//4779
f 8497//4778 8825//4778 9051//4778 8561//4778
f 8497//5116 8561//5116 8945//5116 8559//5116
f 8498//5117 8556//5117 9095//5117 8855//5117
f 8498//4775 8855//4775 9099//4775 8826//4775
f 8498//4778 8826//4778 9050//4778 8558//4778
f 8498//5118 8558//5118 8943//5118 8556//5118
f 8499//5119 8827//5119 8941//5119 8555//5119
f 8499//5120 8555//5120 9049//5120 8834//5120
f 8499//4775 8834//4775 9094//4775 8835//4775
f 8499//5121 8835//5121 9087//5121 8827//5121
f 8500//5122 8829//5122 9101//5122 8854//5122
f 8500//4906 8854//4906 9102//4906 8833//4906
f 8500//4906 8833//4906 9093//4906 8836//4906
f 8500//5123 8836//5123 9089//5123 8829//5123
f 8501//4973 8853//4973 9097//4973 8844//4973
f 8501//4973 8844//4973 9091//4973 8837//4973
f 8501//4973 8837//4973 9092//4973 8845//4973
f 8501//4973 8845//4973 9098//4973 8853//4973
f 8502//5124 8852//5124 9100//5124 8828//5124
f 8502//5125 8828//5125 9088//5125 8838//5125
f 8502//4973 8838//4973 9091//4973 8844//4973
f 8502//4973 8844//4973 9097//4973 8852//4973
f 8503//4973 8851//4973 9098//4973 8845//4973
f 8503//4973 8845//4973 9092//4973 8839//4973
f 8503//5126 8839//5126 9090//5126 8843//5126
f 8503//5127 8843//5127 9096//5127 8851//5127
f 8504//4906 8902//4906 9143//4906 8897//4906
f 8504//5128 8897//5128 9096//5128 8843//5128
f 8504//5129 8843//5129 9090//5129 8895//5129
f 8504//4906 8895//4906 9141//4906 8902//4906
f 8505//5120 8901//5120 9105//5120 8859//5120
f 8505//5130 8859//5130 8942//5130 8557//5130
f 8505//5131 8557//5131 9088//5131 8896//5131
f 8505//4775 8896//4775 9142//4775 8901//4775
f 8506//4902 8900//4902 9138//4902 8892//4902
f 8506//5132 8892//5132 9008//5132 8656//5132
f 8506//5133 8656//5133 9096//5133 8897//5133
f 8506//4906 8897//4906 9143//4906 8900//4906
f 8507//5134 8675//5134 9048//5134 8731//5134
f 8507//4973 8731//4973 9098//4973 8851//4973
f 8507//5135 8851//5135 9096//5135 8656//5135
f 8507//5136 8656//5136 9008//5136 8675//5136
f 8508//5137 8693//5137 8944//5137 8847//5137
f 8508//5138 8847//5138 9100//5138 8852//5138
f 8508//4973 8852//4973 9097//4973 8694//4973
f 8508//5134 8694//5134 9028//5134 8693//5134
f 8509//5134 8730//5134 9028//5134 8694//5134
f 8509//4973 8694//4973 9097//4973 8853//4973
f 8509//4973 8853//4973 9098//4973 8731//4973
f 8509//5134 8731//5134 9048//5134 8730//5134
f 8510//5139 8848//5139 9007//5139 8654//5139
f 8510//4902 8654//4902 9082//4902 8849//4902
f 8510//4906 8849//4906 9102//4906 8854//4906
f 8510//5140 8854//5140 9101//5140 8848//5140
f 8511//5141 8842//5141 9087//5141 8835//5141
f 8511//4775 8835//4775 9094//4775 8846//4775
f 8511//4775 8846//4775 9099//4775 8855//4775
f 8511//5142 8855//5142 9095//5142 8842//5142
f 8512//4775 8899//4775 9142//4775 8896//4775
f 8512//5143 8896//5143 9088//5143 8828//5143
f 8512//5144 8828//5144 9100//5144 8898//5144
f 8512//4775 8898//4775 9144//4775 8899//4775
f 8513//4775 8846//4775 9094//4775 8841//4775
f 8513//4775 8841//4775 9142//4775 8899//4775
f 8513//4775 8899//4775 9144//4775 8856//4775
f 8513//4775 8856//4775 9099//4775 8846//4775
f 8514//4902 8849//4902 9082//4902 8784//4902
f 8514//4902 8784//4902 9138//4902 8900//4902
f 8514//4906 8900//4906 9143//4906 8850//4906
f 8514//4906 8850//4906 9102//4906 8849//4906
f 8515//5120 8834//5120 9049//5120 8751//5120
f 8515//5120 8751//5120 9105//5120 8901//5120
f 8515//4775 8901//4775 9142//4775 8841//4775
f 8515//4775 8841//4775 9094//4775 8834//4775
f 8516//4906 8833//4906 9102//4906 8850//4906
f 8516//4906 8850//4906 9143//4906 8902//4906
f 8516//4906 8902//4906 9141//4906 8840//4906
f 8516//4906 8840//4906 9093//4906 8833//4906
f 8517//5038 8789//5038 9065//5038 8767//5038
f 8517//5038 8767//5038 9121//5038 8903//5038
f 8517//4838 8903//4838 9140//4838 8788//4838
f 8517//4838 8788//4838 9086//4838 8789//4838
f 8518//4930 8857//4930 9084//4930 8790//4930
f 8518//4930 8790//4930 9085//4930 8858//4930
f 8518//4930 8858//4930 9104//4930 8904//4930
f 8518//4930 8904//4930 9103//4930 8857//4930
f 8519//5010 8751//5010 9049//5010 8791//5010
f 8519//4930 8791//4930 9084//4930 8857//4930
f 8519//4930 8857//4930 9103//4930 8905//4930
f 8519//5010 8905//5010 9105//5010 8751//5010
f 8520//4930 8858//4930 9085//4930 8792//4930
f 8520//4931 8792//4931 9083//4931 8785//4931
f 8520//4931 8785//4931 9139//4931 8906//4931
f 8520//4930 8906//4930 9104//4930 8858//4930
f 8521//4906 8793//4906 9093//4906 8840//4906
f 8521//4906 8840//4906 9141//4906 8907//4906
f 8521//5051 8907//5051 9139//5051 8785//5051
f 8521//5051 8785//5051 9083//5051 8793//5051
f 8522//4902 8794//4902 9081//4902 8783//4902
f 8522//4902 8783//4902 9137//4902 8908//4902
f 8522//4905 8908//4905 9138//4905 8784//4905
f 8522//4905 8784//4905 9082//4905 8794//4905
f 8523//4898 8795//4898 9080//4898 8782//4898
f 8523//4898 8782//4898 9136//4898 8909//4898
f 8523//4901 8909//4901 9137//4901 8783//4901
f 8523//4901 8783//4901 9081//4901 8795//4901
f 8524//4894 8796//4894 9079//4894 8781//4894
f 8524//4894 8781//4894 9135//4894 8910//4894
f 8524//4897 8910//4897 9136//4897 8782//4897
f 8524//4897 8782//4897 9080//4897 8796//4897
f 8525//4890 8797//4890 9078//4890 8780//4890
f 8525//4890 8780//4890 9134//4890 8911//4890
f 8525//4893 8911//4893 9135//4893 8781//4893
f 8525//4893 8781//4893 9079//4893 8797//4893
f 8526//4886 8798//4886 9077//4886 8779//4886
f 8526//4886 8779//4886 9133//4886 8912//4886
f 8526//4889 8912//4889 9134//4889 8780//4889
f 8526//4889 8780//4889 9078//4889 8798//4889
f 8527//4882 8799//4882 9076//4882 8778//4882
f 8527//4882 8778//4882 9132//4882 8913//4882
f 8527//4885 8913//4885 9133//4885 8779//4885
f 8527//4885 8779//4885 9077//4885 8799//4885
f 8528//4878 8800//4878 9075//4878 8777//4878
f 8528//4878 8777//4878 9131//4878 8914//4878
f 8528//4881 8914//4881 9132//4881 8778//4881
f 8528//4881 8778//4881 9076//4881 8800//4881
f 8529//4874 8801//4874 9074//4874 8776//4874
f 8529//4874 8776//4874 9130//4874 8915//4874
f 8529//4877 8915//4877 9131//4877 8777//4877
f 8529//4877 8777//4877 9075//4877 8801//4877
f 8530//4870 8802//4870 9073//4870 8775//4870
f 8530//4870 8775//4870 9129//4870 8916//4870
f 8530//4873 8916//4873 9130//4873 8776//4873
f 8530//4873 8776//4873 9074//4873 8802//4873
f 8531//4866 8803//4866 9072//4866 8774//4866
f 8531//4866 8774//4866 9128//4866 8917//4866
f 8531//4869 8917//4869 9129//4869 8775//4869
f 8531//4869 8775//4869 9073//4869 8803//4869
f 8532//4862 8804//4862 9071//4862 8773//4862
f 8532//4862 8773//4862 9127//4862 8918//4862
f 8532//4865 8918//4865 9128//4865 8774//4865
f 8532//4865 8774//4865 9072//4865 8804//4865
f 8533//4858 8805//4858 9070//4858 8772//4858
f 8533//4858 8772//4858 9126//4858 8919//4858
f 8533//4861 8919//4861 9127//4861 8773//4861
f 8533//4861 8773//4861 9071//4861 8805//4861
f 8534//4854 8806//4854 9069//4854 8771//4854
f 8534//4854 8771//4854 9125//4854 8920//4854
f 8534//4857 8920//4857 9126//4857 8772//4857
f 8534//4857 8772//4857 9070//4857 8806//4857
f 8535//4850 8807//4850 9068//4850 8770//4850
f 8535//4850 8770//4850 9124//4850 8921//4850
f 8535//4853 8921//4853 9125//4853 8771//4853
f 8535//4853 8771//4853 9069//4853 8807//4853
f 8536//4846 8808//4846 9067//4846 8769//4846
f 8536//4846 8769//4846 9123//4846 8922//4846
f 8536//4849 8922//4849 9124//4849 8770//4849
f 8536//4849 8770//4849 9068//4849 8808//4849
f 8537//4842 8809//4842 9066//4842 8768//4842
f 8537//4842 8768//4842 9122//4842 8923//4842
f 8537//4845 8923//4845 9123//4845 8769//4845
f 8537//4845 8769//4845 9067//4845 8809//4845
f 8538//4838 8810//4838 9086//4838 8788//4838
f 8538//4838 8788//4838 9140//4838 8924//4838
f 8538//4841 8924//4841 9122//4841 8768//4841
f 8538//4841 8768//4841 9066//4841 8810//4841
f 8539//4834 8811//4834 9064//4834 8766//4834
f 8539//4834 8766//4834 9120//4834 8925//4834
f 8539//4837 8925//4837 9121//4837 8767//4837
f 8539//4837 8767//4837 9065//4837 8811//4837
f 8540//4830 8812//4830 9063//4830 8765//4830
f 8540//4830 8765//4830 9119//4830 8926//4830
f 8540//4833 8926//4833 9120//4833 8766//4833
f 8540//4833 8766//4833 9064//4833 8812//4833
f 8541//4826 8813//4826 9062//4826 8764//4826
f 8541//4826 8764//4826 9118//4826 8927//4826
f 8541//4829 8927//4829 9119//4829 8765//4829
f 8541//4829 8765//4829 9063//4829 8813//4829
f 8542//4822 8814//4822 9061//4822 8763//4822
f 8542//4822 8763//4822 9117//4822 8928//4822
f 8542//4825 8928//4825 9118//4825 8764//4825
f 8542//4825 8764//4825 9062//4825 8814//4825
f 8543//4818 8815//4818 9060//4818 8762//4818
f 8543//4818 8762//4818 9116//4818 8929//4818
f 8543//4821 8929//4821 9117//4821 8763//4821
f 8543//4821 8763//4821 9061//4821 8815//4821
f 8544//4814 8816//4814 9059//4814 8761//4814
f 8544//4814 8761//4814 9115//4814 8930//4814
f 8544//4817 8930//4817 9116//4817 8762//4817
f 8544//4817 8762//4817 9060//4817 8816//4817
f 8545//4810 8817//4810 9058//4810 8760//4810
f 8545//4810 8760//4810 9114//4810 8931//4810
f 8545//4813 8931//4813 9115//4813 8761//4813
f 8545//4813 8761//4813 9059//4813 8817//4813
f 8546//4806 8818//4806 9057//4806 8759//4806
f 8546//4806 8759//4806 9113//4806 8932//4806
f 8546//4809 8932//4809 9114//4809 8760//4809
f 8546//4809 8760//4809 9058//4809 8818//4809
f 8547//4802 8819//4802 9056//4802 8758//4802
f 8547//4802 8758//4802 9112//4802 8933//4802
f 8547//4805 8933//4805 9113//4805 8759//4805
f 8547//4805 8759//4805 9057//4805 8819//4805
f 8548//4798 8820//4798 9055//4798 8757//4798
f 8548//4798 8757//4798 9111//4798 8934//4798
f 8548//4801 8934//4801 9112//4801 8758//4801
f 8548//4801 8758//4801 9056//4801 8820//4801
f 8549//4794 8821//4794 9054//4794 8756//4794
f 8549//4794 8756//4794 9110//4794 8935//4794
f 8549//4797 8935//4797 9111//4797 8757//4797
f 8549//4797 8757//4797 9055//4797 8821//4797
f 8550//4790 8822//4790 9053//4790 8755//4790
f 8550//4790 8755//4790 9109//4790 8936//4790
f 8550//4793 8936//4793 9110//4793 8756//4793
f 8550//4793 8756//4793 9054//4793 8822//4793
f 8551//4786 8823//4786 9052//4786 8754//4786
f 8551//4786 8754//4786 9108//4786 8937//4786
f 8551//4789 8937//4789 9109//4789 8755//4789
f 8551//4789 8755//4789 9053//4789 8823//4789
f 8552//4782 8824//4782 9051//4782 8753//4782
f 8552//4782 8753//4782 9107//4782 8938//4782
f 8552//4785 8938//4785 9108//4785 8754//4785
f 8552//4785 8754//4785 9052//4785 8824//4785
f 8553//4779 8825//4779 9050//4779 8752//4779
f 8553//4779 8752//4779 9106//4779 8939//4779
f 8553//4778 8939//4778 9107//4778 8753//4778
f 8553//4778 8753//4778 9051//4778 8825//4778
f 8554//4775 8826//4775 9099//4775 8856//4775
f 8554//4775 8856//4775 9144//4775 8940//4775
f 8554//4778 8940//4778 9106//4778 8752//4778
f 8554//4778 8752//4778 9050//4778 8826//4778
